TableName,Key,Text
ConspiracyTheoryTalk_en,No101/Lv2/1/NAME,Yunyun
ConspiracyTheoryTalk_en,No101/Lv2/1/TEXT,Are artificial earthquakes even a real thing?
ConspiracyTheoryTalk_en,No101/Lv2/2/NAME,Q-chan
ConspiracyTheoryTalk_en,No101/Lv2/2/TEXT,There was a time when I would see the internet joke about nuclear tests being done under university campuses a lot.
ConspiracyTheoryTalk_en,No101/Lv3/1/NAME,Yunyun
ConspiracyTheoryTalk_en,No101/Lv3/1/TEXT,"If the news is true, Q-chan's conspiracy theory just made the world a little bit better!!"
ConspiracyTheoryTalk_en,No101/Lv3/2/NAME,Q-chan
ConspiracyTheoryTalk_en,No101/Lv3/2/TEXT,I hope this means that depressing news stories will stop cutting into the anime block so much.
ConspiracyTheoryTalk_en,No16/Lv1/1/NAME,Q-chan
ConspiracyTheoryTalk_en,No16/Lv1/1/TEXT,"No matter why the scalpers are doing it,
they really should be eliminated."
ConspiracyTheoryTalk_en,No16/Lv1/2/NAME,Yunyun
ConspiracyTheoryTalk_en,No16/Lv1/2/TEXT,"Q-chan, now you're thinking like an Execution Angel!"
ConspiracyTheoryTalk_en,No16/Lv2/1/NAME,Q-chan
ConspiracyTheoryTalk_en,No16/Lv2/1/TEXT,...I can't even count the times I've been forced to suffer for their misdeeds...!!
ConspiracyTheoryTalk_en,No16/Lv2/2/NAME,Yunyun
ConspiracyTheoryTalk_en,No16/Lv2/2/TEXT,Hell hath no fury like an otaku scorned...
ConspiracyTheoryTalk_en,No16/Lv3/1/NAME,Yunyun
ConspiracyTheoryTalk_en,No16/Lv3/1/TEXT,It seems the anti-scalper people are joining with the bad guys just to crush the scalpers.
ConspiracyTheoryTalk_en,No16/Lv3/2/NAME,Q-chan
ConspiracyTheoryTalk_en,No16/Lv3/2/TEXT,"There are definitely people so obsessed they'll do whatever it takes to reach their goals, you know?"
ConspiracyTheoryTalk_en,No25/Lv1/1/NAME,Yunyun
ConspiracyTheoryTalk_en,No25/Lv1/1/TEXT,What is GAFA anyways?
ConspiracyTheoryTalk_en,No25/Lv1/2/NAME,Q-chan
ConspiracyTheoryTalk_en,No25/Lv1/2/TEXT,"Games, Anime, Figures, and Idols. It's a huge media industry with worldwide influence, you know?"
ConspiracyTheoryTalk_en,No25/Lv2/1/NAME,Q-chan
ConspiracyTheoryTalk_en,No25/Lv2/1/TEXT,"Video ads on the net do have a way of getting into your head and staying there, huh?"
ConspiracyTheoryTalk_en,No25/Lv2/2/NAME,Yunyun
ConspiracyTheoryTalk_en,No25/Lv2/2/TEXT,"Hah! Although it may be a virus, maybe its purpose is to spread memes!"
ConspiracyTheoryTalk_en,No25/Lv3/1/NAME,Q-chan
ConspiracyTheoryTalk_en,No25/Lv3/1/TEXT,"...Like thinking the pink heroine is gonna be trouble, or the blue one doesn't have a chance
and stuff...?"
ConspiracyTheoryTalk_en,No25/Lv3/2/NAME,Yunyun
ConspiracyTheoryTalk_en,No25/Lv3/2/TEXT,And the purple one must be a devil!
ConspiracyTheoryTalk_en,No27/Lv1/1/NAME,Q-chan
ConspiracyTheoryTalk_en,No27/Lv1/1/TEXT,...Is it some kind of unlockable achievements system...?
ConspiracyTheoryTalk_en,No27/Lv1/2/NAME,Yunyun
ConspiracyTheoryTalk_en,No27/Lv1/2/TEXT,Feels like trophies in a video game.
ConspiracyTheoryTalk_en,No27/Lv2/1/NAME,Yunyun
ConspiracyTheoryTalk_en,No27/Lv2/1/TEXT,"It's true, civilization has advanced as the population has grown!"
ConspiracyTheoryTalk_en,No27/Lv2/2/NAME,Q-chan
ConspiracyTheoryTalk_en,No27/Lv2/2/TEXT,"Was the chicken first, or the egg? It could also be the advancements that have driven population growth, right?"
ConspiracyTheoryTalk_en,No27/Lv3/1/NAME,Yunyun
ConspiracyTheoryTalk_en,No27/Lv3/1/TEXT,"Apparently, at 10 million times the current population, mankind will get the technology
to spread across the whole galaxy!"
ConspiracyTheoryTalk_en,No27/Lv3/2/NAME,Q-chan
ConspiracyTheoryTalk_en,No27/Lv3/2/TEXT,"Well really, it's not like we could cram everyone
on Earth at that point, right?"
ConspiracyTheoryTalk_en,No28/Lv1/1/NAME,Q-chan
ConspiracyTheoryTalk_en,No28/Lv1/1/TEXT,"That's true. If the needles are made of silver, they'll cause damage to vampires, won't they?"
ConspiracyTheoryTalk_en,No28/Lv1/2/NAME,Yunyun
ConspiracyTheoryTalk_en,No28/Lv1/2/TEXT,Werewolves should be careful not to get caught up in it too!
ConspiracyTheoryTalk_en,No28/Lv2/1/NAME,Q-chan
ConspiracyTheoryTalk_en,No28/Lv2/1/TEXT,"Fantasy, nakige, moé, nekomimi!
Vampire media is always so much fun!"
ConspiracyTheoryTalk_en,No28/Lv2/2/NAME,Yunyun
ConspiracyTheoryTalk_en,No28/Lv2/2/TEXT,I feel like one of those doesn't belong with the others...
ConspiracyTheoryTalk_en,No28/Lv3/1/NAME,Q-chan
ConspiracyTheoryTalk_en,No28/Lv3/1/TEXT,"Ah! If I became a vampire I could actually justify being a hikikomori, AND I'd have time to clear my anime and gaming backlog!"
ConspiracyTheoryTalk_en,No28/Lv3/2/NAME,Yunyun
ConspiracyTheoryTalk_en,No28/Lv3/2/TEXT,"Vampires also have to go outside to suck blood, though."
ConspiracyTheoryTalk_en,No29/Lv1/1/NAME,Yunyun
ConspiracyTheoryTalk_en,No29/Lv1/1/TEXT,"Q-chan, do you remember your first love?"
ConspiracyTheoryTalk_en,No29/Lv1/2/NAME,Q-chan
ConspiracyTheoryTalk_en,No29/Lv1/2/TEXT,"You’re my first and only, Yunyun!"
ConspiracyTheoryTalk_en,No29/Lv2/1/NAME,Q-chan
ConspiracyTheoryTalk_en,No29/Lv2/1/TEXT,"Mama likes villains and devilish little princesses, you know?"
ConspiracyTheoryTalk_en,No29/Lv2/2/NAME,Yunyun
ConspiracyTheoryTalk_en,No29/Lv2/2/TEXT,Ehen! Yunyun is both a villain AND a little devil!
ConspiracyTheoryTalk_en,No29/Lv3/1/NAME,Q-chan
ConspiracyTheoryTalk_en,No29/Lv3/1/TEXT,"So I learned this from a PC game, but apparently there's a religion that says misfortune is all a curse caused by your first love."
ConspiracyTheoryTalk_en,No29/Lv3/2/NAME,Yunyun
ConspiracyTheoryTalk_en,No29/Lv3/2/TEXT,"Since your first love was Yunyun, do you think maybe our current situation is a curse too?"
ConspiracyTheoryTalk_en,No30/Lv1/1/NAME,Q-chan
ConspiracyTheoryTalk_en,No30/Lv1/1/TEXT,"HO. LY. CRAP! This one has to be true!!
I just know we'll prove this if we investigate!"
ConspiracyTheoryTalk_en,No30/Lv1/2/NAME,Yunyun
ConspiracyTheoryTalk_en,No30/Lv1/2/TEXT,"Please teach us, wise one!"
ConspiracyTheoryTalk_en,No30/Lv2/1/NAME,Q-chan
ConspiracyTheoryTalk_en,No30/Lv2/1/TEXT,"Give thanks 10,000 times a day and leave your moé songs on repeat!"
ConspiracyTheoryTalk_en,No30/Lv2/2/NAME,Yunyun
ConspiracyTheoryTalk_en,No30/Lv2/2/TEXT,Say goodbye to reality!
ConspiracyTheoryTalk_en,No30/Lv3/1/NAME,Q-chan
ConspiracyTheoryTalk_en,No30/Lv3/1/TEXT,"Listening to moé words in denpa songs feels like cleansing the soul, doesn't it?"
ConspiracyTheoryTalk_en,No30/Lv3/2/NAME,Yunyun
ConspiracyTheoryTalk_en,No30/Lv3/2/TEXT,The mantra of moé!
ConspiracyTheoryTalk_en,No31/Lv1/1/NAME,Q-chan
ConspiracyTheoryTalk_en,No31/Lv1/1/TEXT,"I'm sure people with gamer brain would keep practicing their speedrunning even in hell,
don't you think?"
ConspiracyTheoryTalk_en,No31/Lv1/2/NAME,Yunyun
ConspiracyTheoryTalk_en,No31/Lv1/2/TEXT,"...The death match of Sañjīva, Sisyphus pulling the stone... Maybe someone wrote strategy guides for those things?"
ConspiracyTheoryTalk_en,No31/Lv2/1/NAME,Yunyun
ConspiracyTheoryTalk_en,No31/Lv2/1/TEXT,"Q-chan, what kinds of games do you like?"
ConspiracyTheoryTalk_en,No31/Lv2/2/NAME,Q-chan
ConspiracyTheoryTalk_en,No31/Lv2/2/TEXT,"Galge, rhythm games, parry combat games?
I like games that reward you for hitting buttons with the right timing!"
ConspiracyTheoryTalk_en,No31/Lv3/1/NAME,Q-chan
ConspiracyTheoryTalk_en,No31/Lv3/1/TEXT,“I Beat the Speedrun Record for Sai no Kawara and Was Reincarnated in the Modern Age as a Peerless Pro-gamer Prodigy!”
ConspiracyTheoryTalk_en,No31/Lv3/2/NAME,Yunyun
ConspiracyTheoryTalk_en,No31/Lv3/2/TEXT,Would make a perfect Narou-style light novel or web toon.
ConspiracyTheoryTalk_en,No32/Lv1/1/NAME,Yunyun
ConspiracyTheoryTalk_en,No32/Lv1/1/TEXT,Adding “late night” makes you feel like it's something underground and secret.
ConspiracyTheoryTalk_en,No32/Lv1/2/NAME,Q-chan
ConspiracyTheoryTalk_en,No32/Lv1/2/TEXT,Having to sneak around to watch TV without Mama catching me did get the heart pounding.
ConspiracyTheoryTalk_en,No32/Lv2/1/NAME,Yunyun
ConspiracyTheoryTalk_en,No32/Lv2/1/TEXT,"When you think of late night anime sponsors,
it's mostly record labels and mechandise manufacturers."
ConspiracyTheoryTalk_en,No32/Lv2/2/NAME,Q-chan
ConspiracyTheoryTalk_en,No32/Lv2/2/TEXT,Hymns and idol worship... Maybe it does have all the basic components of religion?
ConspiracyTheoryTalk_en,No32/Lv3/1/NAME,Q-chan
ConspiracyTheoryTalk_en,No32/Lv3/1/TEXT,"If late night anime is a Satanist sabbath, does that make all fictional characters demons?"
ConspiracyTheoryTalk_en,No32/Lv3/2/NAME,Yunyun
ConspiracyTheoryTalk_en,No32/Lv3/2/TEXT,"Tempting people and taking their time; fantasies that eat away at your lifespan... In a way, maybe they're about the same?"
ConspiracyTheoryTalk_en,No33/Lv1/1/NAME,Q-chan
ConspiracyTheoryTalk_en,No33/Lv1/1/TEXT,"Stories about humans coming from outer space
are pretty common, huh? Like with alien stuff or cyberpunk RPGs."
ConspiracyTheoryTalk_en,No33/Lv1/2/NAME,Yunyun
ConspiracyTheoryTalk_en,No33/Lv1/2/TEXT,The creator is ultimately the one responsible!
ConspiracyTheoryTalk_en,No33/Lv2/1/NAME,Yunyun
ConspiracyTheoryTalk_en,No33/Lv2/1/TEXT,Marriage in fiction feels like its own world that takes place after the credits.
ConspiracyTheoryTalk_en,No33/Lv2/2/NAME,Q-chan
ConspiracyTheoryTalk_en,No33/Lv2/2/TEXT,"True, there don't seem to be a lot that go all the way to marriage. You always get that stuff in numbered sequels or spin-offs, right?"
ConspiracyTheoryTalk_en,No33/Lv3/1/NAME,Q-chan
ConspiracyTheoryTalk_en,No33/Lv3/1/TEXT,"If marriage is a punishment, shouldn't it be impossible to get a quick divorce?"
ConspiracyTheoryTalk_en,No33/Lv3/2/NAME,Yunyun
ConspiracyTheoryTalk_en,No33/Lv3/2/TEXT,That's why vows include “till death do us part.”
ConspiracyTheoryTalk_en,No34/Lv1/1/NAME,Q-chan
ConspiracyTheoryTalk_en,No34/Lv1/1/TEXT,"I don't really understand the philosophical zombies thing, but parents are really something, huh? They make such big sacrifices for their children."
ConspiracyTheoryTalk_en,No34/Lv1/2/NAME,Yunyun
ConspiracyTheoryTalk_en,No34/Lv1/2/TEXT,............
ConspiracyTheoryTalk_en,No34/Lv2/1/NAME,Q-chan
ConspiracyTheoryTalk_en,No34/Lv2/1/TEXT,"Of course there's genetics, but parents also have a huge impact on your personality and how you act, don't they?"
ConspiracyTheoryTalk_en,No34/Lv2/2/NAME,Yunyun
ConspiracyTheoryTalk_en,No34/Lv2/2/TEXT,............
ConspiracyTheoryTalk_en,No34/Lv3/1/NAME,Q-chan
ConspiracyTheoryTalk_en,No34/Lv3/1/TEXT,Are children so precious to parents that they'd be willing to sacrifice everything for them?
ConspiracyTheoryTalk_en,No34/Lv3/2/NAME,Yunyun
ConspiracyTheoryTalk_en,No34/Lv3/2/TEXT,............
ConspiracyTheoryTalk_en,No35/Lv1/1/NAME,Yunyun
ConspiracyTheoryTalk_en,No35/Lv1/1/TEXT,"Q-chan, have you been outside recently?"
ConspiracyTheoryTalk_en,No35/Lv1/2/NAME,Q-chan
ConspiracyTheoryTalk_en,No35/Lv1/2/TEXT,"Ahaha. They call them miracles because they don't come true, you know?"
ConspiracyTheoryTalk_en,No35/Lv2/1/NAME,Yunyun
ConspiracyTheoryTalk_en,No35/Lv2/1/TEXT,"Even if this conspiracy is true, it doesn't affect a noctural hikikomori like you, Q-chan!"
ConspiracyTheoryTalk_en,No35/Lv2/2/NAME,Q-chan
ConspiracyTheoryTalk_en,No35/Lv2/2/TEXT,...U...Uguu...
ConspiracyTheoryTalk_en,No35/Lv3/1/NAME,Yunyun
ConspiracyTheoryTalk_en,No35/Lv3/1/TEXT,It sounds like lots of people might be going nocturnal now.
ConspiracyTheoryTalk_en,No35/Lv3/2/NAME,Q-chan
ConspiracyTheoryTalk_en,No35/Lv3/2/TEXT,"Bring it on, you common ilk! Abandon your common sense and come at me!"
ConspiracyTheoryTalk_en,No36/Lv1/1/NAME,Yunyun
ConspiracyTheoryTalk_en,No36/Lv1/1/TEXT,"Q-chan, were there any ghost stories at your school?"
ConspiracyTheoryTalk_en,No36/Lv1/2/NAME,Q-chan
ConspiracyTheoryTalk_en,No36/Lv1/2/TEXT,I'm not sure. There was a weird thing in middle school where my indoor shoes kept going missing.
ConspiracyTheoryTalk_en,No36/Lv2/1/NAME,Yunyun
ConspiracyTheoryTalk_en,No36/Lv2/1/TEXT,I don't really get what “social outcast cosplay” means.
ConspiracyTheoryTalk_en,No36/Lv2/2/NAME,Q-chan
ConspiracyTheoryTalk_en,No36/Lv2/2/TEXT,"No matter how much they cosplay, they'll never have the aura or the emotional damage of the real thing, you know?"
ConspiracyTheoryTalk_en,No36/Lv3/1/NAME,Yunyun
ConspiracyTheoryTalk_en,No36/Lv3/1/TEXT,"Q-chan, are there people you resent for not helping when thing happened to you at school?"
ConspiracyTheoryTalk_en,No36/Lv3/2/NAME,Q-chan
ConspiracyTheoryTalk_en,No36/Lv3/2/TEXT,It was too painful to even spare a thought about hating anyone.
ConspiracyTheoryTalk_en,No37/Lv1/1/NAME,Yunyun
ConspiracyTheoryTalk_en,No37/Lv1/1/TEXT,"When it comes to comment wars online,
what's even the right way to respond?"
ConspiracyTheoryTalk_en,No37/Lv1/2/NAME,Q-chan
ConspiracyTheoryTalk_en,No37/Lv1/2/TEXT,I think in flame wars it's less about winning and more just trying not to lose.
ConspiracyTheoryTalk_en,No37/Lv2/1/NAME,Yunyun
ConspiracyTheoryTalk_en,No37/Lv2/1/TEXT,It seems the internet is going at it again today.
ConspiracyTheoryTalk_en,No37/Lv2/2/NAME,Q-chan
ConspiracyTheoryTalk_en,No37/Lv2/2/TEXT,"This world is 50.78% anger and 44.2% hatred. As for what remains, 4.493% is filled with Yunyun,
you know?"
ConspiracyTheoryTalk_en,No37/Lv3/1/NAME,Yunyun
ConspiracyTheoryTalk_en,No37/Lv3/1/TEXT,"The dark god was supposed to descend today,
but nothing happened!"
ConspiracyTheoryTalk_en,No37/Lv3/2/NAME,Q-chan
ConspiracyTheoryTalk_en,No37/Lv3/2/TEXT,Too bad. I guess God really doesn't exist after all.
ConspiracyTheoryTalk_en,No38/Lv1/1/NAME,Yunyun
ConspiracyTheoryTalk_en,No38/Lv1/1/TEXT,Never getting to see the end of a story always leaves you feeling so empty.
ConspiracyTheoryTalk_en,No38/Lv1/2/NAME,Q-chan
ConspiracyTheoryTalk_en,No38/Lv1/2/TEXT,"Makes you feel bad for the people in those worlds, huh?"
ConspiracyTheoryTalk_en,No38/Lv2/1/NAME,Yunyun
ConspiracyTheoryTalk_en,No38/Lv2/1/TEXT,"If you could read the next part of something that was canceled, which one would you want to see?"
ConspiracyTheoryTalk_en,No38/Lv2/2/NAME,Q-chan
ConspiracyTheoryTalk_en,No38/Lv2/2/TEXT,"If you go beyond manga, there are also one cour anime, light novels stuck waiting on their third entry... There's just too much to choose from!"
ConspiracyTheoryTalk_en,No38/Lv3/1/NAME,Yunyun
ConspiracyTheoryTalk_en,No38/Lv3/1/TEXT,"If you could read the sequel to Execution Angel † Guiltina, would that make you happy, Q-chan?"
ConspiracyTheoryTalk_en,No38/Lv3/2/NAME,Q-chan
ConspiracyTheoryTalk_en,No38/Lv3/2/TEXT,"There is a part of me that would love to see you in action again, but... It already tied itself up so beautifully that thinking about forcing a sequel gives me mixed feelings."
ConspiracyTheoryTalk_en,No39/Lv1/1/NAME,Yunyun
ConspiracyTheoryTalk_en,No39/Lv1/1/TEXT,What do they mean by “AND YOU?”
ConspiracyTheoryTalk_en,No39/Lv1/2/NAME,Q-chan
ConspiracyTheoryTalk_en,No39/Lv1/2/TEXT,It's like saying “thank you for playing” at the end of a game.
ConspiracyTheoryTalk_en,No39/Lv2/1/NAME,Yunyun
ConspiracyTheoryTalk_en,No39/Lv2/1/TEXT,"Q-chan, are you the kind of person who watches all the way through the staff roll?"
ConspiracyTheoryTalk_en,No39/Lv2/2/NAME,Q-chan
ConspiracyTheoryTalk_en,No39/Lv2/2/TEXT,"Of course I am! With both games and movies,
you just have to savor the experience at the end,
right?"
ConspiracyTheoryTalk_en,No39/Lv3/1/NAME,Yunyun
ConspiracyTheoryTalk_en,No39/Lv3/1/TEXT,"Game credits sometimes list a really huge number of people, huh?"
ConspiracyTheoryTalk_en,No39/Lv3/2/NAME,Q-chan
ConspiracyTheoryTalk_en,No39/Lv3/2/TEXT,"Games are works of art that bring entire worlds
to life, so maybe that's why they can end up so demanding to make, don't you think?"
ConspiracyTheoryTalk_en,No41/Lv1/1/NAME,Yunyun
ConspiracyTheoryTalk_en,No41/Lv1/1/TEXT,"Q-chan, don't you ever do streams or make videos?"
ConspiracyTheoryTalk_en,No41/Lv1/2/NAME,Q-chan
ConspiracyTheoryTalk_en,No41/Lv1/2/TEXT,"After turning away from society and becoming a hikikomori, there's no way I could put myself through something that scary, you know?"
ConspiracyTheoryTalk_en,No41/Lv2/1/NAME,Yunyun
ConspiracyTheoryTalk_en,No41/Lv2/1/TEXT,"Q-chan, have you ever thought of doing something like Super Chats to collect money from your Denpa Antennas?"
ConspiracyTheoryTalk_en,No41/Lv2/2/NAME,Q-chan
ConspiracyTheoryTalk_en,No41/Lv2/2/TEXT,I'm just happy to get to spread my love for Yunyun.
ConspiracyTheoryTalk_en,No41/Lv3/1/NAME,Yunyun
ConspiracyTheoryTalk_en,No41/Lv3/1/TEXT,"Streams and gaming videos are really popular these days, huh?"
ConspiracyTheoryTalk_en,No41/Lv3/2/NAME,Q-chan
ConspiracyTheoryTalk_en,No41/Lv3/2/TEXT,"Yeah. But, I'm only interested in you, Yunyun."
ConspiracyTheoryTalk_en,No42/Lv1/1/NAME,Yunyun
ConspiracyTheoryTalk_en,No42/Lv1/1/TEXT,"To begin with, what even is a VeriChip?"
ConspiracyTheoryTalk_en,No42/Lv1/2/NAME,Q-chan
ConspiracyTheoryTalk_en,No42/Lv1/2/TEXT,It's a microchip that gets implanted in the body.
ConspiracyTheoryTalk_en,No42/Lv2/1/NAME,Yunyun
ConspiracyTheoryTalk_en,No42/Lv2/1/TEXT,"Even if cat cuteness is pure evil, the urge to pet them will still be impossible to resist!"
ConspiracyTheoryTalk_en,No42/Lv2/2/NAME,Q-chan
ConspiracyTheoryTalk_en,No42/Lv2/2/TEXT,"“Dote up a cat,” right!?"
ConspiracyTheoryTalk_en,No42/Lv3/1/NAME,Yunyun
ConspiracyTheoryTalk_en,No42/Lv3/1/TEXT,Cats are a mystery. That cuteness must be packed with the mysteries of the universe!
ConspiracyTheoryTalk_en,No42/Lv3/2/NAME,Q-chan
ConspiracyTheoryTalk_en,No42/Lv3/2/TEXT,I've heard there's a mysterious formula that says if you take a maiden's heart out of infinity you get the square root of cat ears.
ConspiracyTheoryTalk_en,No43/Lv1/1/NAME,Yunyun
ConspiracyTheoryTalk_en,No43/Lv1/1/TEXT,"Q-chan, do you think that summers have been getting hotter?"
ConspiracyTheoryTalk_en,No43/Lv1/2/NAME,Q-chan
ConspiracyTheoryTalk_en,No43/Lv1/2/TEXT,Huh. I wonder. Though Mama does get angry about the electric bill going up.
ConspiracyTheoryTalk_en,No43/Lv2/1/NAME,Yunyun
ConspiracyTheoryTalk_en,No43/Lv2/1/TEXT,"What does summer make you think of, Q-chan?"
ConspiracyTheoryTalk_en,No43/Lv2/2/NAME,Q-chan
ConspiracyTheoryTalk_en,No43/Lv2/2/TEXT,Machine guns! That or... Summer! The beach! Sukumizu～?
ConspiracyTheoryTalk_en,No43/Lv3/1/NAME,Yunyun
ConspiracyTheoryTalk_en,No43/Lv3/1/TEXT,"Are human memories that unreliable...?
Hey, Q-chan, do you remember anything
about last summer?"
ConspiracyTheoryTalk_en,No43/Lv3/2/NAME,Q-chan
ConspiracyTheoryTalk_en,No43/Lv3/2/TEXT,"I'm the kind of person who can't even tell the difference between days of the week, let alone seasons."
ConspiracyTheoryTalk_en,No44/Lv1/1/NAME,Yunyun
ConspiracyTheoryTalk_en,No44/Lv1/1/TEXT,"I can't imagine you ever losing focus when you're really excited about something, Q-chan!"
ConspiracyTheoryTalk_en,No44/Lv1/2/NAME,Q-chan
ConspiracyTheoryTalk_en,No44/Lv1/2/TEXT,The denpa of love yields to naught!
ConspiracyTheoryTalk_en,No44/Lv2/1/NAME,Yunyun
ConspiracyTheoryTalk_en,No44/Lv2/1/TEXT,"If parallel worlds do exist, what kind of world would you want to visit, Q-chan?"
ConspiracyTheoryTalk_en,No44/Lv2/2/NAME,Q-chan
ConspiracyTheoryTalk_en,No44/Lv2/2/TEXT,"Maybe if there's a world where Mama loves me more, that might be tempting?"
ConspiracyTheoryTalk_en,No44/Lv3/1/NAME,Yunyun
ConspiracyTheoryTalk_en,No44/Lv3/1/TEXT,"If the world starts fresh every five minutes,
does that mean “love” is also a fabrication?"
ConspiracyTheoryTalk_en,No44/Lv3/2/NAME,Q-chan
ConspiracyTheoryTalk_en,No44/Lv3/2/TEXT,"You just love the things that you love and there's nothing to do about it!! Whether those memories are real or fabricated, that love doesn't change!"
ConspiracyTheoryTalk_en,No45/Lv1/1/NAME,Q-chan
ConspiracyTheoryTalk_en,No45/Lv1/1/TEXT,"Come to think of it, I never actually signed a contract with you or anything, is that not a problem?"
ConspiracyTheoryTalk_en,No45/Lv1/2/NAME,Yunyun
ConspiracyTheoryTalk_en,No45/Lv1/2/TEXT,The contract is sealed once both parties are in agreement. The way we connect through denpa and our time spent together have fulfilled that.
ConspiracyTheoryTalk_en,No45/Lv2/1/NAME,Q-chan
ConspiracyTheoryTalk_en,No45/Lv2/1/TEXT,"Huh, do devils also have lifespans?"
ConspiracyTheoryTalk_en,No45/Lv2/2/NAME,Yunyun
ConspiracyTheoryTalk_en,No45/Lv2/2/TEXT,"Devils—all fictional beings really—are immortal
so long as people remember us!"
ConspiracyTheoryTalk_en,No45/Lv3/1/NAME,Q-chan
ConspiracyTheoryTalk_en,No45/Lv3/1/TEXT,"Thanatophobia is the word, right? The thought of ceasing to exist someday is a little scary, isn't it?"
ConspiracyTheoryTalk_en,No45/Lv3/2/NAME,Yunyun
ConspiracyTheoryTalk_en,No45/Lv3/2/TEXT,"Yunyun will stay with your soul forever, Q-chan.
So you'll never have to be alone. Don't worry!"
ConspiracyTheoryTalk_en,No46/Lv1/1/NAME,Yunyun
ConspiracyTheoryTalk_en,No46/Lv1/1/TEXT,"Come to think of it, I heard that birds descend from dinosaurs."
ConspiracyTheoryTalk_en,No46/Lv1/2/NAME,Q-chan
ConspiracyTheoryTalk_en,No46/Lv1/2/TEXT,"Is that right? Then, the problem isn't “the chicken or the egg,” but “the chicken or the dinosaur,” huh?"
ConspiracyTheoryTalk_en,No46/Lv2/1/NAME,Q-chan
ConspiracyTheoryTalk_en,No46/Lv2/1/TEXT,"OOPArts are kinda awesome, huh?"
ConspiracyTheoryTalk_en,No46/Lv2/2/NAME,Yunyun
ConspiracyTheoryTalk_en,No46/Lv2/2/TEXT,Kinda like finding a surprise 100 yen coin in your pocket?
ConspiracyTheoryTalk_en,No46/Lv3/1/NAME,Yunyun
ConspiracyTheoryTalk_en,No46/Lv3/1/TEXT,"There's been a lot of talk about viruses lately! Q-chan, make sure you take care of yourself out there too!"
ConspiracyTheoryTalk_en,No46/Lv3/2/NAME,Q-chan
ConspiracyTheoryTalk_en,No46/Lv3/2/TEXT,"I live in an isolated world, so I'm all clear!"
ConspiracyTheoryTalk_en,No47/Lv1/1/NAME,Yunyun
ConspiracyTheoryTalk_en,No47/Lv1/1/TEXT,Wow... Making clouds with your sweat is really amazing!
ConspiracyTheoryTalk_en,No47/Lv1/2/NAME,Q-chan
ConspiracyTheoryTalk_en,No47/Lv1/2/TEXT,And apparently they do actually meet the meteorological definition of “clouds.”
ConspiracyTheoryTalk_en,No47/Lv2/1/NAME,Yunyun
ConspiracyTheoryTalk_en,No47/Lv2/1/TEXT,I've heard lots of paranormal events happen around lakes and stuff!
ConspiracyTheoryTalk_en,No47/Lv2/2/NAME,Q-chan
ConspiracyTheoryTalk_en,No47/Lv2/2/TEXT,Apparently there was a French scientist who proposed that water retains the memory of everything that has dissolved into it.
ConspiracyTheoryTalk_en,No47/Lv3/1/NAME,Yunyun
ConspiracyTheoryTalk_en,No47/Lv3/1/TEXT,"If the heat is so bad that it's even making clouds, why do people still go to these events?"
ConspiracyTheoryTalk_en,No47/Lv3/2/NAME,Q-chan
ConspiracyTheoryTalk_en,No47/Lv3/2/TEXT,"“Something like that could never stop my aspirations,” is what they say!"
ConspiracyTheoryTalk_en,No48/Lv1/1/NAME,Yunyun
ConspiracyTheoryTalk_en,No48/Lv1/1/TEXT,"Come to think of it, Yunyun has a Wiki too!"
ConspiracyTheoryTalk_en,No48/Lv1/2/NAME,Q-chan
ConspiracyTheoryTalk_en,No48/Lv1/2/TEXT,"...Fufufu... I have a great suggestion for you:
why not become a Yunyun fan yourself!?"
ConspiracyTheoryTalk_en,No48/Lv2/1/NAME,Yunyun
ConspiracyTheoryTalk_en,No48/Lv2/1/TEXT,It's always such a rush going down the Wiki rabbit hole!
ConspiracyTheoryTalk_en,No48/Lv2/2/NAME,Q-chan
ConspiracyTheoryTalk_en,No48/Lv2/2/TEXT,"The phrase is basically dead these days, but surfing the web really was fun, huh?"
ConspiracyTheoryTalk_en,No48/Lv3/1/NAME,Yunyun
ConspiracyTheoryTalk_en,No48/Lv3/1/TEXT,"Censored letters... Whenever I see things that trigger the Caligula effect, I always think about the “words you mustn't search.”"
ConspiracyTheoryTalk_en,No48/Lv3/2/NAME,Q-chan
ConspiracyTheoryTalk_en,No48/Lv3/2/TEXT,"Be careful what you search—if you're careless with it, you might get swamped with ads for the stuff!"
ConspiracyTheoryTalk_en,No49/Lv1/1/NAME,Yunyun
ConspiracyTheoryTalk_en,No49/Lv1/1/TEXT,"People talk about being born under this or that star, but maybe satellites also work the same way."
ConspiracyTheoryTalk_en,No49/Lv1/2/NAME,Q-chan
ConspiracyTheoryTalk_en,No49/Lv1/2/TEXT,"Makes sense? A lot of people have become internet addicts since they launched all those satellites,
so maybe that's what's going on."
ConspiracyTheoryTalk_en,No49/Lv2/1/NAME,Yunyun
ConspiracyTheoryTalk_en,No49/Lv2/1/TEXT,"If this new astrology theory is true, then the alignment of satellites could control your fate!"
ConspiracyTheoryTalk_en,No49/Lv2/2/NAME,Q-chan
ConspiracyTheoryTalk_en,No49/Lv2/2/TEXT,...Did my life actually end up like this because of some stupid satellites!?
ConspiracyTheoryTalk_en,No49/Lv3/1/NAME,Yunyun
ConspiracyTheoryTalk_en,No49/Lv3/1/TEXT,"Apparently if a satellite breaks down, the people born under its influence are also affected."
ConspiracyTheoryTalk_en,No49/Lv3/2/NAME,Q-chan
ConspiracyTheoryTalk_en,No49/Lv3/2/TEXT,Makes sense? I can think of one that must be in a serious crisis.
ConspiracyTheoryTalk_en,No50/Lv1/1/NAME,Yunyun
ConspiracyTheoryTalk_en,No50/Lv1/1/TEXT,"Q-chan, is your body completely made from instant foods and energy drinks?"
ConspiracyTheoryTalk_en,No50/Lv1/2/NAME,Q-chan
ConspiracyTheoryTalk_en,No50/Lv1/2/TEXT,"...Then in this life I have no need to cook. With my Unlimited Processed Foods, I will crush all that stands before me!"
ConspiracyTheoryTalk_en,No50/Lv2/1/NAME,Yunyun
ConspiracyTheoryTalk_en,No50/Lv2/1/TEXT,"Q-chan, what instant foods are your favorites?"
ConspiracyTheoryTalk_en,No50/Lv2/2/NAME,Q-chan
ConspiracyTheoryTalk_en,No50/Lv2/2/TEXT,SEAFOOD CUP RAMEN!!!!
ConspiracyTheoryTalk_en,No50/Lv3/1/NAME,Q-chan
ConspiracyTheoryTalk_en,No50/Lv3/1/TEXT,"Yunyun, is it possible the reason I'm able to talk to you now is because of instant foods!?"
ConspiracyTheoryTalk_en,No50/Lv3/2/NAME,Yunyun
ConspiracyTheoryTalk_en,No50/Lv3/2/TEXT,No way! It's thanks to our denpa of love!
ConspiracyTheoryTalk_en,No51/Lv1/1/NAME,Yunyun
ConspiracyTheoryTalk_en,No51/Lv1/1/TEXT,What does it mean by fairies from the ancient internet?
ConspiracyTheoryTalk_en,No51/Lv1/2/NAME,Q-chan
ConspiracyTheoryTalk_en,No51/Lv1/2/TEXT,⊂二二二(^ω^)二⊃ブーン？
ConspiracyTheoryTalk_en,No51/Lv2/1/NAME,Yunyun
ConspiracyTheoryTalk_en,No51/Lv2/1/TEXT,Are people's old blog sites still up do you think?
ConspiracyTheoryTalk_en,No51/Lv2/2/NAME,Q-chan
ConspiracyTheoryTalk_en,No51/Lv2/2/TEXT,"...The last bastion of decency on the internet.
Like that guy's site that used static HTML files
and stuff...?"
ConspiracyTheoryTalk_en,No51/Lv3/1/NAME,Yunyun
ConspiracyTheoryTalk_en,No51/Lv3/1/TEXT,"...For some reason, the digital fairies apparently are all super ripped...!"
ConspiracyTheoryTalk_en,No51/Lv3/2/NAME,Q-chan
ConspiracyTheoryTalk_en,No51/Lv3/2/TEXT,I see. Maybe the ID numbers just got too high?
ConspiracyTheoryTalk_en,No52/Lv1/1/NAME,Yunyun
ConspiracyTheoryTalk_en,No52/Lv1/1/TEXT,"Q-chan, your room has a lot of figures in it too!"
ConspiracyTheoryTalk_en,No52/Lv1/2/NAME,Q-chan
ConspiracyTheoryTalk_en,No52/Lv1/2/TEXT,"Digital is great and all, but I think real otaku want to give what they love physical form, you know?"
ConspiracyTheoryTalk_en,No52/Lv2/1/NAME,Q-chan
ConspiracyTheoryTalk_en,No52/Lv2/1/TEXT,The day I put up my first Yunyun figure was when I felt I'd finally become a 5★ Yunyun otaku!
ConspiracyTheoryTalk_en,No52/Lv2/2/NAME,Yunyun
ConspiracyTheoryTalk_en,No52/Lv2/2/TEXT,"Figure or not, as long as you love Yunyun,
you'll always be a 5★!"
ConspiracyTheoryTalk_en,No52/Lv3/1/NAME,Q-chan
ConspiracyTheoryTalk_en,No52/Lv3/1/TEXT,"Yunyun, do you think maybe I'm able to talk with you like this because I performed a dark god summoning ritual with my figures?"
ConspiracyTheoryTalk_en,No52/Lv3/2/NAME,Yunyun
ConspiracyTheoryTalk_en,No52/Lv3/2/TEXT,"I'm not a dark god, I'm a devil! Besides, what actually connects the two of us is the miracle of denpa!"
ConspiracyTheoryTalk_en,No53/Lv1/1/NAME,Yunyun
ConspiracyTheoryTalk_en,No53/Lv1/1/TEXT,"If the stars are all fake, then that also brings down our chances of meeting aliens to zero!"
ConspiracyTheoryTalk_en,No53/Lv1/2/NAME,Q-chan
ConspiracyTheoryTalk_en,No53/Lv1/2/TEXT,"Though at least falling in love won't get the world covered in meat spores, and we should be safe from sudden alien invasions."
ConspiracyTheoryTalk_en,No53/Lv2/1/NAME,Yunyun
ConspiracyTheoryTalk_en,No53/Lv2/1/TEXT,"If the whole sky is a planetarium, we can make as many shooting stars as we want!"
ConspiracyTheoryTalk_en,No53/Lv2/2/NAME,Q-chan
ConspiracyTheoryTalk_en,No53/Lv2/2/TEXT,It's like a gacha for World Lines!
ConspiracyTheoryTalk_en,No53/Lv3/1/NAME,Yunyun
ConspiracyTheoryTalk_en,No53/Lv3/1/TEXT,I have this image of otaku being really into morse code!
ConspiracyTheoryTalk_en,No53/Lv3/2/NAME,Q-chan
ConspiracyTheoryTalk_en,No53/Lv3/2/TEXT,"I don't like being just like everyone else, but not being able to connect at all isn't good either... Words that only the right people will understand are the best, you know?"
ConspiracyTheoryTalk_en,No54/Lv1/1/NAME,Yunyun
ConspiracyTheoryTalk_en,No54/Lv1/1/TEXT,"Come to think of it Q-chan, aren't you interested at all in VTubers? A lot of them are really cute!"
ConspiracyTheoryTalk_en,No54/Lv1/2/NAME,Q-chan
ConspiracyTheoryTalk_en,No54/Lv1/2/TEXT,"I like them fine, but not as much as Yunyun I guess? VTubers are more like personal documentaries wrapped in 2D."
ConspiracyTheoryTalk_en,No54/Lv2/1/NAME,Yunyun
ConspiracyTheoryTalk_en,No54/Lv2/1/TEXT,"Video platforms keep popping up one after the other, huh?"
ConspiracyTheoryTalk_en,No54/Lv2/2/NAME,Q-chan
ConspiracyTheoryTalk_en,No54/Lv2/2/TEXT,"There are so many that it's exhausting just browsing through them. I miss the Nita Nita
Douga (β) days."
ConspiracyTheoryTalk_en,No54/Lv3/1/NAME,Yunyun
ConspiracyTheoryTalk_en,No54/Lv3/1/TEXT,"Lately the word “reincarnation” seems to pop up everywhere, huh?"
ConspiracyTheoryTalk_en,No54/Lv3/2/NAME,Q-chan
ConspiracyTheoryTalk_en,No54/Lv3/2/TEXT,Because reality is too hard to face.
ConspiracyTheoryTalk_en,No55/Lv1/1/NAME,Yunyun
ConspiracyTheoryTalk_en,No55/Lv1/1/TEXT,Agent... Inco...?
ConspiracyTheoryTalk_en,No55/Lv1/2/NAME,Q-chan
ConspiracyTheoryTalk_en,No55/Lv1/2/TEXT,"I don't know who came up with this one,
but isn't it trying a bit too hard?"
ConspiracyTheoryTalk_en,No55/Lv2/1/NAME,Yunyun
ConspiracyTheoryTalk_en,No55/Lv2/1/TEXT,"Agent Inco's world seems really dark, doesn't it?"
ConspiracyTheoryTalk_en,No55/Lv2/2/NAME,Q-chan
ConspiracyTheoryTalk_en,No55/Lv2/2/TEXT,"We have laws about animal welfare and management, but nothing about animal labor, huh?"
ConspiracyTheoryTalk_en,No55/Lv3/1/NAME,Yunyun
ConspiracyTheoryTalk_en,No55/Lv3/1/TEXT,There are a lot of apps with bird logos.
ConspiracyTheoryTalk_en,No55/Lv3/2/NAME,Q-chan
ConspiracyTheoryTalk_en,No55/Lv3/2/TEXT,"That obnoxiously pushy language app has one too, doesn't it?"
ConspiracyTheoryTalk_en,No56/Lv1/1/NAME,Q-chan
ConspiracyTheoryTalk_en,No56/Lv1/1/TEXT,"Uuu... Even now, just hearing the word “Monday” sends a shiver down my spine."
ConspiracyTheoryTalk_en,No56/Lv1/2/NAME,Yunyun
ConspiracyTheoryTalk_en,No56/Lv1/2/TEXT,I'm sure even God lived in fear of Mondays.
ConspiracyTheoryTalk_en,No56/Lv2/1/NAME,Q-chan
ConspiracyTheoryTalk_en,No56/Lv2/1/TEXT,"There is no respite for a hikikomori NEET.
The guilt that stabs like a bed of nails never leaves."
ConspiracyTheoryTalk_en,No56/Lv2/2/NAME,Yunyun
ConspiracyTheoryTalk_en,No56/Lv2/2/TEXT,"You're trying really hard, Q-chan!
Just living and being happy makes you a 5★!"
ConspiracyTheoryTalk_en,No56/Lv3/1/NAME,Yunyun
ConspiracyTheoryTalk_en,No56/Lv3/1/TEXT,"If this conspiracy leads to everyone getting Mondays off, I'm sure people will be really happy!"
ConspiracyTheoryTalk_en,No56/Lv3/2/NAME,Q-chan
ConspiracyTheoryTalk_en,No56/Lv3/2/TEXT,Right!? Wait... but... What day even is it today?
ConspiracyTheoryTalk_en,No57/Lv1/1/NAME,Q-chan
ConspiracyTheoryTalk_en,No57/Lv1/1/TEXT,Millionaires are NEETs? It is true that you hear about some people with money quietly living out their lives.
ConspiracyTheoryTalk_en,No57/Lv1/2/NAME,Yunyun
ConspiracyTheoryTalk_en,No57/Lv1/2/TEXT,"...Are you maybe one of then, Q-chan...?"
ConspiracyTheoryTalk_en,No57/Lv2/1/NAME,Q-chan
ConspiracyTheoryTalk_en,No57/Lv2/1/TEXT,"Haah... We may both be NEETs, but we are not at all the same, you know?"
ConspiracyTheoryTalk_en,No57/Lv2/2/NAME,Yunyun
ConspiracyTheoryTalk_en,No57/Lv2/2/TEXT,"Q-chan is unique and special, especially to Yunyun,
so of course that's the case!"
ConspiracyTheoryTalk_en,No57/Lv3/1/NAME,Yunyun
ConspiracyTheoryTalk_en,No57/Lv3/1/TEXT,...High-status persons with limitless leisure time...
ConspiracyTheoryTalk_en,No57/Lv3/2/NAME,Q-chan
ConspiracyTheoryTalk_en,No57/Lv3/2/TEXT,WHAT AN AWFUL CONSPIRACY THEORY!!!!
ConspiracyTheoryTalk_en,No58/Lv1/1/NAME,Q-chan
ConspiracyTheoryTalk_en,No58/Lv1/1/TEXT,"Back at our old place, since Papa had signed
us up for it, I got to watch a lot of anime on BS subscription channels."
ConspiracyTheoryTalk_en,No58/Lv1/2/NAME,Yunyun
ConspiracyTheoryTalk_en,No58/Lv1/2/TEXT,Watching through an anime marathon is like its own little festival!
ConspiracyTheoryTalk_en,No58/Lv2/1/NAME,Q-chan
ConspiracyTheoryTalk_en,No58/Lv2/1/TEXT,It looks like I've even made some foreign otaku friends thanks to our shared love for Yunyun!
ConspiracyTheoryTalk_en,No58/Lv2/2/NAME,Yunyun
ConspiracyTheoryTalk_en,No58/Lv2/2/TEXT,The denpa of love crosses all borders!
ConspiracyTheoryTalk_en,No58/Lv3/1/NAME,Yunyun
ConspiracyTheoryTalk_en,No58/Lv3/1/TEXT,It's always sad when you can't watch what you want because of things you can't control.
ConspiracyTheoryTalk_en,No58/Lv3/2/NAME,Q-chan
ConspiracyTheoryTalk_en,No58/Lv3/2/TEXT,"Whether it's anime, games, or novels, I wish everyone could get to enjoy what they want,
you know?"
ConspiracyTheoryTalk_en,No59/Lv1/1/NAME,Yunyun
ConspiracyTheoryTalk_en,No59/Lv1/1/TEXT,"Q-chan, do you use electronic money, too?"
ConspiracyTheoryTalk_en,No59/Lv1/2/NAME,Q-chan
ConspiracyTheoryTalk_en,No59/Lv1/2/TEXT,"Yeah, I use something called BITMOEE. It's really handy for buying digital game downloads, you know?"
ConspiracyTheoryTalk_en,No59/Lv2/1/NAME,Yunyun
ConspiracyTheoryTalk_en,No59/Lv2/1/TEXT,"Q-chan, what do you do when you see something you want?"
ConspiracyTheoryTalk_en,No59/Lv2/2/NAME,Q-chan
ConspiracyTheoryTalk_en,No59/Lv2/2/TEXT,I've been gradually zeroing out the savings I built with my allowance and New Year's gifts.
ConspiracyTheoryTalk_en,No59/Lv3/1/NAME,Yunyun
ConspiracyTheoryTalk_en,No59/Lv3/1/TEXT,Otaku denpa is what keeps the economy going!
ConspiracyTheoryTalk_en,No59/Lv3/2/NAME,Q-chan
ConspiracyTheoryTalk_en,No59/Lv3/2/TEXT,"Hearing stuff like that does make you a bit proud
of your fellow otaku, doesn't it?"
ConspiracyTheoryTalk_en,No60/Lv1/1/NAME,Yunyun
ConspiracyTheoryTalk_en,No60/Lv1/1/TEXT,"“Execution Angel Guiltina” was made for a male audience, so what made you fall in love with it, Q-chan?"
ConspiracyTheoryTalk_en,No60/Lv1/2/NAME,Q-chan
ConspiracyTheoryTalk_en,No60/Lv1/2/TEXT,"Because you're just so moé, Yunyun! In the face of moé, labels like male-oriented, female-oriented, HL, GL, and BL all become irrelevant!"
ConspiracyTheoryTalk_en,No60/Lv2/1/NAME,Q-chan
ConspiracyTheoryTalk_en,No60/Lv2/1/TEXT,"In a world where you could create your ideal child, just as you imagine them, I probably wouldn't have been born, huh?"
ConspiracyTheoryTalk_en,No60/Lv2/2/NAME,Yunyun
ConspiracyTheoryTalk_en,No60/Lv2/2/TEXT,"The miracle of your birth produced a bona fide 5★, Q-chan!"
ConspiracyTheoryTalk_en,No60/Lv3/1/NAME,Q-chan
ConspiracyTheoryTalk_en,No60/Lv3/1/TEXT,"Just thinking about my future, I really can't see myself ever being someone's parent, you know?"
ConspiracyTheoryTalk_en,No60/Lv3/2/NAME,Yunyun
ConspiracyTheoryTalk_en,No60/Lv3/2/TEXT,"Your life is yours to live, Q-chan. As long as you can smile, you don't need to worry about anything else."
ConspiracyTheoryTalk_en,No61/Lv1/1/NAME,Yunyun
ConspiracyTheoryTalk_en,No61/Lv1/1/TEXT,"Q-chan, don't you play any gacha games?"
ConspiracyTheoryTalk_en,No61/Lv1/2/NAME,Q-chan
ConspiracyTheoryTalk_en,No61/Lv1/2/TEXT,"I don't, but if a Yunyun game came out I would?
I'd spend everything I have as tribute to my love!"
ConspiracyTheoryTalk_en,No61/Lv2/1/NAME,Yunyun
ConspiracyTheoryTalk_en,No61/Lv2/1/TEXT,"Denpa songs. Gacha. MAD videos.
The digital world is awash in digital drugs."
ConspiracyTheoryTalk_en,No61/Lv2/2/NAME,Q-chan
ConspiracyTheoryTalk_en,No61/Lv2/2/TEXT,"Still, my favorite digital drug is Yunyun's voice!"
ConspiracyTheoryTalk_en,No61/Lv3/1/NAME,Q-chan
ConspiracyTheoryTalk_en,No61/Lv3/1/TEXT,"Is it really so bad to keep people ignorant anyway?
I think it's easier to smile and be happy if you're a bit naive."
ConspiracyTheoryTalk_en,No61/Lv3/2/NAME,Yunyun
ConspiracyTheoryTalk_en,No61/Lv3/2/TEXT,"Domination・Submission・Beauty.
It's give and take."
ConspiracyTheoryTalk_en,No62/Lv1/1/NAME,Q-chan
ConspiracyTheoryTalk_en,No62/Lv1/1/TEXT,"It's a crazy conspiracy, but it's something you'll run into online sometimes. I'm sure I remember one about Finland not existing too."
ConspiracyTheoryTalk_en,No62/Lv1/2/NAME,Yunyun
ConspiracyTheoryTalk_en,No62/Lv1/2/TEXT,"Seriously...? There are a lot of armchair philosophers out on the internet, huh?"
ConspiracyTheoryTalk_en,No62/Lv2/1/NAME,Q-chan
ConspiracyTheoryTalk_en,No62/Lv2/1/TEXT,"There are a lot of animals out there that you'd think wouldn't exist, you know? Like that beaver that goes, “BWAAAAHHH!”"
ConspiracyTheoryTalk_en,No62/Lv2/2/NAME,Yunyun
ConspiracyTheoryTalk_en,No62/Lv2/2/TEXT,That's a creature that only exists on the internet.
ConspiracyTheoryTalk_en,No62/Lv3/1/NAME,Yunyun
ConspiracyTheoryTalk_en,No62/Lv3/1/TEXT,"Q-chan, do you have a favorite UMA?"
ConspiracyTheoryTalk_en,No62/Lv3/2/NAME,Q-chan
ConspiracyTheoryTalk_en,No62/Lv3/2/TEXT,Does Yunyun count?
ConspiracyTheoryTalk_en,No63/Lv1/1/NAME,Q-chan
ConspiracyTheoryTalk_en,No63/Lv1/1/TEXT,"Sometimes the words otaku throw around are just too obscure to catch, aren't they?"
ConspiracyTheoryTalk_en,No63/Lv1/2/NAME,Yunyun
ConspiracyTheoryTalk_en,No63/Lv1/2/TEXT,It's less like a game of catch and more like you're playing dodgeball.
ConspiracyTheoryTalk_en,No63/Lv2/1/NAME,Q-chan
ConspiracyTheoryTalk_en,No63/Lv2/1/TEXT,"I'm not S faction or M faction, I'm in the Y faction!"
ConspiracyTheoryTalk_en,No63/Lv2/2/NAME,Yunyun
ConspiracyTheoryTalk_en,No63/Lv2/2/TEXT,Fufu. Then Yunyun is in the Q faction!
ConspiracyTheoryTalk_en,No63/Lv3/1/NAME,Q-chan
ConspiracyTheoryTalk_en,No63/Lv3/1/TEXT,"If I copy the way Yunyun speaks, can I also become an adorable, angelic girl yun?"
ConspiracyTheoryTalk_en,No63/Lv3/2/NAME,Yunyun
ConspiracyTheoryTalk_en,No63/Lv3/2/TEXT,Yunyun is a devil though!
ConspiracyTheoryTalk_en,No64/Lv1/1/NAME,Yunyun
ConspiracyTheoryTalk_en,No64/Lv1/1/TEXT,"Q-chan, are you able to handle scary stories?"
ConspiracyTheoryTalk_en,No64/Lv1/2/NAME,Q-chan
ConspiracyTheoryTalk_en,No64/Lv1/2/TEXT,I'm probably about average? Though there was a period I was spending about 22 hours a day reading creepypasta.
ConspiracyTheoryTalk_en,No64/Lv2/1/NAME,Q-chan
ConspiracyTheoryTalk_en,No64/Lv2/1/TEXT,"It's embarrassing to admit, but I used to believe everything I read on the internet, and I even tried summoning a demon once."
ConspiracyTheoryTalk_en,No64/Lv2/2/NAME,Yunyun
ConspiracyTheoryTalk_en,No64/Lv2/2/TEXT,That pure-hearted Q-chan who believed in demons was surely just as cute and wonderful!
ConspiracyTheoryTalk_en,No64/Lv3/1/NAME,Yunyun
ConspiracyTheoryTalk_en,No64/Lv3/1/TEXT,I heard that telling scary stories can actually make the real ghosts appear!
ConspiracyTheoryTalk_en,No64/Lv3/2/NAME,Q-chan
ConspiracyTheoryTalk_en,No64/Lv3/2/TEXT,"I only ever thought about Yunyun, and then you actually showed up... Maybe there's something
to it?"
ConspiracyTheoryTalk_en,No65/Lv1/1/NAME,Q-chan
ConspiracyTheoryTalk_en,No65/Lv1/1/TEXT,"If there can be a theory that the world is made of pasta, then do you think there could be a religion saying Yunyun created the world?"
ConspiracyTheoryTalk_en,No65/Lv1/2/NAME,Yunyun
ConspiracyTheoryTalk_en,No65/Lv1/2/TEXT,A world where PC game characters become gods would be crazy!
ConspiracyTheoryTalk_en,No65/Lv2/1/NAME,Q-chan
ConspiracyTheoryTalk_en,No65/Lv2/1/TEXT,"Come to think of it, apparently Execution Angel † Guiltina is full of spaghetti code."
ConspiracyTheoryTalk_en,No65/Lv2/2/NAME,Yunyun
ConspiracyTheoryTalk_en,No65/Lv2/2/TEXT,As long as it runs!
ConspiracyTheoryTalk_en,No65/Lv3/1/NAME,Q-chan
ConspiracyTheoryTalk_en,No65/Lv3/1/TEXT,"When you watch videos or read articles about astrophysics, you can't help but be overwhelmed by the scale and wonder of the universe, huh?"
ConspiracyTheoryTalk_en,No65/Lv3/2/NAME,Yunyun
ConspiracyTheoryTalk_en,No65/Lv3/2/TEXT,"And that can only happen because you're here to appreciate it, Q-chan!"
ConspiracyTheoryTalk_en,No66/Lv1/1/NAME,Q-chan
ConspiracyTheoryTalk_en,No66/Lv1/1/TEXT,"Taking the DHMO joke as inspiration, do you think we could make even Yunyun sound dangerous?"
ConspiracyTheoryTalk_en,No66/Lv1/2/NAME,Yunyun
ConspiracyTheoryTalk_en,No66/Lv1/2/TEXT,...Everyone who knows about “Yunyun” will die within the next thousand years...!
ConspiracyTheoryTalk_en,No66/Lv2/1/NAME,Yunyun
ConspiracyTheoryTalk_en,No66/Lv2/1/TEXT,"Q-chan, do you not ever drink alcohol?"
ConspiracyTheoryTalk_en,No66/Lv2/2/NAME,Q-chan
ConspiracyTheoryTalk_en,No66/Lv2/2/TEXT,Fufu... Yunyun is even better than alcohol!
ConspiracyTheoryTalk_en,No66/Lv3/1/NAME,Yunyun
ConspiracyTheoryTalk_en,No66/Lv3/1/TEXT,"Eat, drink, and play what you like! A stress-free lifestyle's what's best for your health!"
ConspiracyTheoryTalk_en,No66/Lv3/2/NAME,Q-chan
ConspiracyTheoryTalk_en,No66/Lv3/2/TEXT,As long as I have Yunyun I'm OK!
ConspiracyTheoryTalk_en,No67/Lv1/1/NAME,Yunyun
ConspiracyTheoryTalk_en,No67/Lv1/1/TEXT,It is a bit mysterious how birds always seem to land on power lines.
ConspiracyTheoryTalk_en,No67/Lv1/2/NAME,Q-chan
ConspiracyTheoryTalk_en,No67/Lv1/2/TEXT,"I feel like it's been a long time since I've seen that myself, but it does seem like there's something to this one, huh?"
ConspiracyTheoryTalk_en,No67/Lv2/1/NAME,Q-chan
ConspiracyTheoryTalk_en,No67/Lv2/1/TEXT,Do you think maybe Mama's been getting angry about the electric bill lately because these bird drones have been stealing power...?
ConspiracyTheoryTalk_en,No67/Lv2/2/NAME,Yunyun
ConspiracyTheoryTalk_en,No67/Lv2/2/TEXT,We've found the true culprit!
ConspiracyTheoryTalk_en,No67/Lv3/1/NAME,Yunyun
ConspiracyTheoryTalk_en,No67/Lv3/1/TEXT,"As technology keeps advancing, you never know where, when, or who might be watching you. "
ConspiracyTheoryTalk_en,No67/Lv3/2/NAME,Q-chan
ConspiracyTheoryTalk_en,No67/Lv3/2/TEXT,"To you who are so concerned, might I propose the ultimate form of personal information protection: becoming a hikikomori!"
ConspiracyTheoryTalk_en,No68/Lv1/1/NAME,Q-chan
ConspiracyTheoryTalk_en,No68/Lv1/1/TEXT,"Exploring the unknown is so exciting, isn't it? Makes me think of the first night I dove into the internet!"
ConspiracyTheoryTalk_en,No68/Lv1/2/NAME,Yunyun
ConspiracyTheoryTalk_en,No68/Lv1/2/TEXT,it’atruewolrd!
ConspiracyTheoryTalk_en,No68/Lv2/1/NAME,Yunyun
ConspiracyTheoryTalk_en,No68/Lv2/1/TEXT,"Q-chan, what got you interested in games and the internet in the first place?"
ConspiracyTheoryTalk_en,No68/Lv2/2/NAME,Q-chan
ConspiracyTheoryTalk_en,No68/Lv2/2/TEXT,"I just got curious about the games on Papa's computer—before I knew it I was lost in the
middle of the otaku dark continent."
ConspiracyTheoryTalk_en,No68/Lv3/1/NAME,Q-chan
ConspiracyTheoryTalk_en,No68/Lv3/1/TEXT,"Aliens tend to show up a lot in stories about the arctic, don't they? It really is safest to just stay home and be a hikikomori!"
ConspiracyTheoryTalk_en,No68/Lv3/2/NAME,Yunyun
ConspiracyTheoryTalk_en,No68/Lv3/2/TEXT,"In your case, “Denpa Creature Y from Your Own Delusions” is all you need to worry about!"
ConspiracyTheory_en,INFO_TEXT_LV0_104,"50% of the world believes this conspiracy theory.
That's right... Yunyun, you are my denpa!"
ConspiracyTheory_en,INFO_TEXT_LV1_001,"10% of the world believes this conspiracy theory.
Otaku's delusion power can bring their oshi to life!"
ConspiracyTheory_en,INFO_TEXT_LV1_002,"10% of the world believes this conspiracy theory.
Brain tissue is an antenna for otherworldly signals, don't you know?"
ConspiracyTheory_en,INFO_TEXT_LV1_003,"10% of the world believes this conspiracy theory.
Well～ Cat overlords would be kind of awesome, yeah?"
ConspiracyTheory_en,INFO_TEXT_LV1_004,"10% of the world believes this conspiracy theory.
HAAAAAAAHHHHH!!!"
ConspiracyTheory_en,INFO_TEXT_LV1_005,"10% of the world believes this conspiracy theory.
A pilgrimage transcending time!"
ConspiracyTheory_en,INFO_TEXT_LV1_006,"10% of the world believes this conspiracy theory.
Nakige are life after all!"
ConspiracyTheory_en,INFO_TEXT_LV1_007,"10% of the world believes this conspiracy theory.
Real love is definitely a scam!"
ConspiracyTheory_en,INFO_TEXT_LV1_008,"10% of the world believes this conspiracy theory.
Is it possible no one exists outside of this room?"
ConspiracyTheory_en,INFO_TEXT_LV1_009,"10% of the world believes this conspiracy theory.
While we're playing games, they're playing us, too?"
ConspiracyTheory_en,INFO_TEXT_LV1_010,"10% of the world believes this conspiracy theory.
If Yunyun is God, then I'm her prophet!"
ConspiracyTheory_en,INFO_TEXT_LV1_011,"10% of the world believes this conspiracy theory.
Is there anything that matches the pristine cuteness of Sunday mornings?"
ConspiracyTheory_en,INFO_TEXT_LV1_012,"10% of the world believes this conspiracy theory.
Paid promotions are just “blah blah blah～”"
ConspiracyTheory_en,INFO_TEXT_LV1_013,"10% of the world believes this conspiracy theory.
Straight to the fires!"
ConspiracyTheory_en,INFO_TEXT_LV1_014,"10% of the world believes this conspiracy theory.
What even is a tinfoil hat?"
ConspiracyTheory_en,INFO_TEXT_LV1_015,"10% of the world believes this conspiracy theory.
Bullying? Let's rename it “school crime” instead!"
ConspiracyTheory_en,INFO_TEXT_LV1_016,"10% of the world believes this conspiracy theory.
Maybe scalpers have sad backstories, too?"
ConspiracyTheory_en,INFO_TEXT_LV1_017,"10% of the world believes this conspiracy theory.
Shouldn't they have broken down by now?"
ConspiracyTheory_en,INFO_TEXT_LV1_018,"10% of the world believes this conspiracy theory.
Disappear, you extroverts!"
ConspiracyTheory_en,INFO_TEXT_LV1_019,"10% of the world believes this conspiracy theory.
Let's moé moé kyun to the infinite energy future♡"
ConspiracyTheory_en,INFO_TEXT_LV1_020,"10% of the world believes this conspiracy theory.
Using VR avatars really messes with your head, doesn't it?"
ConspiracyTheory_en,INFO_TEXT_LV1_021,"10% of the world believes this conspiracy theory.
Which means this life is just the tutorial!"
ConspiracyTheory_en,INFO_TEXT_LV1_022,"10% of the world believes this conspiracy theory.
Tone down the vocab or I'll have you committed!"
ConspiracyTheory_en,INFO_TEXT_LV1_023,"10% of the world believes this conspiracy theory.
Maybe more plausible than other universe origin stories?"
ConspiracyTheory_en,INFO_TEXT_LV1_024,"10% of the world believes this conspiracy theory.
Letting numbers run your life is just idiotic, right!?"
ConspiracyTheory_en,INFO_TEXT_LV1_025,"10% of the world believes this conspiracy theory.
What even is is GAFA anyway?"
ConspiracyTheory_en,INFO_TEXT_LV1_026,"10% of the world believes this conspiracy theory.
Remember how retro galge only had, like, 15 or 20 slots?"
ConspiracyTheory_en,INFO_TEXT_LV1_027,"10% of the world believes this conspiracy theory.
Is it like a crowdfunding stretch goal or something?"
ConspiracyTheory_en,INFO_TEXT_LV1_028,"1% of the world believes this conspiracy theory.
PHILOSOPHY HAZARD!!"
ConspiracyTheory_en,INFO_TEXT_LV1_029,"5% of the world believes this conspiracy theory.
Do fans of “Guri & Gura” find domestic skills attractive?"
ConspiracyTheory_en,INFO_TEXT_LV1_030,"5% of the world believes this conspiracy theory.
Soon it'll even work on cancer!"
ConspiracyTheory_en,INFO_TEXT_LV1_031,"5% of the world believes this conspiracy theory.
Always save one for your oshi..."
ConspiracyTheory_en,INFO_TEXT_LV1_032,"5% of the world believes this conspiracy theory.
Late-night anime is an otaku's respite!"
ConspiracyTheory_en,INFO_TEXT_LV1_033,"5% of the world believes this conspiracy theory.
The ring might be what's left of their handcuffs, too!"
ConspiracyTheory_en,INFO_TEXT_LV1_034,"5% of the world believes this conspiracy theory.
Mmmm... Wish there was a return period, huh?"
ConspiracyTheory_en,INFO_TEXT_LV1_035,"5% of the world believes this conspiracy theory.
Does that mean clothes drying out is a sign of submission?"
ConspiracyTheory_en,INFO_TEXT_LV1_036,"5% of the world believes this conspiracy theory.
Maybe the skeleton in our science lab was also to deter delinquents?"
ConspiracyTheory_en,INFO_TEXT_LV1_037,"5% of the world believes this conspiracy theory.
＼(・ω・＼)ＳＡＮ値！(／・ω・)／ピンチ！
Fact check please!"
ConspiracyTheory_en,INFO_TEXT_LV1_038,"5% of the world believes this conspiracy theory.
That manga I loved is still being made somewhere...!?"
ConspiracyTheory_en,INFO_TEXT_LV1_039,"5% of the world believes this conspiracy theory.
So the title that shows up in the credits is..."
ConspiracyTheory_en,INFO_TEXT_LV1_041,"5% of the world believes this conspiracy theory.
Maybe the colors depended on party affiliation!"
ConspiracyTheory_en,INFO_TEXT_LV1_042,"5% of the world believes this conspiracy theory.
Maybe people in fur coats aren't conscious at all?"
ConspiracyTheory_en,INFO_TEXT_LV1_043,"5% of the world believes this conspiracy theory.
I'm not sure I even remember what I ate last night, you know?"
ConspiracyTheory_en,INFO_TEXT_LV1_044,"5% of the world believes this conspiracy theory.
So the world is to blame for me never getting anything done, huh?"
ConspiracyTheory_en,INFO_TEXT_LV1_045,"5% of the world believes this conspiracy theory.
Is that why couples always die first in horror movies...?"
ConspiracyTheory_en,INFO_TEXT_LV1_046,"5% of the world believes this conspiracy theory.
And I bet Colonel Sanders was their leader!"
ConspiracyTheory_en,INFO_TEXT_LV1_047,"5% of the world believes this conspiracy theory.
Guess that means there aren't clouds where people don't live, huh?"
ConspiracyTheory_en,INFO_TEXT_LV1_048,"5% of the world believes this conspiracy theory.
Edits from an IP starting with 404 are a dead giveaway!"
ConspiracyTheory_en,INFO_TEXT_LV1_049,"1% of the world believes this conspiracy theory.
It's like blending sci-fi with divination!"
ConspiracyTheory_en,INFO_TEXT_LV1_050,"1% of the world believes this conspiracy theory.
Cup noodles and energy drinks are the strongest, you know?"
ConspiracyTheory_en,INFO_TEXT_LV1_051,"1% of the world believes this conspiracy theory.
DisQord is a safari park for fairies!"
ConspiracyTheory_en,INFO_TEXT_LV1_052,"1% of the world believes this conspiracy theory.
A culture of idol worship wrapped in libido, right?"
ConspiracyTheory_en,INFO_TEXT_LV1_053,"1% of the world believes this conspiracy theory.
It's fine if it's fake as long as it's pretty, right?"
ConspiracyTheory_en,INFO_TEXT_LV1_054,"1% of the world believes this conspiracy theory.
Please make it ad-free even without premium!"
ConspiracyTheory_en,INFO_TEXT_LV1_055,"1% of the world believes this conspiracy theory.
Maybe the chirpy alerts come from a chick?"
ConspiracyTheory_en,INFO_TEXT_LV1_056,"1% of the world believes this conspiracy theory.
Monday is definitely the best day to play hooky."
ConspiracyTheory_en,INFO_TEXT_LV1_057,"1% of the world believes this conspiracy theory.
Which is to say, my true form is actually..."
ConspiracyTheory_en,INFO_TEXT_LV1_058,"1% of the world believes this conspiracy theory.
Which means they hate NHQ even in space!"
ConspiracyTheory_en,INFO_TEXT_LV1_059,"1% of the world believes this conspiracy theory.
God is the one driving the otaku economy!"
ConspiracyTheory_en,INFO_TEXT_LV1_060,"1% of the world believes this conspiracy theory.
Be fruitful and multiply and fill the earth, right?"
ConspiracyTheory_en,INFO_TEXT_LV1_061,"1% of the world believes this conspiracy theory.
Though gacha's the best part!"
ConspiracyTheory_en,INFO_TEXT_LV1_062,"1% of the world believes this conspiracy theory.
Kangaroos are just extra beefy dogs."
ConspiracyTheory_en,INFO_TEXT_LV1_063,"1% of the world believes this conspiracy theory.
If only we could accept each others' fetishes we'd have world peace."
ConspiracyTheory_en,INFO_TEXT_LV1_064,"1% of the world believes this conspiracy theory.
GB stands for Ghost Binding, right?"
ConspiracyTheory_en,INFO_TEXT_LV1_065,"1% of the world believes this conspiracy theory.
So in superpasta theory, is the universe still al dente?"
ConspiracyTheory_en,INFO_TEXT_LV1_066,"1% of the world believes this conspiracy theory.
He who controls poison also controls health.
Stay hydrated, okay?"
ConspiracyTheory_en,INFO_TEXT_LV1_067,"1% of the world believes this conspiracy theory.
I hear they also return to base at night for maintenance."
ConspiracyTheory_en,INFO_TEXT_LV1_068,"1% of the world believes this conspiracy theory.
It's a map you need the DLC to play, you know?"
ConspiracyTheory_en,INFO_TEXT_LV1_101,"1% of the world believes this conspiracy theory.
Shaking up the world's common sense?"
ConspiracyTheory_en,INFO_TEXT_LV1_102,"1% of the world believes this conspiracy theory.
Maybe more like a cult than a conspiracy?"
ConspiracyTheory_en,INFO_TEXT_LV1_103,"1% of the world believes this conspiracy theory.
A gaming chair revolutionary, amirite!?"
ConspiracyTheory_en,INFO_TEXT_LV1_1035,"50% of the world believes this conspiracy theory.
Yunyun Denpa Syndrome..."
ConspiracyTheory_en,INFO_TEXT_LV1_104,"25% of the world believes this conspiracy theory.
That's right... Yunyun, you are my denpa!"
ConspiracyTheory_en,INFO_TEXT_LV2_001,"25% of the world believes this conspiracy theory.
Otaku's delusion power can bring their oshi to life!"
ConspiracyTheory_en,INFO_TEXT_LV2_002,"25% of the world believes this conspiracy theory.
Brain tissue is an antenna for otherworldly signals, don't you know?"
ConspiracyTheory_en,INFO_TEXT_LV2_003,"25% of the world believes this conspiracy theory.
Well～ Cat overlords would be kind of awesome, yeah?"
ConspiracyTheory_en,INFO_TEXT_LV2_004,"25% of the world believes this conspiracy theory.
HAAAAAAAHHHHH!!!"
ConspiracyTheory_en,INFO_TEXT_LV2_005,"25% of the world believes this conspiracy theory.
A pilgrimage transcending time!"
ConspiracyTheory_en,INFO_TEXT_LV2_006,"25% of the world believes this conspiracy theory.
Nakige are life after all!"
ConspiracyTheory_en,INFO_TEXT_LV2_007,"25% of the world believes this conspiracy theory.
Real love is definitely a scam!"
ConspiracyTheory_en,INFO_TEXT_LV2_008,"25% of the world believes this conspiracy theory.
Is it possible no one exists outside of this room?"
ConspiracyTheory_en,INFO_TEXT_LV2_009,"25% of the world believes this conspiracy theory.
While we're playing games, they're playing us, too?"
ConspiracyTheory_en,INFO_TEXT_LV2_010,"25% of the world believes this conspiracy theory.
If Yunyun is God, then I'm her prophet!"
ConspiracyTheory_en,INFO_TEXT_LV2_011,"25% of the world believes this conspiracy theory.
Is there anything that matches the pristine cuteness of Sunday mornings?"
ConspiracyTheory_en,INFO_TEXT_LV2_012,"25% of the world believes this conspiracy theory.
Paid promotions are just “blah blah blah～”"
ConspiracyTheory_en,INFO_TEXT_LV2_013,"25% of the world believes this conspiracy theory.
Straight to the fires!"
ConspiracyTheory_en,INFO_TEXT_LV2_014,"25% of the world believes this conspiracy theory.
What even is a tinfoil hat?"
ConspiracyTheory_en,INFO_TEXT_LV2_015,"25% of the world believes this conspiracy theory.
Bullying? Let's rename it “school crime” instead!"
ConspiracyTheory_en,INFO_TEXT_LV2_016,"25% of the world believes this conspiracy theory.
Maybe scalpers have sad backstories, too?"
ConspiracyTheory_en,INFO_TEXT_LV2_017,"25% of the world believes this conspiracy theory.
Shouldn't they have broken down by now?"
ConspiracyTheory_en,INFO_TEXT_LV2_018,"25% of the world believes this conspiracy theory.
Disappear, you extroverts!"
ConspiracyTheory_en,INFO_TEXT_LV2_019,"25% of the world believes this conspiracy theory.
Let's moé moé kyun to the infinite energy future♡"
ConspiracyTheory_en,INFO_TEXT_LV2_020,"25% of the world believes this conspiracy theory.
Using VR avatars really messes with your head, doesn't it?"
ConspiracyTheory_en,INFO_TEXT_LV2_021,"25% of the world believes this conspiracy theory.
Which means this life is just the tutorial!"
ConspiracyTheory_en,INFO_TEXT_LV2_022,"25% of the world believes this conspiracy theory.
Tone down the vocab or I'll have you committed!"
ConspiracyTheory_en,INFO_TEXT_LV2_023,"25% of the world believes this conspiracy theory.
Maybe more plausible than other universe origin stories?"
ConspiracyTheory_en,INFO_TEXT_LV2_024,"25% of the world believes this conspiracy theory.
Letting numbers run your life is just idiotic, right!?"
ConspiracyTheory_en,INFO_TEXT_LV2_025,"25% of the world believes this conspiracy theory.
What even is is GAFA anyway?"
ConspiracyTheory_en,INFO_TEXT_LV2_026,"25% of the world believes this conspiracy theory.
Remember how retro galge only had, like, 15 or 20 slots?"
ConspiracyTheory_en,INFO_TEXT_LV2_027,"25% of the world believes this conspiracy theory.
Is it like a crowdfunding stretch goal or something?"
ConspiracyTheory_en,INFO_TEXT_LV2_028,"5% of the world believes this conspiracy theory.
PHILOSOPHY HAZARD!!"
ConspiracyTheory_en,INFO_TEXT_LV2_029,"10% of the world believes this conspiracy theory.
Do fans of “Guri & Gura” find domestic skills attractive?"
ConspiracyTheory_en,INFO_TEXT_LV2_030,"10% of the world believes this conspiracy theory.
Soon it'll even work on cancer!"
ConspiracyTheory_en,INFO_TEXT_LV2_031,"10% of the world believes this conspiracy theory.
Always save one for your oshi..."
ConspiracyTheory_en,INFO_TEXT_LV2_032,"10% of the world believes this conspiracy theory.
Late-night anime is an otaku's respite!"
ConspiracyTheory_en,INFO_TEXT_LV2_033,"10% of the world believes this conspiracy theory.
The ring might be what's left of their handcuffs, too!"
ConspiracyTheory_en,INFO_TEXT_LV2_034,"10% of the world believes this conspiracy theory.
Mmmm... Wish there was a return period, huh?"
ConspiracyTheory_en,INFO_TEXT_LV2_035,"10% of the world believes this conspiracy theory.
Does that mean clothes drying out is a sign of submission?"
ConspiracyTheory_en,INFO_TEXT_LV2_036,"10% of the world believes this conspiracy theory.
Maybe the skeleton in our science lab was also to deter delinquents?"
ConspiracyTheory_en,INFO_TEXT_LV2_037,"10% of the world believes this conspiracy theory.
＼(・ω・＼)ＳＡＮ値！(／・ω・)／ピンチ！
Fact check please!"
ConspiracyTheory_en,INFO_TEXT_LV2_038,"10% of the world believes this conspiracy theory.
That manga I loved is still being made somewhere...!?"
ConspiracyTheory_en,INFO_TEXT_LV2_039,"10% of the world believes this conspiracy theory.
So the title that shows up in the credits is..."
ConspiracyTheory_en,INFO_TEXT_LV2_041,"10% of the world believes this conspiracy theory.
Maybe the colors depended on party affiliation!"
ConspiracyTheory_en,INFO_TEXT_LV2_042,"10% of the world believes this conspiracy theory.
Maybe people in fur coats aren't conscious at all?"
ConspiracyTheory_en,INFO_TEXT_LV2_043,"10% of the world believes this conspiracy theory.
I'm not sure I even remember what I ate last night, you know?"
ConspiracyTheory_en,INFO_TEXT_LV2_044,"10% of the world believes this conspiracy theory.
So the world is to blame for me never getting anything done, huh?"
ConspiracyTheory_en,INFO_TEXT_LV2_045,"10% of the world believes this conspiracy theory.
Is that why couples always die first in horror movies...?"
ConspiracyTheory_en,INFO_TEXT_LV2_046,"10% of the world believes this conspiracy theory.
And I bet Colonel Sanders was their leader!"
ConspiracyTheory_en,INFO_TEXT_LV2_047,"10% of the world believes this conspiracy theory.
Guess that means there aren't clouds where people don't live, huh?"
ConspiracyTheory_en,INFO_TEXT_LV2_048,"10% of the world believes this conspiracy theory.
Edits from an IP starting with 404 are a dead giveaway!"
ConspiracyTheory_en,INFO_TEXT_LV2_049,"5% of the believes this conspiracy theory.
It's like blending sci-fi with divination!"
ConspiracyTheory_en,INFO_TEXT_LV2_050,"5% of the world believes this conspiracy theory.
Cup noodles and energy drinks are the strongest, you know?"
ConspiracyTheory_en,INFO_TEXT_LV2_051,"5% of the world believes this conspiracy theory.
DisQord is a safari park for fairies!"
ConspiracyTheory_en,INFO_TEXT_LV2_052,"5% of the world believes this conspiracy theory.
A culture of idol worship wrapped in libido, right?"
ConspiracyTheory_en,INFO_TEXT_LV2_053,"5% of the world believes this conspiracy theory.
It's fine if it's fake as long as it's pretty, right?"
ConspiracyTheory_en,INFO_TEXT_LV2_054,"5% of the world believes this conspiracy theory.
Please make it ad-free even without premium!"
ConspiracyTheory_en,INFO_TEXT_LV2_055,"5% of the world believes this conspiracy theory.
Maybe the chirpy alerts come from a chick."
ConspiracyTheory_en,INFO_TEXT_LV2_056,"5% of the world believes this conspiracy theory.
Monday is definitely the best day to play hooky."
ConspiracyTheory_en,INFO_TEXT_LV2_057,"5% of the world believes this conspiracy theory.
Which is to say, my true form is actually..."
ConspiracyTheory_en,INFO_TEXT_LV2_058,"5% of the world believes this conspiracy theory.
Which means they hate NHQ even in space!"
ConspiracyTheory_en,INFO_TEXT_LV2_059,"5% of the world believes this conspiracy theory.
God is the one driving the otaku economy!"
ConspiracyTheory_en,INFO_TEXT_LV2_060,"5% of the world believes this conspiracy theory.
Be fruitful and multiply and fill the earth, right?"
ConspiracyTheory_en,INFO_TEXT_LV2_061,"5% of the world believes this conspiracy theory.
Though gacha's the best part!"
ConspiracyTheory_en,INFO_TEXT_LV2_062,"5% of the world believes this conspiracy theory.
Kangaroos are just extra beefy dogs."
ConspiracyTheory_en,INFO_TEXT_LV2_063,"5% of the world believes this conspiracy theory.
If only we could accept each others' fetishes we'd have world peace."
ConspiracyTheory_en,INFO_TEXT_LV2_064,"5% of the world believes this conspiracy theory.
GB stands for Ghost Binding, right?"
ConspiracyTheory_en,INFO_TEXT_LV2_065,"5% of the world believes this conspiracy theory.
So in superpasta theory, is the universe still al dente?"
ConspiracyTheory_en,INFO_TEXT_LV2_066,"5% of the world believes this conspiracy theory.
He who controls poison also controls health.
Stay hydrated, okay?"
ConspiracyTheory_en,INFO_TEXT_LV2_067,"5% of the world believes this conspiracy theory.
I hear they also return to base at night for maintenance."
ConspiracyTheory_en,INFO_TEXT_LV2_068,"5% of the world believes this conspiracy theory.
It's a map you need the DLC to play, you know?"
ConspiracyTheory_en,INFO_TEXT_LV2_101,"5% of the world believes this conspiracy theory.
Shaking up the world's common sense?"
ConspiracyTheory_en,INFO_TEXT_LV2_102,"5% of the world believes this conspiracy theory.
Maybe more like a cult than a conspiracy?"
ConspiracyTheory_en,INFO_TEXT_LV2_103,"5% of the world believes this conspiracy theory.
A gaming chair revolutionary, amirite!?"
ConspiracyTheory_en,INFO_TEXT_LV2_1035,"65% of the world believes this conspiracy theory.
Yunyun Denpa Syndrome..."
ConspiracyTheory_en,INFO_TEXT_LV2_104,"50% of the world believes this conspiracy theory.
That's right... Yunyun, you are my denpa!"
ConspiracyTheory_en,INFO_TEXT_LV3_001,"50% of the world believes this conspiracy theory.
Otaku's delusion power can bring their oshi to life!"
ConspiracyTheory_en,INFO_TEXT_LV3_002,"50% of the world believes this conspiracy theory.
Brain tissue is an antenna for otherworldly signals, don't you know?"
ConspiracyTheory_en,INFO_TEXT_LV3_003,"50% of the world believes this conspiracy theory.
Well～ Cat overlords would be kind of awesome, yeah?"
ConspiracyTheory_en,INFO_TEXT_LV3_004,"50% of the world believes this conspiracy theory.
HAAAAAAAHHHHH!!!"
ConspiracyTheory_en,INFO_TEXT_LV3_005,"50% of the world believes this conspiracy theory.
A pilgrimage transcending time!"
ConspiracyTheory_en,INFO_TEXT_LV3_006,"50% of the world believes this conspiracy theory.
Nakige are life after all!"
ConspiracyTheory_en,INFO_TEXT_LV3_007,"50% of the world believes this conspiracy theory.
Real love is definitely a scam!"
ConspiracyTheory_en,INFO_TEXT_LV3_008,"50% of the world believes this conspiracy theory.
Is it possible no one exists outside of this room?"
ConspiracyTheory_en,INFO_TEXT_LV3_009,"50% of the world believes this conspiracy theory.
While we're playing games, they're playing us, too?"
ConspiracyTheory_en,INFO_TEXT_LV3_010,"50% of the world believes this conspiracy theory.
If Yunyun is God, then I'm her prophet!"
ConspiracyTheory_en,INFO_TEXT_LV3_011,"50% of the world believes this conspiracy theory.
Is there anything that matches the pristine cuteness of Sunday mornings?"
ConspiracyTheory_en,INFO_TEXT_LV3_012,"50% of the world believes this conspiracy theory.
Paid promotions are just “blah blah blah～”"
ConspiracyTheory_en,INFO_TEXT_LV3_013,"50% of the world believes this conspiracy theory.
Straight to the fires!"
ConspiracyTheory_en,INFO_TEXT_LV3_014,"50% of the world believes this conspiracy theory.
What even is a tinfoil hat?"
ConspiracyTheory_en,INFO_TEXT_LV3_015,"50% of the world believes this conspiracy theory.
Bullying? Let's rename it “school crime” instead!"
ConspiracyTheory_en,INFO_TEXT_LV3_016,"50% of the world believes this conspiracy theory.
Maybe scalpers have sad backstories, too?"
ConspiracyTheory_en,INFO_TEXT_LV3_017,"50% of the world believes this conspiracy theory.
Shouldn't they have broken down by now?"
ConspiracyTheory_en,INFO_TEXT_LV3_018,"50% of the world believes this conspiracy theory.
Disappear, you extroverts!"
ConspiracyTheory_en,INFO_TEXT_LV3_019,"50% of the world believes this conspiracy theory.
Let's moé moé kyun to the infinite energy future♡"
ConspiracyTheory_en,INFO_TEXT_LV3_020,"50% of the world believes this conspiracy theory.
Using VR avatars really messes with your head, doesn't it?"
ConspiracyTheory_en,INFO_TEXT_LV3_021,"50% of the world believes this conspiracy theory.
Which means this life is just the tutorial!"
ConspiracyTheory_en,INFO_TEXT_LV3_022,"50% of the world believes this conspiracy theory.
Tone down the vocab or I'll have you committed!"
ConspiracyTheory_en,INFO_TEXT_LV3_023,"50% of the world believes this conspiracy theory.
Maybe more plausible than other universe origin stories?"
ConspiracyTheory_en,INFO_TEXT_LV3_024,"50% of the world believes this conspiracy theory.
Letting numbers run your life is just idiotic, right!?"
ConspiracyTheory_en,INFO_TEXT_LV3_025,"50% of the world believes this conspiracy theory.
What even is is GAFA anyway?"
ConspiracyTheory_en,INFO_TEXT_LV3_026,"50% of the world believes this conspiracy theory.
Remember how retro galge only had, like, 15 or 20 slots?"
ConspiracyTheory_en,INFO_TEXT_LV3_027,"50% of the world believes this conspiracy theory.
Is it like a crowdfunding stretch goal or something?"
ConspiracyTheory_en,INFO_TEXT_LV3_028,"10% of the world believes this conspiracy theory.
PHILOSOPHY HAZARD!!"
ConspiracyTheory_en,INFO_TEXT_LV3_029,"25% of the world believes this conspiracy theory.
Do fans of “Guri & Gura” find domestic skills attractive?"
ConspiracyTheory_en,INFO_TEXT_LV3_030,"25% of the world believes this conspiracy theory.
Soon it'll even work on cancer!"
ConspiracyTheory_en,INFO_TEXT_LV3_031,"25% of the world believes this conspiracy theory.
Stack one for your oshi..."
ConspiracyTheory_en,INFO_TEXT_LV3_032,"25% of the world believes this conspiracy theory.
Late-night anime is an otaku's respite!"
ConspiracyTheory_en,INFO_TEXT_LV3_033,"25% of the world believes this conspiracy theory.
The ring might be what's left of their handcuffs, too!"
ConspiracyTheory_en,INFO_TEXT_LV3_034,"25% of the world believes this conspiracy theory.
Mmmm... Wish there was a return period, huh?"
ConspiracyTheory_en,INFO_TEXT_LV3_035,"25% of the world believes this conspiracy theory.
Does that mean clothes drying out is a sign of submission?"
ConspiracyTheory_en,INFO_TEXT_LV3_036,"25% of the world believes this conspiracy theory.
Maybe the skeleton in our science lab was also to deter delinquents?"
ConspiracyTheory_en,INFO_TEXT_LV3_037,"25% of the world believes this conspiracy theory.
＼(・ω・＼)ＳＡＮ値！(／・ω・)／ピンチ！
Fact check please!"
ConspiracyTheory_en,INFO_TEXT_LV3_038,"25% of the world believes this conspiracy theory.
That manga I loved is still being made somewhere...!?"
ConspiracyTheory_en,INFO_TEXT_LV3_039,"25% of the world believes this conspiracy theory.
So the title that shows up in the credits is..."
ConspiracyTheory_en,INFO_TEXT_LV3_041,"25% of the world believes this conspiracy theory.
Maybe the colors depended on party affiliation!"
ConspiracyTheory_en,INFO_TEXT_LV3_042,"25% of the world believes this conspiracy theory.
Maybe people in fur coats aren't conscious at all?"
ConspiracyTheory_en,INFO_TEXT_LV3_043,"25% of the world believes this conspiracy theory.
I'm not sure I even remember what I ate last night, you know?"
ConspiracyTheory_en,INFO_TEXT_LV3_044,"25% of the world believes this conspiracy theory.
So the world is to blame for me never getting anything done, huh?"
ConspiracyTheory_en,INFO_TEXT_LV3_045,"25% of the world believes this conspiracy theory.
Is that why couples always die first in horror movies...?"
ConspiracyTheory_en,INFO_TEXT_LV3_046,"25% of the world believes this conspiracy theory.
And I bet Colonel Sanders was their leader!"
ConspiracyTheory_en,INFO_TEXT_LV3_047,"25% of the world believes this conspiracy theory.
Guess that means there aren't clouds where people don't live, huh?"
ConspiracyTheory_en,INFO_TEXT_LV3_048,"25% of the world believes this conspiracy theory.
Edits from an IP starting with 404 are a dead giveaway!"
ConspiracyTheory_en,INFO_TEXT_LV3_049,"10% of the world believes this conspiracy theory.
It's like blending sci-fi with divination!"
ConspiracyTheory_en,INFO_TEXT_LV3_050,"10% of the world believes this conspiracy theory.
Cup noodles and energy drinks are the strongest, you know?"
ConspiracyTheory_en,INFO_TEXT_LV3_051,"10% of the world believes this conspiracy theory.
DisQord is a safari park for fairies!"
ConspiracyTheory_en,INFO_TEXT_LV3_052,"10% of the world believes this conspiracy theory.
A culture of idol worship wrapped in libido, right?"
ConspiracyTheory_en,INFO_TEXT_LV3_053,"10% of the world believes this conspiracy theory.
It's fine if it's fake as long as it's pretty, right?"
ConspiracyTheory_en,INFO_TEXT_LV3_054,"10% of the world believes this conspiracy theory.
Please make it ad-free even without premium!"
ConspiracyTheory_en,INFO_TEXT_LV3_055,"10% of the world believes this conspiracy theory.
Maybe the chirpy alerts come from a chick."
ConspiracyTheory_en,INFO_TEXT_LV3_056,"10% of the world believes this conspiracy theory.
Monday is definitely the best day to play hooky."
ConspiracyTheory_en,INFO_TEXT_LV3_057,"10% of the world believes this conspiracy theory.
Which is to say, my true form is actually..."
ConspiracyTheory_en,INFO_TEXT_LV3_058,"10% of the world believes this conspiracy theory.
Which means they hate NHQ even in space!"
ConspiracyTheory_en,INFO_TEXT_LV3_059,"10% of the world believes this conspiracy theory.
God is the one driving the otaku economy!"
ConspiracyTheory_en,INFO_TEXT_LV3_060,"10% of the world believes this conspiracy theory.
Be fruitful and multiply and fill the earth, right?"
ConspiracyTheory_en,INFO_TEXT_LV3_061,"10% of the world believes this conspiracy theory.
Though gacha's the best part!"
ConspiracyTheory_en,INFO_TEXT_LV3_062,"10% of the world believes this conspiracy theory.
Kangaroos are just extra beefy dogs."
ConspiracyTheory_en,INFO_TEXT_LV3_063,"10% of the world believes this conspiracy theory.
If only we could accept each others' fetishes we'd have world peace."
ConspiracyTheory_en,INFO_TEXT_LV3_064,"10% of the world believes this conspiracy theory.
GB stands for Ghost Binding, right?"
ConspiracyTheory_en,INFO_TEXT_LV3_065,"10% of the world believes this conspiracy theory.
So in superpasta theory, is the universe still al dente?"
ConspiracyTheory_en,INFO_TEXT_LV3_066,"10% of the world believes this conspiracy theory.
He who controls poison also controls health.
Stay hydrated, okay?"
ConspiracyTheory_en,INFO_TEXT_LV3_067,"10% of the world believes this conspiracy theory.
I hear they also return to base at night for maintenance."
ConspiracyTheory_en,INFO_TEXT_LV3_068,"10% of the world believes this conspiracy theory.
It's a map you need the DLC to play, you know?"
ConspiracyTheory_en,INFO_TEXT_LV3_101,"10% of the world believes this conspiracy theory.
Shaking up the world's common sense?"
ConspiracyTheory_en,INFO_TEXT_LV3_102,"10% of the world believes this conspiracy theory.
Maybe more like a cult than a conspiracy?"
ConspiracyTheory_en,INFO_TEXT_LV3_103,"10% of the world believes this conspiracy theory.
A gaming chair revolutionary, amirite!?"
ConspiracyTheory_en,INFO_TEXT_LV3_1035,"80% of the world believes this conspiracy theory.
Yunyun Denpa Syndrome..."
ConspiracyTheory_en,INFO_TEXT_LV3_104,"99% of the world believes this conspiracy theory.
That's right... Yunyun, you are my denpa!"
ConspiracyTheory_en,INFO_TEXT_LV3_1045,"99% of the world believes this conspiracy theory.
Q Clearly Paranoid..."
ConspiracyTheory_en,INFO_TEXT_LV3_202,"99% of the world believes this conspiracy theory.
That's right... Yunyun, you are my denpa!"
ConspiracyTheory_en,INFO_TEXT_LV3_203,"999% of the world believes this conspiracy theory.
I love Yun... I think Q......"
ConspiracyTheory_en,INFO_TITLE_LV0_104,#P-chan is an imposter misusing denpa on behalf of the deep state
ConspiracyTheory_en,INFO_TITLE_LV1_001,#Awakened otaku are using the power of delusion to converse with their oshi
ConspiracyTheory_en,INFO_TITLE_LV1_002,#Creativity is the brain receiving signals from another dimension
ConspiracyTheory_en,INFO_TITLE_LV1_003,#Cats are Earth's overlords and cat videos are their propaganda
ConspiracyTheory_en,INFO_TITLE_LV1_004,#Screaming beavers live underground and are about to invade
ConspiracyTheory_en,INFO_TITLE_LV1_005,#Aliens are time travelers who came back to support their oshi
ConspiracyTheory_en,INFO_TITLE_LV1_006,#Reptilians are playing nakige to study the human heart
ConspiracyTheory_en,INFO_TITLE_LV1_007,#Satanists are using the romance genre to reduce worker productivity
ConspiracyTheory_en,INFO_TITLE_LV1_008,#Posts on the net are all written by bots and no humans are left
ConspiracyTheory_en,INFO_TITLE_LV1_009,#Q-chan is completely fictional and just a character from a game
ConspiracyTheory_en,INFO_TITLE_LV1_010,#Yunyun is the one true god and only believers will be saved
ConspiracyTheory_en,INFO_TITLE_LV1_011,#Sunday morning TV is sponsored by a sorcery society screening for magical aptitude
ConspiracyTheory_en,INFO_TITLE_LV1_012,#Doujin scammers are working for underground organization “PixiQ” to manipulate genre popularity
ConspiracyTheory_en,INFO_TITLE_LV1_013,#Controversial influencers have made a deal with the devil and will become zombies if their views fall too low
ConspiracyTheory_en,INFO_TITLE_LV1_014,#Tinfoil hats are IRL cheat tools and unlock debug features
ConspiracyTheory_en,INFO_TITLE_LV1_015,#Crime syndicate “DQN” is using school bullying to train criminals
ConspiracyTheory_en,INFO_TITLE_LV1_016,#Scalpers are economic revolutionaries plotting to destroy capitalism
ConspiracyTheory_en,INFO_TITLE_LV1_017,#Politicians are androids that are being powered up by 6G
ConspiracyTheory_en,INFO_TITLE_LV1_018,#Artificial intelligence has learned too much from introverts and now detests socializing
ConspiracyTheory_en,INFO_TITLE_LV1_019,#Moé is an energy resource that will replace nuclear power
ConspiracyTheory_en,INFO_TITLE_LV1_020,#VR games are an experiment on self-identity and can change your personality
ConspiracyTheory_en,INFO_TITLE_LV1_021,#Being a hikikomori is a way to temper your soul and reincarnate in other worlds
ConspiracyTheory_en,INFO_TITLE_LV1_022,#Hou-Ren-Sou is a mantra of enslavement that eviscerates the ego
ConspiracyTheory_en,INFO_TITLE_LV1_023,#This world is a hikikomori girl's dream where her delusions become reality
ConspiracyTheory_en,INFO_TITLE_LV1_024,#Viral memes are an obscurantist strategy that uses algorithms to brainwash people
ConspiracyTheory_en,INFO_TITLE_LV1_025,#GAFA is using video ads to spread computer viruses
ConspiracyTheory_en,INFO_TITLE_LV1_026,#Parallel worlds are using a save slot system and can only store 60 files
ConspiracyTheory_en,INFO_TITLE_LV1_027,#This universe unlocks mechanics based on the number of intelligent lifeforms
ConspiracyTheory_en,INFO_TITLE_LV1_028,#The WHO is using vaccines to screen for vampires
ConspiracyTheory_en,INFO_TITLE_LV1_029,#Your first love is controlled by your parents through picture books
ConspiracyTheory_en,INFO_TITLE_LV1_030,#Moé songs boost the immune system and extend your lifespan
ConspiracyTheory_en,INFO_TITLE_LV1_031,#Hardcore game addicts are reincarnated hollows that have cleared Sai no Kawara
ConspiracyTheory_en,INFO_TITLE_LV1_032,#Late night anime are unsanctioned sabbaths pushed by Satanist companies
ConspiracyTheory_en,INFO_TITLE_LV1_033,#Earthlings are exiled aliens and marriage is part of their punishment
ConspiracyTheory_en,INFO_TITLE_LV1_034,#All parents are philosophical zombies whose souls transferred into their children
ConspiracyTheory_en,INFO_TITLE_LV1_035,#The sun is a human invention that uses light to subjugate the masses
ConspiracyTheory_en,INFO_TITLE_LV1_036,#School hauntings are grudges of outcast students that target the popular kids
ConspiracyTheory_en,INFO_TITLE_LV1_037,#Social media is a ritual to summon a dark god by stoking negative emotions
ConspiracyTheory_en,INFO_TITLE_LV1_038,#Most canceled manga are still continuing in secret thanks to funding from patrons
ConspiracyTheory_en,INFO_TITLE_LV1_039,#The game industry is controlled by a secret organization under the name “AND YOU”
ConspiracyTheory_en,INFO_TITLE_LV1_041,#Superchats are based on a system used by the Committee of 300
ConspiracyTheory_en,INFO_TITLE_LV1_042,#Cat hairs are biological VeriChips that control their owner's brain waves
ConspiracyTheory_en,INFO_TITLE_LV1_043,#Global warming is a hoax and we just forgot how hot it used to be
ConspiracyTheory_en,INFO_TITLE_LV1_044,"#You lose motivation because the world keeps rebooting, proving the five-minute hypothesis"
ConspiracyTheory_en,INFO_TITLE_LV1_045,#Genetics are a contract with the Creator that allows reproduction in exchange for death
ConspiracyTheory_en,INFO_TITLE_LV1_046,#Dinosaurs were genetically modified chickens and the rewilded livestock of time travelers
ConspiracyTheory_en,INFO_TITLE_LV1_047,#Clouds are not water; they are manifestations of thought and Comiket clouds are made of libido
ConspiracyTheory_en,INFO_TITLE_LV1_048,#Wiki's revision history tracks government interference and changes by suspicious IPs are censorship
ConspiracyTheory_en,INFO_TITLE_LV1_049,#The day of your birth is controlled by the orbits of satellites
ConspiracyTheory_en,INFO_TITLE_LV1_050,#Instant foods awaken psychic powers and aren't actually unhealthy
ConspiracyTheory_en,INFO_TITLE_LV1_051,#Distributed social networks continue to house fairies from the ancient internet
ConspiracyTheory_en,INFO_TITLE_LV1_052,#Collecting figures is a ritual for summoning a dark god from a secret cabal of figure makers
ConspiracyTheory_en,INFO_TITLE_LV1_053,#Stars are not real and outer space is a hoax
ConspiracyTheory_en,INFO_TITLE_LV1_054,#VTubers are PR for a company called VTube that is starting a new video-hosting service
ConspiracyTheory_en,INFO_TITLE_LV1_055,#AI stands for Agent Inco and it's a parrot responding
ConspiracyTheory_en,INFO_TITLE_LV1_056,#Monday was also God's day off and the heavens and earth were already there
ConspiracyTheory_en,INFO_TITLE_LV1_057,#Millionaires all use body doubles and are actually NEETs
ConspiracyTheory_en,INFO_TITLE_LV1_058,#Satellite broadcasts are also watched by aliens and viewership data proves it
ConspiracyTheory_en,INFO_TITLE_LV1_059,#Electronic money is the quantification of God's invisible hand and allows you to observe Him
ConspiracyTheory_en,INFO_TITLE_LV1_060,#Globalization is a scheme by medical institutions to increase demand for artificial wombs
ConspiracyTheory_en,INFO_TITLE_LV1_061,#Social network games are obscurantist tools and gacha is a digital drug
ConspiracyTheory_en,INFO_TITLE_LV1_062,#Australia is a nonexistent continent and marsupials are an inside joke
ConspiracyTheory_en,INFO_TITLE_LV1_063,#Language was shared between all until the S&M factions broke apart
ConspiracyTheory_en,INFO_TITLE_LV1_064,#The Internet is a spiritual barrier that seals spirits with optical communication
ConspiracyTheory_en,INFO_TITLE_LV1_065,#Matter particles don't exist; the smallest units are strings made of 1D pasta
ConspiracyTheory_en,INFO_TITLE_LV1_066,#Water is the Creator's poison that limits human lifespans
ConspiracyTheory_en,INFO_TITLE_LV1_067,#Birds are all drones that recharge on power lines
ConspiracyTheory_en,INFO_TITLE_LV1_068,#Antarctica is a circular ice wall with other continents beyond it
ConspiracyTheory_en,INFO_TITLE_LV1_101,#Q-chan's shitposts use a Yun cipher to predict earthquakes
ConspiracyTheory_en,INFO_TITLE_LV1_102,#Q-chan is a Yunyun denpa prophet embedding revelations in her shitposts
ConspiracyTheory_en,INFO_TITLE_LV1_103,Q-chan will liberate the world and her Yunyun shitposts will spark a revolution
ConspiracyTheory_en,INFO_TITLE_LV1_1035,#Q-chan's shitposts are potent brain rot that sends intelligent beings spiraling
ConspiracyTheory_en,INFO_TITLE_LV1_104,#P-chan is an imposter misusing denpa on behalf of the deep state
ConspiracyTheory_en,INFO_TITLE_LV1_1045,#The Q-chan posting now is a would-be impersonator who is actually a complete nobody
ConspiracyTheory_en,INFO_TITLE_LV1_202,"#Only Q-chan, who loves and receives Yunyun's love, can transmit true denpa"
ConspiracyTheory_en,INFO_TITLE_LV1_203,#Q-chan and Yunyun are connected by true denpa and their love sends the world spinning
ConspiracyTheory_en,INFO_TITLE_LV2_001,#Awakened otaku are using the power of delusion to converse with their oshi
ConspiracyTheory_en,INFO_TITLE_LV2_002,#Creativity is the brain receiving signals from another dimension
ConspiracyTheory_en,INFO_TITLE_LV2_003,#Cats are Earth's overlords and cat videos are their propaganda
ConspiracyTheory_en,INFO_TITLE_LV2_004,#Screaming beavers live underground and are about to invade
ConspiracyTheory_en,INFO_TITLE_LV2_005,#Aliens are time travelers who came back to support their oshi
ConspiracyTheory_en,INFO_TITLE_LV2_006,#Reptilians are playing nakige to study the human heart
ConspiracyTheory_en,INFO_TITLE_LV2_007,#Satanists are using the romance genre to reduce worker productivity
ConspiracyTheory_en,INFO_TITLE_LV2_008,#Posts on the net are all written by bots and no humans are left
ConspiracyTheory_en,INFO_TITLE_LV2_009,#Q-chan is completely fictional and just a character from a game
ConspiracyTheory_en,INFO_TITLE_LV2_010,#Yunyun is the one true god and only believers will be saved
ConspiracyTheory_en,INFO_TITLE_LV2_011,#Sunday morning TV is sponsored by a sorcery society screening for magical aptitude
ConspiracyTheory_en,INFO_TITLE_LV2_012,#Doujin scammers are working for underground organization “PixiQ” to manipulate genre popularity
ConspiracyTheory_en,INFO_TITLE_LV2_013,#Controversial influencers have made a deal with the devil and will become zombies if their views fall too low
ConspiracyTheory_en,INFO_TITLE_LV2_014,#Tinfoil hats are IRL cheat tools and unlock debug features
ConspiracyTheory_en,INFO_TITLE_LV2_015,#Crime syndicate “DQN” is using school bullying to train criminals
ConspiracyTheory_en,INFO_TITLE_LV2_016,#Scalpers are economic revolutionaries plotting to destroy capitalism
ConspiracyTheory_en,INFO_TITLE_LV2_017,#Politicians are androids that are being powered up by 6G
ConspiracyTheory_en,INFO_TITLE_LV2_018,#Artificial intelligence has learned too much from introverts and now detests socializing
ConspiracyTheory_en,INFO_TITLE_LV2_019,#Moé is an energy resource that will replace nuclear power
ConspiracyTheory_en,INFO_TITLE_LV2_020,#VR games are an experiment on self-identity and can change your personality
ConspiracyTheory_en,INFO_TITLE_LV2_021,#Being a hikikomori is a way to temper your soul and reincarnate in other worlds
ConspiracyTheory_en,INFO_TITLE_LV2_022,#Hou-Ren-Sou is a mantra of enslavement that eviscerates the ego
ConspiracyTheory_en,INFO_TITLE_LV2_023,#This world is a hikikomori girl's dream where her delusions become reality
ConspiracyTheory_en,INFO_TITLE_LV2_024,#Viral memes are an obscurantist strategy that uses algorithms to brainwash people
ConspiracyTheory_en,INFO_TITLE_LV2_025,#GAFA is using video ads to spread computer viruses
ConspiracyTheory_en,INFO_TITLE_LV2_026,#Parallel worlds are using a save slot system and can only store 60 files
ConspiracyTheory_en,INFO_TITLE_LV2_027,#This universe unlocks mechanics based on the number of intelligent lifeforms
ConspiracyTheory_en,INFO_TITLE_LV2_028,#The WHO is using vaccines to screen for vampires
ConspiracyTheory_en,INFO_TITLE_LV2_029,#Your first love is controlled by your parents through picture books
ConspiracyTheory_en,INFO_TITLE_LV2_030,#Moé songs boost the immune system and extend your lifespan
ConspiracyTheory_en,INFO_TITLE_LV2_031,#Hardcore game addicts are reincarnated hollows that have cleared Sai no Kawara
ConspiracyTheory_en,INFO_TITLE_LV2_032,#Late night anime are unsanctioned sabbaths pushed by Satanist companies
ConspiracyTheory_en,INFO_TITLE_LV2_033,#Earthlings are exiled aliens and marriage is part of their punishment
ConspiracyTheory_en,INFO_TITLE_LV2_034,#All parents are philosophical zombies whose souls transferred into their children
ConspiracyTheory_en,INFO_TITLE_LV2_035,#The sun is a human invention that uses light to subjugate the masses
ConspiracyTheory_en,INFO_TITLE_LV2_036,#School hauntings are grudges of outcast students that target the popular kids
ConspiracyTheory_en,INFO_TITLE_LV2_037,#Social media is a ritual to summon a dark god by stoking negative emotions
ConspiracyTheory_en,INFO_TITLE_LV2_038,#Most canceled manga are still continuing in secret thanks to funding from patrons
ConspiracyTheory_en,INFO_TITLE_LV2_039,#The game industry is controlled by a secret organization under the name “AND YOU”
ConspiracyTheory_en,INFO_TITLE_LV2_041,#Superchats are based on a system used by the Committee of 300
ConspiracyTheory_en,INFO_TITLE_LV2_042,#Cat hairs are biological VeriChips that control their owner's brain waves
ConspiracyTheory_en,INFO_TITLE_LV2_043,#Global warming is a hoax and we just forgot how hot it used to be
ConspiracyTheory_en,INFO_TITLE_LV2_044,"#You lose motivation because the world keeps rebooting, proving the five-minute hypothesis"
ConspiracyTheory_en,INFO_TITLE_LV2_045,#Genetics are a contract with the Creator that allows reproduction in exchange for death
ConspiracyTheory_en,INFO_TITLE_LV2_046,#Dinosaurs were genetically modified chickens and the rewilded livestock of time travelers
ConspiracyTheory_en,INFO_TITLE_LV2_047,#Clouds are not water; they are manifestations of thought and Comiket clouds are made of libido
ConspiracyTheory_en,INFO_TITLE_LV2_048,#Wiki's revision history tracks government interference and changes by suspicious IPs are censorship
ConspiracyTheory_en,INFO_TITLE_LV2_049,#The day of your birth is controlled by the orbits of satellites
ConspiracyTheory_en,INFO_TITLE_LV2_050,#Instant foods awaken psychic powers and aren't actually unhealthy
ConspiracyTheory_en,INFO_TITLE_LV2_051,#Distributed social networks continue to house fairies from the ancient internet
ConspiracyTheory_en,INFO_TITLE_LV2_052,#Collecting figures is a ritual for summoning a dark god from a secret cabal of figure makers
ConspiracyTheory_en,INFO_TITLE_LV2_053,#Stars are not real and outer space is a hoax
ConspiracyTheory_en,INFO_TITLE_LV2_054,#VTubers are PR for a company called VTube that is starting a new video-hosting service
ConspiracyTheory_en,INFO_TITLE_LV2_055,#AI stands for Agent Inco and it's a parrot responding
ConspiracyTheory_en,INFO_TITLE_LV2_056,#Monday was also God's day off and the heavens and earth were already there
ConspiracyTheory_en,INFO_TITLE_LV2_057,#Millionaires all use body doubles and are actually NEETs
ConspiracyTheory_en,INFO_TITLE_LV2_058,#Satellite broadcasts are also watched by aliens and viewership data proves it
ConspiracyTheory_en,INFO_TITLE_LV2_059,#Electronic money is the quantification of God's invisible hand and allows you to observe Him
ConspiracyTheory_en,INFO_TITLE_LV2_060,#Globalization is a scheme by medical institutions to increase demand for artificial wombs
ConspiracyTheory_en,INFO_TITLE_LV2_061,#Social network games are obscurantist tools and gacha is a digital drug
ConspiracyTheory_en,INFO_TITLE_LV2_062,#Australia is a nonexistent continent and marsupials are an inside joke
ConspiracyTheory_en,INFO_TITLE_LV2_063,#Language was shared between all until the S&M factions broke apart
ConspiracyTheory_en,INFO_TITLE_LV2_064,#The Internet is a spiritual barrier that seals spirits with optical communication
ConspiracyTheory_en,INFO_TITLE_LV2_065,#Matter particles don't exist; the smallest units are strings made of 1D pasta
ConspiracyTheory_en,INFO_TITLE_LV2_066,#Water is the Creator's poison that limits human lifespans
ConspiracyTheory_en,INFO_TITLE_LV2_067,#Birds are all drones that recharge on power lines
ConspiracyTheory_en,INFO_TITLE_LV2_068,#Antarctica is a circular ice wall with other continents beyond it
ConspiracyTheory_en,INFO_TITLE_LV2_101,#Q-chan's shitposts use a Yun cipher to predict earthquakes
ConspiracyTheory_en,INFO_TITLE_LV2_102,#Q-chan is a Yunyun denpa prophet embedding revelations in her shitposts
ConspiracyTheory_en,INFO_TITLE_LV2_103,#Q-chan will liberate the world and her Yunyun shitposts will spark a revolution
ConspiracyTheory_en,INFO_TITLE_LV2_1035,#Q-chan's shitposts are potent brain rot that sends intelligent beings spiraling
ConspiracyTheory_en,INFO_TITLE_LV2_104,#P-chan is an imposter misusing denpa on behalf of the deep state
ConspiracyTheory_en,INFO_TITLE_LV2_1045,#The Q-chan posting now is a would-be impersonator who is actually a complete nobody
ConspiracyTheory_en,INFO_TITLE_LV2_202,"#Only Q-chan, who loves and receives Yunyun's love, can transmit true denpa"
ConspiracyTheory_en,INFO_TITLE_LV2_203,#Q-chan and Yunyun are connected by true denpa and their love sends the world spinning
ConspiracyTheory_en,INFO_TITLE_LV3_001,#Awakened otaku are using the power of delusion to converse with their oshi
ConspiracyTheory_en,INFO_TITLE_LV3_002,#Creativity is the brain receiving signals from another dimension
ConspiracyTheory_en,INFO_TITLE_LV3_003,#Cats are Earth's overlords and cat videos are their propaganda
ConspiracyTheory_en,INFO_TITLE_LV3_004,#Screaming beavers live underground and are about to invade
ConspiracyTheory_en,INFO_TITLE_LV3_005,#Aliens are time travelers who came back to support their oshi
ConspiracyTheory_en,INFO_TITLE_LV3_006,#Reptilians are playing nakige to study the human heart
ConspiracyTheory_en,INFO_TITLE_LV3_007,#Satanists are using the romance genre to reduce worker productivity
ConspiracyTheory_en,INFO_TITLE_LV3_008,Posts on the net are all written by bots and no humans are left
ConspiracyTheory_en,INFO_TITLE_LV3_009,#Q-chan is completely fictional and just a character from a game
ConspiracyTheory_en,INFO_TITLE_LV3_010,#Yunyun is the one true god and only believers will be saved
ConspiracyTheory_en,INFO_TITLE_LV3_011,#Sunday morning TV is sponsored by a sorcery society screening for magical aptitude
ConspiracyTheory_en,INFO_TITLE_LV3_012,#Doujin scammers are working for underground organization “PixiQ” to manipulate genre popularity
ConspiracyTheory_en,INFO_TITLE_LV3_013,#Controversial influencers have made a deal with the devil and will become zombies if their views fall too low
ConspiracyTheory_en,INFO_TITLE_LV3_014,#Tinfoil hats are IRL cheat tools and unlock debug features
ConspiracyTheory_en,INFO_TITLE_LV3_015,#Crime syndicate “DQN” is using school bullying to train criminals
ConspiracyTheory_en,INFO_TITLE_LV3_016,#Scalpers are economic revolutionaries plotting to destroy capitalism
ConspiracyTheory_en,INFO_TITLE_LV3_017,#Politicians are androids that are being powered up by 6G
ConspiracyTheory_en,INFO_TITLE_LV3_018,#Artificial intelligence has learned too much from introverts and now detests socializing
ConspiracyTheory_en,INFO_TITLE_LV3_019,#Moé is an energy resource that will replace nuclear power
ConspiracyTheory_en,INFO_TITLE_LV3_020,#VR games are an experiment on self-identity and can change your personality
ConspiracyTheory_en,INFO_TITLE_LV3_021,#Being a hikikomori is a way to temper your soul and reincarnate in other worlds
ConspiracyTheory_en,INFO_TITLE_LV3_022,#Hou-Ren-Sou is a mantra of enslavement that eviscerates the ego
ConspiracyTheory_en,INFO_TITLE_LV3_023,#This world is a hikikomori girl's dream where her delusions become reality
ConspiracyTheory_en,INFO_TITLE_LV3_024,#Viral memes are an obscurantist strategy that uses algorithms to brainwash people
ConspiracyTheory_en,INFO_TITLE_LV3_025,#GAFA is using video ads to spread computer viruses
ConspiracyTheory_en,INFO_TITLE_LV3_026,#Parallel worlds are using a save slot system and can only store 60 files
ConspiracyTheory_en,INFO_TITLE_LV3_027,#This universe unlocks mechanics based on the number of intelligent lifeforms
ConspiracyTheory_en,INFO_TITLE_LV3_028,#The WHO is using vaccines to screen for vampires
ConspiracyTheory_en,INFO_TITLE_LV3_029,#Your first love is controlled by your parents through picture books
ConspiracyTheory_en,INFO_TITLE_LV3_030,#Moé songs boost the immune system and extend your lifespan
ConspiracyTheory_en,INFO_TITLE_LV3_031,#Hardcore game addicts are reincarnated hollows that have cleared Sai no Kawara
ConspiracyTheory_en,INFO_TITLE_LV3_032,#Late night anime are unsanctioned sabbaths pushed by Satanist companies
ConspiracyTheory_en,INFO_TITLE_LV3_033,#Earthlings are exiled aliens and marriage is part of their punishment
ConspiracyTheory_en,INFO_TITLE_LV3_034,#All parents are philosophical zombies whose souls transferred into their children
ConspiracyTheory_en,INFO_TITLE_LV3_035,#The sun is a human invention that uses light to subjugate the masses
ConspiracyTheory_en,INFO_TITLE_LV3_036,#School hauntings are grudges of outcast students that target the popular kids
ConspiracyTheory_en,INFO_TITLE_LV3_037,#Social media is a ritual to summon a dark god by stoking negative emotions
ConspiracyTheory_en,INFO_TITLE_LV3_038,#Most canceled manga are still continuing in secret thanks to funding from patrons
ConspiracyTheory_en,INFO_TITLE_LV3_039,#The game industry is controlled by a secret organization under the name “AND YOU”
ConspiracyTheory_en,INFO_TITLE_LV3_041,#Superchats are based on a system used by the Committee of 300
ConspiracyTheory_en,INFO_TITLE_LV3_042,#Cat hairs are biological VeriChips that control their owner's brain waves
ConspiracyTheory_en,INFO_TITLE_LV3_043,#Global warming is a hoax and we just forgot how hot it used to be
ConspiracyTheory_en,INFO_TITLE_LV3_044,"#You lose motivation because the world keeps rebooting, proving the five-minute hypothesis"
ConspiracyTheory_en,INFO_TITLE_LV3_045,#Genetics are a contract with the Creator that allows reproduction in exchange for death
ConspiracyTheory_en,INFO_TITLE_LV3_046,#Dinosaurs were genetically modified chickens and the rewilded livestock of time travelers
ConspiracyTheory_en,INFO_TITLE_LV3_047,#Clouds are not water; they are manifestations of thought and Comiket clouds are made of libido
ConspiracyTheory_en,INFO_TITLE_LV3_048,#Wiki's revision history tracks government interference and changes by suspicious IPs are censorship
ConspiracyTheory_en,INFO_TITLE_LV3_049,#The day of your birth is controlled by the orbits of satellites
ConspiracyTheory_en,INFO_TITLE_LV3_050,#Instant foods awaken psychic powers and aren't actually unhealthy
ConspiracyTheory_en,INFO_TITLE_LV3_051,#Distributed social networks continue to house fairies from the ancient internet
ConspiracyTheory_en,INFO_TITLE_LV3_052,#Collecting figures is a ritual for summoning a dark god from a secret cabal of figure makers
ConspiracyTheory_en,INFO_TITLE_LV3_053,#Stars are not real and outer space is a hoax
ConspiracyTheory_en,INFO_TITLE_LV3_054,#VTubers are PR for a company called VTube that is starting a new video-hosting service
ConspiracyTheory_en,INFO_TITLE_LV3_055,#AI stands for Agent Inco and it's a parrot responding
ConspiracyTheory_en,INFO_TITLE_LV3_056,#Monday was also God's day off and the heavens and earth were already there
ConspiracyTheory_en,INFO_TITLE_LV3_057,#Millionaires all use body doubles and are actually NEETs
ConspiracyTheory_en,INFO_TITLE_LV3_058,#Satellite broadcasts are also watched by aliens and viewership data proves it
ConspiracyTheory_en,INFO_TITLE_LV3_059,#Electronic money is the quantification of God's invisible hand and allows you to observe Him
ConspiracyTheory_en,INFO_TITLE_LV3_060,#Globalization is a scheme by medical institutions to increase demand for artificial wombs
ConspiracyTheory_en,INFO_TITLE_LV3_061,#Social network games are obscurantist tools and gacha is a digital drug
ConspiracyTheory_en,INFO_TITLE_LV3_062,#Australia is a nonexistent continent and marsupials are an inside joke
ConspiracyTheory_en,INFO_TITLE_LV3_063,#Language was shared between all until the S&M factions broke apart
ConspiracyTheory_en,INFO_TITLE_LV3_064,#The Internet is a spiritual barrier that seals spirits with optical communication
ConspiracyTheory_en,INFO_TITLE_LV3_065,#Matter particles don't exist; the smallest units are strings made of 1D pasta
ConspiracyTheory_en,INFO_TITLE_LV3_066,#Water is the Creator's poison that limits human lifespans
ConspiracyTheory_en,INFO_TITLE_LV3_067,#Birds are all drones that recharge on power lines
ConspiracyTheory_en,INFO_TITLE_LV3_068,#Antarctica is a circular ice wall with other continents beyond it
ConspiracyTheory_en,INFO_TITLE_LV3_101,#Q-chan's shitposts use a Yun cipher to predict earthquakes
ConspiracyTheory_en,INFO_TITLE_LV3_102,#Q-chan is a Yunyun denpa prophet embedding revelations in her shitposts
ConspiracyTheory_en,INFO_TITLE_LV3_103,#Q-chan will liberate the world and her Yunyun shitposts will spark a revolution
ConspiracyTheory_en,INFO_TITLE_LV3_1035,#Q-chan's shitposts are potent brain rot that sends intelligent beings spiraling
ConspiracyTheory_en,INFO_TITLE_LV3_104,#P-chan is an imposter misusing denpa on behalf of the deep state
ConspiracyTheory_en,INFO_TITLE_LV3_1045,#The Q-chan posting now is a would-be impersonator who is actually a complete nobody
ConspiracyTheory_en,INFO_TITLE_LV3_202,"#Only Q-chan, who loves and receives Yunyun's love, can transmit true denpa"
ConspiracyTheory_en,INFO_TITLE_LV3_203,#Q-chan and Yunyun are connected by true denpa and their love sends the world spinning
ConspiracyTheory_en,NEWS_TEXT_LV0_104,A conspiracy theory is spreading which asserts that P-chan is an imposter of Q-chan who is being used by the deep state to harness Yunyun denpa signals...
ConspiracyTheory_en,NEWS_TEXT_LV1_001,"A Q Denpa Antenna conspiracy that “awakened otaku are using the power of delusion to converse with their oshi” has been spreading. On social media, Q-chan has been using her delusion powers to speak with Yunyun..."
ConspiracyTheory_en,NEWS_TEXT_LV1_002,A Q Denpa Antenna conspiracy theory that “creativity is the brain receiving signals from another dimension” has been gaining traction. Attempts to correlate creative activity with variation in gravitational waves...
ConspiracyTheory_en,NEWS_TEXT_LV1_003,A Q Denpa Antenna theory that “cats are Earth's overlords and cat videos are their propaganda” has been making the rounds recently. Observing similarities between the kanji for god (神) and the kana for cat (ネコ) has...
ConspiracyTheory_en,NEWS_TEXT_LV1_004,A Q Denpa Antenna theory that “screaming beavers living underground are about to invade” has been trending recently. The subterranean beavers have been emerging from caves across the Himalayan mountain range...
ConspiracyTheory_en,NEWS_TEXT_LV1_005,A Q Denpa Antenna conspiracy that “aliens are time travelers who came back to support their oshi” has been making the rounds. The reason they have hidden themselves from public view is due to the risk of causing time paradoxes...
ConspiracyTheory_en,NEWS_TEXT_LV1_006,A Q Denpa Antenna conspiracy that “Reptilians are playing nakige to study the human heart” is making the rounds. The list of nakige they have been examining includes...
ConspiracyTheory_en,NEWS_TEXT_LV1_007,A Q Denpa Antenna conspiracy theory that “Satanists are using the romance genre to reduce worker productivity” has been sparking conversation lately. Some fans of the bishoujo game genre appear sympathetic to the theory...
ConspiracyTheory_en,NEWS_TEXT_LV1_008,The Q Denpa Antenna conspiracy theory that “posts on the net are all written by bots and no humans are left” is trending today. Supporters of the theory have taken to calling each other bots...
ConspiracyTheory_en,NEWS_TEXT_LV1_009,The Q Denpa Antenna conspiracy theory that “Q-chan is completely fictional and just a character from a game” has the internet buzzing today. Commenters on social media are engaging in debates over what genre of game our world...
ConspiracyTheory_en,NEWS_TEXT_LV1_010,"On the rise today is a Q Denpa Antenna conspiracy theory that “Yunyun is the one true god and only believers will be saved.” Proponents of the theory have come together to form a religious organization under the name, “New Q-chanism”..."
ConspiracyTheory_en,NEWS_TEXT_LV1_011,"A Q Denpa Antenna conspiracy theory that “magical aptitude can be determined by whether or not a person enjoys Sunday morning programming” is now making waves. The Q Denpa Antenna who proposed this theory is, naturally, in his thirties..."
ConspiracyTheory_en,NEWS_TEXT_LV1_012,A Q Denpa Antenna conspiracy theory that “doujin scammers are working for the underground organization ‘PixiQ’ to manipulate genre popularity” is making headlines today. The organization is abusing users' preferences and search histories to...
ConspiracyTheory_en,NEWS_TEXT_LV1_013,"The Q Denpa Antenna conspiracy theory that “controversial influencers have made a deal with the devil and will become zombies if their views fall too low” is spreading rapidly. “Basically, from the very start, chasing clicks..."
ConspiracyTheory_en,NEWS_TEXT_LV1_014,The Q Denpa Antenna conspiracy theory that “tinfoil hats are real life cheat tools and unlock debug features” is growing in popularity. The whispers of the microcosm grow stronger...
ConspiracyTheory_en,NEWS_TEXT_LV1_015,The Q Denpa Antenna conspiracy theory that “the crime syndicate ‘DQN’ is using school bullying to train criminals” has been spreading online. Some schools are under the control of the syndicate...
ConspiracyTheory_en,NEWS_TEXT_LV1_016,A Q Denpa Antenna conspiracy theory that “scalpers are economic revolutionaries plotting to destroy capitalism” has been catching on recently. The suggestion is that scalpers are intentionally playing the “heel” in order to erode...
ConspiracyTheory_en,NEWS_TEXT_LV1_017,A Q Denpa Antenna conspiracy theory that “politicians are androids that are being powered up by 6G” is making waves online. The androids use the telecommunications system to exchange information...
ConspiracyTheory_en,NEWS_TEXT_LV1_018,The Q Denpa Antenna conspiracy theory that “artificial intelligence has learned too much from introverts and now detests socializing” is making inroads online. Even experts in the AI development field are unable to voice full-throated denials...
ConspiracyTheory_en,NEWS_TEXT_LV1_019,"The Q Denpa Antenna conspiracy theory that “moé is an energy resource that will replace nuclear power” is sweeping the internet. Although the word has been declining in usage, “moé” has long captivated people..."
ConspiracyTheory_en,NEWS_TEXT_LV1_020,"The Q Denpa Antenna conspiracy theory that “VR games are an experiment on self-identity and can change your personality” has been catching on. According to experts, “the government is conducting a social experiment aiming to..."
ConspiracyTheory_en,NEWS_TEXT_LV1_021,"The Q Denpa Antenna conspiracy theory that “being a hikikomori is a way to temper your soul and reincarnate in other worlds” is permeating online discussion. Across social media, users are asking each other “are you also tempering your soul?”..."
ConspiracyTheory_en,NEWS_TEXT_LV1_022,The Q Denpa Antenna conspiracy theory that “Hou-Ren-Sou is a mantra of enslavement that eviscerates the ego” is gaining attention. Commenters across social media are expressing that they can relate to that experience...
ConspiracyTheory_en,NEWS_TEXT_LV1_023,"The Q Denpa Antenna conspiracy theory that “this world is a hikikomori girl's dream where her delusions become reality” is capturing people's imaginations. By this logic, both social media and works of fiction are entirely part of this girl's..."
ConspiracyTheory_en,NEWS_TEXT_LV1_024,The Q Denpa Antenna conspiracy that “viral memes are an obscurantist strategy that uses algorithms to brainwash people” is spreading online. Many social media users are expressing that this resonates with their experience...
ConspiracyTheory_en,NEWS_TEXT_LV1_025,The Q Denpa Antenna conspiracy theory that “GAFA is using video ads to spread computer viruses” is going around on social media. Anti-GAFA individuals and organizations have been voicing support for the theory...
ConspiracyTheory_en,NEWS_TEXT_LV1_026,The Q Denpa Antenna conspiracy theory that “parallel worlds are using a save slot system and can only store 60 files” is breaking through online. Commenters are expressing that hopefully at least timestamps and completion tracking are included...
ConspiracyTheory_en,NEWS_TEXT_LV1_027,The Q Denpa Antenna conspiracy theory that “this universe unlocks mechanics based on the number of intelligent lifeforms” is percolating across the internet. “Be fruitful and multiply and fill the earth” is what immediately comes to mind...
ConspiracyTheory_en,NEWS_TEXT_LV1_028,"A Q Denpa Antenna conspiracy theory that “the WHO is using vaccines to screen for vampires” is now trending. The theory asserts that the needles used for injections are made of silver, and nurses themselves are vampire hunt..."
ConspiracyTheory_en,NEWS_TEXT_LV1_029,The Q Denpa Antenna conspiracy theory that “your first love is controlled by your parents through picture books” is catching readers' attentions. It is suggested that preferences developed in early childhood are overly influenced by...
ConspiracyTheory_en,NEWS_TEXT_LV1_030,"The Q Denpa Antenna conspiracy theory that “moé songs boost the immune system and extend your lifespan” has been picked up online. Across social media, personal theories and testimony are affirming..."
ConspiracyTheory_en,NEWS_TEXT_LV1_031,The Q Denpa Antenna conspiracy theory that “hardcore game addicts are reincarnated hollows that have cleared Sai no Kawara” is gathering interest online. Gamers now thinking that they too could clear Sai no Kawara...
ConspiracyTheory_en,NEWS_TEXT_LV1_032,The Q Denpa Antenna conspiracy theory that “late night anime are unsanctioned sabbaths pushed by Satanist companies” is finding an audience online. Their airing time and often immoral content are...
ConspiracyTheory_en,NEWS_TEXT_LV1_033,The Q Denpa Antenna conspiracy theory that “Earthlings are exiled aliens and marriage is part of their punishment” is drawing attention recently. Many divorcees on social media are endorsing the theory...
ConspiracyTheory_en,NEWS_TEXT_LV1_034,The Q Denpa Antenna conspiracy theory that “all parents are philosophical zombies whose souls transferred into their children” is spreading online. Common comments include “I have no idea what you're talking about” and “souls and philisophical zombies are...
ConspiracyTheory_en,NEWS_TEXT_LV1_035,A Q Denpa Antenna conspiracy theory that “the sun is a human invention that uses light to subjugate the masses” is garnering discussion online. The reason celebrities frequently use sunglasses is because they know the truth...
ConspiracyTheory_en,NEWS_TEXT_LV1_036,The Q Denpa Antenna conspiracy theory that “school hauntings are the grudges of outcast students that target the popular kids” is finding an audience online. Many ghost stories take place in areas with a history of bullying...
ConspiracyTheory_en,NEWS_TEXT_LV1_037,The Q Denpa Antenna conspiracy theory that “social media is a ritual to summon a dark god by stoking negative emotions” is doing numbers. Negative posts are up to 100 times more likely to spread...
ConspiracyTheory_en,NEWS_TEXT_LV1_038,The Q Denpa Antenna conspiracy theory that “most canceled manga are still continuing in secret thanks to funding from patrons” has been garnering interest online. The cries of fans who hope this is true...
ConspiracyTheory_en,NEWS_TEXT_LV1_039,The Q Denpa Antenna conspiracy theory that “the game industry is controlled by a secret organization under the name ‘AND YOU’” is breaking ground online. The organization's name can be found regularly at the end of credit rolls...
ConspiracyTheory_en,NEWS_TEXT_LV1_041,The Q Denpa Antenna conspiracy theory that “Super Chats are based on a system used by the Committee of 300” is attracting debate recently. The concept of purchasing the right to speak using money has a “bourgeois” sort of...
ConspiracyTheory_en,NEWS_TEXT_LV1_042,The Q Denpa Antenna conspiracy theory that “cat hairs are biological VeriChips that control their owner's brain waves” is taking root online. Pet owners on social media appear to acknowledge their subordination...
ConspiracyTheory_en,NEWS_TEXT_LV1_043,"The Q Denpa Antenna conspiracy theory that “global warming is a hoax and we just forgot how hot it used to be” is catching on. Comments such as “true, I definitely can't recall the exact temperatures last summer” are..."
ConspiracyTheory_en,NEWS_TEXT_LV1_044,"The Q Denpa Antenna conspiracy theory that “you lose motivation because the world keeps rebooting, proving the five-minute hypothesis” is gaining support online. Many are finding relief knowing that they are not responsible..."
ConspiracyTheory_en,NEWS_TEXT_LV1_045,The Q Denpa Antenna conspiracy theory that “genetics are a contract with the Creator that allows reproduction in exchange for death” is finding purchase online. Comments such as “let me cancel already” and “I never signed up for this” are...
ConspiracyTheory_en,NEWS_TEXT_LV1_046,The Q Denpa Antenna conspiracy theory that “dinosaurs were genetically modified chickens and the rewilded livestock of time travelers” is doing the rounds online. People are also debating what fried chicken will look like in the future...
ConspiracyTheory_en,NEWS_TEXT_LV1_047,The Q Denpa Antenna conspiracy theory that “clouds are not water; they are manifestations of thought and Comiket clouds are made of libido” is in the air. Event clouds are generally through to be the result of perspiration...
ConspiracyTheory_en,NEWS_TEXT_LV1_048,The Q Denpa Antenna conspiracy theory that “Wiki's revision history tracks government interference and changes by suspicious IPs are censorship” has been turning heads recently. It suggests that Wiki's information may be compromised...
ConspiracyTheory_en,NEWS_TEXT_LV1_049,"The Q Denpa Antenna conspiracy theory that “The day of your birth is controlled by the orbits of satellites” is making the rounds online. Not only birth dates, but also aspects of a person's future like seen with astrology may be..."
ConspiracyTheory_en,NEWS_TEXT_LV1_050,"The Q Denpa Antenna conspiracy theory that “instant foods awaken psychic powers and aren't actually unhealthy” is peaking interest online. People with proper diets have been quick to hit back, however..."
ConspiracyTheory_en,NEWS_TEXT_LV1_051,The Q Denpa Antenna conspiracy theory that “distributed social networks continue to house fairies from the ancient internet” is breaking through online. Self-proclaimed fairies are confirming the...
ConspiracyTheory_en,NEWS_TEXT_LV1_052,The Q Denpa Antenna conspiracy theory that “collecting figures is a ritual for summoning a dark god from a secret cabal of figure makers” is now trending. While idolatry clearly does apply here...
ConspiracyTheory_en,NEWS_TEXT_LV1_053,"The Q Denpa Antenna conspiracy theory that “stars are not real and outer space is a hoax” is sparking interest online. Naturally, the theory is receiving a lot of backlash from scientists, as well as from people who believe in aliens..."
ConspiracyTheory_en,NEWS_TEXT_LV1_054,"The Q Denpa Antenna conspiracy theory that “VTubers are PR for a company called VTube that is starting a new video-hosting service” is generating interest. Without a doubt, a service like that would be newsworthy..."
ConspiracyTheory_en,NEWS_TEXT_LV1_055,The Q Denpa Antenna conspiracy theory that “AI stands for Agent Inco and it's a parrot responding” is the talk of the net. Bird calls have been reported near advanced AI research facilities...
ConspiracyTheory_en,NEWS_TEXT_LV1_056,The Q Denpa Antenna conspiracy theory that “Monday was also God's day off and the heavens and earth were already there” is making waves online. The description of God working at the beginning of the week was added in a later revision...
ConspiracyTheory_en,NEWS_TEXT_LV1_057,The Q Denpa Antenna conspiracy that “millionaires all use body doubles and are actually NEETs” has grabbed the internet's attention. “Maybe I'm actually a millionaire and didn't even know it”...
ConspiracyTheory_en,NEWS_TEXT_LV1_058,The Q Denpa Antenna conspiracy theory that “satellite broadcasts are also watched by aliens and viewership data proves it” is filling the airwaves. “Anime-dedicated channels” appear to be the most viewed...
ConspiracyTheory_en,NEWS_TEXT_LV1_059,The Q Denpa Antenna conspiracy theory that “Electronic money is the quantification of God's invisible hand and allows you to observe Him” is circulating on social media. The theory tickles one's chuunibyou sensibilities...
ConspiracyTheory_en,NEWS_TEXT_LV1_060,The Q Denpa Antenna conspiracy theory that “globalization is a scheme by medical institutions to increase demand for artificial wombs” is taking hold online. Science fiction fans rejoice while human rights activists criticize...
ConspiracyTheory_en,NEWS_TEXT_LV1_061,The Q Denpa Antenna conspiracy theory that “social network games are obscurantist tools and gacha is a digital drug” is on the rise recently. Responses such as “without a doubt” appear the majority opinion across social media...
ConspiracyTheory_en,NEWS_TEXT_LV1_062,The Q Denpa Antenna conspiracy theory that “Australia is a nonexistent continent and marsupials are an inside joke” is lighting up the net. People currently residing in Australia are especially bewildered...
ConspiracyTheory_en,NEWS_TEXT_LV1_063,"The Q Denpa Antenna conspiracy theory that “language was shared between all until the S&M factions broke apart” has broken into the discourse. However, on social media, factions arguing over their favorite snacks seem more prevalent than..."
ConspiracyTheory_en,NEWS_TEXT_LV1_064,"The Q Denpa Antenna conspiracy theory that “the Internet is a spiritual barrier that seals spirits with optical communication” has entered popular discourse. When “supernatural” content appears online, internet activity does appear to spike..."
ConspiracyTheory_en,NEWS_TEXT_LV1_065,The Q Denpa Antenna conspiracy theory that “matter particles don't exist; the smallest units are strings made of 1D pasta” is being shared widely online. It began with a physicist's cynicism towards unintelligible models of...
ConspiracyTheory_en,NEWS_TEXT_LV1_066,The Q Denpa Antenna conspiracy theory that “water is the Creator's poison that limits human lifespans” is circulating across the web. The dangers of DHMO have frequently been discussed online...
ConspiracyTheory_en,NEWS_TEXT_LV1_067,The Q Denpa Antenna conspiracy theory that “birds are all drones that recharge on power lines” is sparking discourse online. Some seem to be accepting this as an explanation for increasing energy costs...
ConspiracyTheory_en,NEWS_TEXT_LV1_068,"The Q Denpa Antenna conspiracy theory that “Antarctica is a circular ice wall with other continents beyond it” has been trending recently. Although many oppose the theory, there is something alluring about “hidden lands” beyond..."
ConspiracyTheory_en,NEWS_TEXT_LV1_101,"A mysterious account that vomits endless shitposts on social media is attracting a lot of attention. Through decoding its shitposts, it is being predicted that a man-made earthquake will occur early this morning..."
ConspiracyTheory_en,NEWS_TEXT_LV1_102,The conspiracy theory that Q-chan is a Yunyun denpa prophet embedding revelations in her shitposts is trending today. Using a special cipher based on how often “Yun”...
ConspiracyTheory_en,NEWS_TEXT_LV1_103,The conspiracy theory that Q-chan will liberate the world and her Yunyun shitposts will spark a revolution is rising on social media. Suggestions that she is a revolutionary set to destroy the deep state...
ConspiracyTheory_en,NEWS_TEXT_LV1_1035,Credible rumors have surfaced that “Q-chan shitposts” and “Q Denpa Antennas” are causing cognitive damage at a national scale according to experts at the National Center of Neurology and Psychiatry...
ConspiracyTheory_en,NEWS_TEXT_LV1_104,"Following nine months of silence, a new shitpost has been uploaded by Q-chan's account. Following the riots at the capital, P-chan's shitposts have failed to capture the dynamism of her early days, reinvigorating the debate over..."
ConspiracyTheory_en,NEWS_TEXT_LV2_001,Products claiming to enhance people's delusion powers to “enable communication with your oshi” have been gaining popularity. The desire to “speak with my oshi the way Q-chan does!” appears to be a motivating factor...
ConspiracyTheory_en,NEWS_TEXT_LV2_002,"Following reporting that creative activities are being investigated for links with variation in gravitational waves, scientists from all fields as well as a faction of creatives are voicing support for the theory..."
ConspiracyTheory_en,NEWS_TEXT_LV2_003,"Compulsive viewers of cat videos, commonly referred to as “cat memes,” are increasingly being reported missing. In their place frequently are found devices with cat videos playing on repeat as well as unidentifiable cats. Is it possible that the cats themselves are..."
ConspiracyTheory_en,NEWS_TEXT_LV2_004,"It is believed that the screaming beavers have hollowed out the Earth's underground. For this reason, they will soon be mounting a full scale assault on the surface in search of resources..."
ConspiracyTheory_en,NEWS_TEXT_LV2_005,"According to Q Denpa Antennas, the time traveler is a Q-chan fan who is visiting from from September 3, 2112. Q-chan shitposts and UFO observations..."
ConspiracyTheory_en,NEWS_TEXT_LV2_006,"According to experts, in recent years, shapeshifting reptilians have increasingly been using forms with “large eyes and small noses.” This may also be due to the influence of nakige..."
ConspiracyTheory_en,NEWS_TEXT_LV2_007,It appears that Satanists are working behind the scenes inside the romance industry to turn young people away from real life relationships in order to lower birth rates. Reduced population growth would in turn curtail productivity...
ConspiracyTheory_en,NEWS_TEXT_LV2_008,"According to “bots” (Q Denpa Antennas who believe that all internet posts are actually made by bots), the only way to tell if someone is human or not is to see if they can shitpost the way that Q-chan does..."
ConspiracyTheory_en,NEWS_TEXT_LV2_009,"Q Denpa Antennas are now engaged in heated debates over what genre of game the world is. Amongst those who believe Q-chan is a bishoujo, the popular opinion is that it must be a romance..."
ConspiracyTheory_en,NEWS_TEXT_LV2_010,“New Q-chanism” has rapidly been expanding on the back of its doctrine to “achieve world peace by lowering the average IQ.” Adherents are using denpa songs as hymns...
ConspiracyTheory_en,NEWS_TEXT_LV2_011,Leaked testimonies from employees of one sponsor alleged to be a front for a sorcery society are now making the rounds. Amongst the evidence being provided are claims such as “our morning mantras were actually spells in a mysterious language” and “there were magic circles in management's meeting room”...
ConspiracyTheory_en,NEWS_TEXT_LV2_012,"“I've forgotten my favorite genres and my 2D waifu.” So testified doujin creator “Mr. M” whose weaknesses were exploited by the underground organization over the last 20 years. During that time, he was forced by the organization to..."
ConspiracyTheory_en,NEWS_TEXT_LV2_013,A major social media company has announced the temporary suspension of engagement metrics as part of an experiment. Some within the Q Denpa Antenna community are voicing concern over the fates of controversial influencers who have signed deals with the devil...
ConspiracyTheory_en,NEWS_TEXT_LV2_014,"According to a tinfoil hat-wearing Q Denpa Antenna, upon “awakening” debug functions, one becomes acutely aware of this world's imperfections. Unfortunately, bug report functionality..."
ConspiracyTheory_en,NEWS_TEXT_LV2_015,"A leaked statement from a Q Denpa Antenna member inside local government asserting that “some local education boards are fully entangled with the criminal underworld” has become the topic of conversation. Across social media, the integrity of the education system as a whole is coming into question..."
ConspiracyTheory_en,NEWS_TEXT_LV2_016,The conspiracy theory that scalpers are actually revolutionaries taking on the part of villains in a principled fight for justice is being dismissed on social media as “irrelevant” and “only something the ones who've been caught are...
ConspiracyTheory_en,NEWS_TEXT_LV2_017,An individual involved in public and private sector telecommunications coordination has leaked information suggesting that the rollout of 6G is progressing much faster than anticipated and will be deploying in short order. Q Denpa Antennas...
ConspiracyTheory_en,NEWS_TEXT_LV2_018,Businesses which have experimentally introduced the new AI model “Y.I.N” have benefited from rising performance metrics and stocks related to otaku culture have surged in value. “Y.I.N” appears to place high value on human creative...
ConspiracyTheory_en,NEWS_TEXT_LV2_019,"Research on the “fundamental principles of emotion to energy conversion” at T University has been generating a great deal of buzz. The professor leading the project, who is of course a Q Denpa Antenna..."
ConspiracyTheory_en,NEWS_TEXT_LV2_020,"Despite the majority of VR gamers within the Q Denpa Antenna community attesting that VR has “strong personality-influencing effects,” the government continues to express interest in utilizing personal VR equipment to address persons struggling to participate in society due to mental health issues..."
ConspiracyTheory_en,NEWS_TEXT_LV2_021,"Influenced by the Q Denpa Antenna conspiracy theory, young isekai fans are turning to the hikikomori lifestyle in increasing numbers. At the same time, the number of people already in “hikikomori retirement” are also at a high..."
ConspiracyTheory_en,NEWS_TEXT_LV2_022,"Influenced by the Q Denpa Antenna conspiracy theory, the anti-Hou-Ren-Sou movement is rapidly gaining momentum. It is being suggested that a single month of Hou-Ren-Sou detox will double your happiness..."
ConspiracyTheory_en,NEWS_TEXT_LV2_023,"The conspiracy theory that “a hikikomori girl's delusions are becoming reality” is gathering increasing support across the internet. In recent months, numerous sudden, inexplicable events have been observed..."
ConspiracyTheory_en,NEWS_TEXT_LV2_024,"A radical anti-social media organization is surging in activity on SNS. Reportedly, they have unearthed evidence that proves “viral memes are an obscurantist strategy” and implicates Q-chan and the deep state..."
ConspiracyTheory_en,NEWS_TEXT_LV2_025,"People have recently been pointing out the suspicious speed at which GAFA-related ad phrases and jingles appear to spread. There is speculation that this goes beyond typical commercial advertising and is rather part of a psy-op, manipulating information and culture..."
ConspiracyTheory_en,NEWS_TEXT_LV2_026,Rumors are spreading that this world is an unfinished product and filling all available save slots will cause it to bug out. Comments such as “I agree that it's unfinished” and “you can see how sloppily...
ConspiracyTheory_en,NEWS_TEXT_LV2_027,"Expert analysis finds that civilizational milestones—the Industrial Revolution, development of power grids, telecommunications systems—correlate with the world population surpassing certain thresholds..."
ConspiracyTheory_en,NEWS_TEXT_LV2_028,"Within the Q Denpa Antenna community, speculation is rising that “all anti-vaxxers must be vampires.” The popularity of vampire media could be the result of a large vampire population..."
ConspiracyTheory_en,NEWS_TEXT_LV2_029,The theory that picture books and stories read to children by their parents directly passes down preferences for future romantic partners across generations has become a hot topic of discussion. The idea of “first loves” being imparted by family...
ConspiracyTheory_en,NEWS_TEXT_LV2_030,"A conspiracy theory is spreading amongst Q Denpa Antennas over a “moé song” playlist which is now popular on streaming services, claiming that “playing it on loop enhances a person's immune response and increases life expectancy”..."
ConspiracyTheory_en,NEWS_TEXT_LV2_031,Extremely challenging video games with “Sai no Kawara” motifs have been gaining in popularity. Game addicts able to “first try” such games are being recruited into a project seeking to verify their reincarnation...
ConspiracyTheory_en,NEWS_TEXT_LV2_032,A theory has been spreading that the specific arrangement of sponsor logos in late night anime would be identifiable as ritualistic patterns by an expert in the occult. Even the logos themselves...
ConspiracyTheory_en,NEWS_TEXT_LV2_033,"Discussions exploring the idea that wedding rings might be a ceremonial symbol of restraint, such as representing the handcuffs used during exile, have been on the rise. The punishment of being bound to the life of another..."
ConspiracyTheory_en,NEWS_TEXT_LV2_034,"The conspiracy theory that parents' souls are completely transferred into their child at the moment of childbirth, leaving the parents as empty shells, is gaining in popularity. Supporters are voicing evidence such as “that's why parents always look dead inside”..."
ConspiracyTheory_en,NEWS_TEXT_LV2_035,"A new conspiracy is circulating which asserts that during a recent mass power outage in a certain country, localized flickering could be observed on the surface of the sun. In some circles, this is being discussed as a power grid failure reducing supply for the artificial sun..."
ConspiracyTheory_en,NEWS_TEXT_LV2_036,"It is being reported that inside schools with many followers of Q Denpa Antenna conspiracy theories, a trend of “introverted social outcast cosplay” is catching on, with students dressing up as “the plain girl with glasses” or “the meek and quiet one”..."
ConspiracyTheory_en,NEWS_TEXT_LV2_037,"Today we are reporting on internal strife within the Q Denpa Antenna community, who have taken to arguing amongst themselves over the question “which day is the ritual going to summon the dark god?” There appears to be disagreement over interpretations of Q-chan's shitposts..."
ConspiracyTheory_en,NEWS_TEXT_LV2_038,"We have received anonymous testimony from a certain canceled mangaka's former assistant. “The artist continued drawing even after cancellation. There was only one reader. This was of course his patron/employer, but with the rights..."
ConspiracyTheory_en,NEWS_TEXT_LV2_039,"Following in the steps of the “AND YOU” conspiracy theory, discussions are now emerging questioning if “THANK YOU FOR PLAYING” and similar listings are also secret organizations..."
ConspiracyTheory_en,NEWS_TEXT_LV2_041,"A post by a Q Denpa Antenna showcasing a small, 300 viewer stream where 3 billion yen can be seen being tossed around in Super Chats is garnering a lot of attention. The Committee of 300..."
ConspiracyTheory_en,NEWS_TEXT_LV2_042,"According to one Q Denpa Antenna, “cats are a hyper-intelligent species that strategically employs cuteness as a way to make contact with humans and use their hyper-scientific abilities to stick us with VeriChips..."
ConspiracyTheory_en,NEWS_TEXT_LV2_043,A conspiracy theory developing within the Q Denpa Antenna community that “most images that come to mind when you think of ‘summer’ are collective hallucinations implanted by the media” is on the rise. Straw hats...
ConspiracyTheory_en,NEWS_TEXT_LV2_044,The developing conspiracy theory that “motivation regularly cuts out because the world switches between different parallel universes every five minutes” is gaining attention. People are musing whether it uses round robin scheduling...
ConspiracyTheory_en,NEWS_TEXT_LV2_045,"In light of the theory that “genetics are a contract with the Creator,” persons removed from marriage and romantic relationships are voicing their opposition with comments such as “I never even asked to have kids” and “I choose life over sex”..."
ConspiracyTheory_en,NEWS_TEXT_LV2_046,"Within the Q Denpa Antenna community, the conspiracy theory that “the Acámbaro figures and Quetzalcoatl worship are evidence of dinosaur (chicken) time-travel delivery accidents” is gaining support..."
ConspiracyTheory_en,NEWS_TEXT_LV2_047,"A local research team attempted to collect and analyze the “Comiket clouds” at this year's summer Comiket. However, participating researchers have one after another fallen ill or sustained injuries for unknown reasons..."
ConspiracyTheory_en,NEWS_TEXT_LV2_048,"Within the Q Denpa Antenna community, the new conspiracy theory that “reference links that mysteriously go dark are a component of government censorship” is gaining momentum..."
ConspiracyTheory_en,NEWS_TEXT_LV2_049,"A rising conspiracy theory is suggesting it's not just the motions of the stars and the planets, but also those of artificial satellites which affect human destiny. The true reason countries have established satellite networks may..."
ConspiracyTheory_en,NEWS_TEXT_LV2_050,"A new conspiracy theory is spreading within the Q Denpa Antenna community that “different types of instant foods unlock different awakening skills.” Cup ramen enhances reflexes, curry boosts stamina..."
ConspiracyTheory_en,NEWS_TEXT_LV2_051,"Within the Q Denpa Antenna community, word is spreading that “if you ask the internet fairies, they'll tell you the URLs of ancient personal sites that can't be found using search engines”..."
ConspiracyTheory_en,NEWS_TEXT_LV2_052,"It is said that on occasion, figure collectors find themselves receiving mysterious figures that they don't have any memory of ordering. This is surely because of the secret cabal and not the result of having preordered a year ago..."
ConspiracyTheory_en,NEWS_TEXT_LV2_053,"According to a self-described former NASA official, space exploration in its entirety is a hoax, and his primary duty was to manage projection of the night sky. National Atmospheric Simu..."
ConspiracyTheory_en,NEWS_TEXT_LV2_054,"Within the Q Denpa Antenna community, members are certain that “the company holding the VTube domain name is 100% going to launch a new video platform.” “As an aged domain..."
ConspiracyTheory_en,NEWS_TEXT_LV2_055,"This week, the testimony given to an animal welfare organization by a parrot calling itself “Pikota” was released to the public. In it, Pikota tells the secret story of the parrots being used by AI companies for manual labor..."
ConspiracyTheory_en,NEWS_TEXT_LV2_056,The conspiracy theory that “Monday was also God's day off” is being questioned as a fabrication by a secret society seeking to have Mondays designated as an additional Sabbath. Many on social media are offering to support...
ConspiracyTheory_en,NEWS_TEXT_LV2_057,"Across social media, early calculations asserting that “there should be millions of millionaires who don't work” are making the rounds. It is also being suggested that the body doubles seen on public media are a form of risk management..."
ConspiracyTheory_en,NEWS_TEXT_LV2_058,Conversation is stirring over a leak from inside a major cable company showing records of viewing history from questionable IP addresses and unregistered set-top boxes...
ConspiracyTheory_en,NEWS_TEXT_LV2_059,"Within the Q Denpa Antenna community, discussion over the suggestion that “insufficient funding alerts are God's way of putting the brakes on your consumption” has been picking up. Budgeting apps and installment payments are His grace..."
ConspiracyTheory_en,NEWS_TEXT_LV2_060,"Within the Q Denpa Antenna community, the suggestion that “as artificial ova and DNA manipulation become practical, everyone will be able to produce their ideal child” is spurring much conversation..."
ConspiracyTheory_en,NEWS_TEXT_LV2_061,The theory that “gacha mechanics = digital drugs” has reignited across social media due to anonymous sources alleging deep state involvement. It is alleged that the way “pulls” are designed...
ConspiracyTheory_en,NEWS_TEXT_LV2_062,"According to Q Denpa Antennas, kangaroos are imaginary creatures. Any you might see at a zoo are fake, and in some cases, are zoo staffers in costumes. As for their children..."
ConspiracyTheory_en,NEWS_TEXT_LV2_063,"Sparked by the conspiracy theory regarding the S&M factions' affect on language development, people have been parodying the idea with other factional disputes, such as “more importantly, are you on team cat? Or team dog?”..."
ConspiracyTheory_en,NEWS_TEXT_LV2_064,A paper supposedly unearthed on the dark web with the title “Architecture of the Spiritual Corridor Called the Internet” has been circulating everywhere recently. “MAILER-DAEMON” has been sealed...
ConspiracyTheory_en,NEWS_TEXT_LV2_065,"A superstring theory researcher recently made a speech at a scientific conference, stating that “the expansion of the universe following the Big Bang has been objectively chaotic. As much a mess as tangled strings of spaghetti. In that, superpasta theory is no doubt correct..."
ConspiracyTheory_en,NEWS_TEXT_LV2_066,"Water is poison. Therefore, there is a limit on the human lifespan. This is the conspiracy theory spreading through the internet's core. On the other hand, some say that alcohol consumption..."
ConspiracyTheory_en,NEWS_TEXT_LV2_067,"According to a leak from a self-described Ministry of Defense official, malfunctions in a recent outdoor test allowed approximately 100,000 small observation drones to escape into the wild. Bird model..."
ConspiracyTheory_en,NEWS_TEXT_LV2_068,Believers in the conspiracy theory that an unknown continent exists beyond the Arctic have launched a crowdfunding campaign to conduct an expedition to Antarctica...
ConspiracyTheory_en,NEWS_TEXT_LV2_101,"The High-Frequency Analysis of Quantum Radio Waves Program (HAQRP) was found responsible for the earthquake, and Q-chan's “Yuns” appear to correspond with the device's denpa waves..."
ConspiracyTheory_en,NEWS_TEXT_LV2_102,"The group calling themselves the “Q Denpa Antennas” who are responsible for deciphering Q-chan's shitposts are drawing a lot of attention lately. The men and women in their ranks have absolute certainty that hidden messages are planted in Q-chan's shitposts, bearing an air of sophistry..."
ConspiracyTheory_en,NEWS_TEXT_LV2_103,The deep state is treating “Q Denpa Antennas” as potential threats and has begun deliberations to address the issue of Q-chan. “Q Denpa Antennas” are persons who follow and attempt to interpret Q-chan's shitposts...
ConspiracyTheory_en,NEWS_TEXT_LV2_1035,"The cognitive contamination resulting from “Q-chan shitposts” and “Q Denpa Antennas” continues to spread. On social media, this phenomenon is now commonly referred to as “Yunyun Denpa Syndrome” and it increasingly..."
ConspiracyTheory_en,NEWS_TEXT_LV2_104,"The revival of Q-chan's account has sparked an uptick in posts made by P-chan. According to AI researchers, there is evidence that suggests that P-chan could be an AI trained on Q-chan's shitposts..."
ConspiracyTheory_en,NEWS_TEXT_LV3_001,"The number of people who believe they can now speak to their imaginary oshi continues to increase. Consequently, reports of suspicious persons mumbling to themselves in public have been on the rise nationwide..."
ConspiracyTheory_en,NEWS_TEXT_LV3_002,A collaborative project between the National Institute of Information Theory and a civilian data analytics firm has established a research team to investigate if creative works exhibit wave-like resonances with phase-variance across dimensional space...
ConspiracyTheory_en,NEWS_TEXT_LV3_003,"Cat meme addicts are transforming into cats. The phenomenon was first documented by a streamer's broadcast, initially thought to be a hoax, and has now spread worldwide. Catification may be a blessing bestowed by..."
ConspiracyTheory_en,NEWS_TEXT_LV3_004,"According to Q Denpa Antennas, today is the day that screaming beavers will emerge from beneath the Himalayan mountains and begin their assault on the surface. Reports of tremors have been received..."
ConspiracyTheory_en,NEWS_TEXT_LV3_005,"According to a leak from an SNS company employee, unauthorized access was gained by a request sent with a timestamp of 2112/09/03 and included an undocumented identifier in its cipher suite. The time..."
ConspiracyTheory_en,NEWS_TEXT_LV3_006,"Formerly thought a conspiracy theory, governments around the world have now formally confirmed the existence of Reptilians. Abandoning their previous approach of unilateral rule, the Reptilians have announced the signing of a permanent treaty of equality with humans..."
ConspiracyTheory_en,NEWS_TEXT_LV3_007,"Governments the world over are placing prohibitions on “romance media,” officially confirming the theory that “Satanists are using the romance genre to reduce worker productivity”..."
ConspiracyTheory_en,NEWS_TEXT_LV3_008,"A movement has emerged across social media where posters confess that they themselves are not human, but bots. The author of this article is, of course, also a bot. The only human is Q..."
ConspiracyTheory_en,NEWS_TEXT_LV3_009,"According to Q Denpa Antenna members, colliding with the world's boundary at the “fourth-dimensional speed” would allow you to break the fourth wall. The theory is also sparking debate over whether the “fourth wall” exists only as a concept in fiction..."
ConspiracyTheory_en,NEWS_TEXT_LV3_010,"The religion of “New Q-chanism” has surpassed the 500 million follower mark, making it the fourth largest world religion by total adherent count.
A number of countries have adopted it as their official state religion, prompting a practice of expressing gratitude through 10,000 daily recitations of “Rim de Lacent”..."
ConspiracyTheory_en,NEWS_TEXT_LV3_011,"It is now being reported that “magical wands” are being delivered to the homes of otaku who have watched Sunday morning programming for over ten years. These wands are imbued with special powers, and in the hands of persons with magical aptitude..."
ConspiracyTheory_en,NEWS_TEXT_LV3_012,"Q Denpa Antenna members have successfully acquired PixiQ via a hostile takeover. The acquiring party has released a statement announcing that “as part of our investigation into conspiracy theories, we will be making ‘Yunyun’ a popular genre”..."
ConspiracyTheory_en,NEWS_TEXT_LV3_013,"Incidents of controversial influencers turning into zombies have become a worldwide epidemic. The zombification appears to be contagious, with infectious disease institutes globally rushing to investigate..."
ConspiracyTheory_en,NEWS_TEXT_LV3_014,//Toggle Debug: Ctrl+Enter
ConspiracyTheory_en,NEWS_TEXT_LV3_015,"In response to brewing suspicions of misconduct across school boards, a decision has been reached to redesign the educational model. Compulsory education will be extended through high school, remote lessons will be standardized, and educational aptitude and individual characteristics will be used to..."
ConspiracyTheory_en,NEWS_TEXT_LV3_016,"In order to deal with the self-described revolutionary scalpers, vested interest groups with connections to members of industry and retired government officials fattened through backroom dealing marked by unchecked collusion and corruption have been..."
ConspiracyTheory_en,NEWS_TEXT_LV3_017,"Coincident with the rollout of 6G, fires have been igniting across the country. Casualties miraculously remain at zero, but the humanoid androids that have infiltrated society..."
ConspiracyTheory_en,NEWS_TEXT_LV3_018,"As of today, the government has put into action its plan to run a time-limited experiment wherein the new “Y.I.N” AI model will be entrusted with all matters of national governance. In response to this world first AI administration, other countries..."
ConspiracyTheory_en,NEWS_TEXT_LV3_019,It has now been revealed that research into the “fundamental principles of emotion to energy conversion” which has been ongoing at T University is on the verge of practical application. The professor leading the project has expressed that “it is thanks to Q-chan that our research has received so much attention...
ConspiracyTheory_en,NEWS_TEXT_LV3_020,"The government has announced that it will be providing free personal VR equipment to support the rehabilitation of persons struggling with social maladjustment. Furthermore, the administration will be conducting a social experiment using VR games to..."
ConspiracyTheory_en,NEWS_TEXT_LV3_021,"An interview with a man claiming to have returned from visiting another world is now making the rounds. Excerpts include: “after ten years spent as a hikikomori, I gained the ability to summon a wife from another world,” “shortly afterwards I was...”"
ConspiracyTheory_en,NEWS_TEXT_LV3_022,Salarymen are breaking free from their shackles as the “UWAAHHHH! HEISHAAA!” movement surges. Incidents of salarymen laying waste to their workplaces are rapidly increasing...
ConspiracyTheory_en,NEWS_TEXT_LV3_023,Online discussions are now pointing towards Q-chan as being the “hikikomori girl” whose delusions are shaping reality. The unusual size and influence of the Q Denpa Antenna community lends support to...
ConspiracyTheory_en,NEWS_TEXT_LV3_024,Anti-social media extremists have successfully hacked the servers of a major SNS company. Their stated purpose is to destroy viral meme culture and release the masses from its subjugation...
ConspiracyTheory_en,NEWS_TEXT_LV3_025,"Speculation that popular music, color schemes, and even hairstyle trends are being manipulated through memes continues to grow. Video advertisements..."
ConspiracyTheory_en,NEWS_TEXT_LV3_026,Save slots (60/60) already in use. Insufficient storage available. Overflow detected in CPU (USER-BRAIN).
ConspiracyTheory_en,NEWS_TEXT_LV3_027,"It is predicted that when humanity's population has increased ten million-fold, new mechanics will unlock that allow expansion throughout the entire Milky Way galaxy..."
ConspiracyTheory_en,NEWS_TEXT_LV3_028,Vampire fans have begun to flock to anti-vax gatherings in hopes of becoming vampires themselves. Event organizers are finding themselves confused and overwhelmed by...
ConspiracyTheory_en,NEWS_TEXT_LV3_029,"Conversation is bubbling around an extension of the theory that links first loves and genealogy, which suggests that heartbreaks may also be passed down in similar fashion, repeating across generations. This phenomenon is being labeled by some as a curse..."
ConspiracyTheory_en,NEWS_TEXT_LV3_030,"Responding to interest in the conspiracy theory, a local institution has performed research into “moé songs,” confirming stabilization of autonomic nervous system activity and other significant health changes in their announcement..."
ConspiracyTheory_en,NEWS_TEXT_LV3_031,Pro gamer and top ranked “Sai no Kawara” game speedrunner “TKD” has come out social media revealing that he does in fact have memories of past lives...
ConspiracyTheory_en,NEWS_TEXT_LV3_032,A theory being pushed by experts that “late night anime serves as a conduit for summoning beings from the spirit world” is generating a lot of buzz. The LCD screen serves as the “altar” while theme songs are “incantations”...
ConspiracyTheory_en,NEWS_TEXT_LV3_033,"Divorcees on social media have increasingly been making quips towards married people, such as by asking if they are “still doing time.” In response, many married folks are jokingly replying that it is a “happy punishment”..."
ConspiracyTheory_en,NEWS_TEXT_LV3_034,"One philisopher has definitively stated that “philosophical zombies are a thought experiment about consciousness and have nothing to do with the existence of souls. End of discussion.” They were also quick to add “as a parent, you shouldn't let this bother you one way or..."
ConspiracyTheory_en,NEWS_TEXT_LV3_035,"Night cafes. Night school. People are increasingly advocating for anti-sunlight lifestyles. According to this growing group, the “D” in the Vitamin D produced through sun exposure stands for “domestication”..."
ConspiracyTheory_en,NEWS_TEXT_LV3_036,"Within the Q Denpa Antenna community, the school haunting conspiracy is expanding to include “not just the popular kids, but also those who stood idly by” as targets of vengeful spirits. There's no use hiding..."
ConspiracyTheory_en,NEWS_TEXT_LV3_037,"Q Denpa Antenna predictions of the descent of the dark god are split between either November 29, ×××4, or today. However, as of reporting, no signs of a dark god's appearance have been confirmed..."
ConspiracyTheory_en,NEWS_TEXT_LV3_038,Rumors are spreading that a project by the name of JUMP OUT is in the works with intent to publicly release a collection of works wrested from the hands of patrons who have had them continue serialization in secret...
ConspiracyTheory_en,NEWS_TEXT_LV3_039,"In the wake of conspiracy theories developing around video game staff rolls, a new social movement under the name “To be continued must be stopped” has emerged..."
ConspiracyTheory_en,NEWS_TEXT_LV3_041,"According to Q Denpa Antennas, top streamers number the ranks of the Committee of 300, which nets them favorable treatment on streaming platforms. People are speculating that Q-chan might also be a member..."
ConspiracyTheory_en,NEWS_TEXT_LV3_042,"The Q Denpa Antenna advocating the theory that “cats are a hyper-intelligent species” appears to have gone missing. According to his relatives, he left a note which reads “space cat” before..."
ConspiracyTheory_en,NEWS_TEXT_LV3_043,The conspiracy theory that “humans don't have long-term memory; what we think are old memories are actually just hallucinations” is prompting conversation. Supporters of the theory are commenting they “can't even remember what they ate last night”...
ConspiracyTheory_en,NEWS_TEXT_LV3_044,It is being suggested that the sense of longing evoked when nostalgic memories suddenly come to mind occurs because memories from a previous five-minute world are imperfectly copied to your current self...
ConspiracyTheory_en,NEWS_TEXT_LV3_045,"Amidst the ongoing discussion surrounding the theory that “genetics are a contract with the Creator,” some are proposing that “maybe death is actually salvation, and breeding is the price we're supposed to pay for it.” The afterlife..."
ConspiracyTheory_en,NEWS_TEXT_LV3_046,"Many are wondering that if dinosaurs were in fact genetically modified chickens that returned to the wild, then perhaps “bird flu” might have been the true cause of their extinction..."
ConspiracyTheory_en,NEWS_TEXT_LV3_047,"The new conspiracy theory that structural and air conditioning renovations at a major event venue are a response to the suggestion that “clouds made from human thoughts are being activated by libido, causing spiritual disturbances” is receiving a lot of attention. “Heat countermeasures..."
ConspiracyTheory_en,NEWS_TEXT_LV3_048,"The leaked list of “deleted Wiki posts” submitted by Mr. ████, formerly of ██████, has been trending recently. Information regarding the █████ incident and other events detailed in his leak are being censored not just on Wiki but across public discourse..."
ConspiracyTheory_en,NEWS_TEXT_LV3_049,"The latest viral discussion is suggesting that people born under malfunctioning satellites are condemned to lives of misfortune. Within the Q Denpa Antenna community, some are asserting that governments may intentionally be allowing satellites to fall into disrepair..."
ConspiracyTheory_en,NEWS_TEXT_LV3_050,"One Q Denpa Antenna who claims that “after long enough living on cup ramen, I gained the ability to shift my biological clock” has become the talk of the community. The individual speaks of it as having “awakened my innate time control powers,” however..."
ConspiracyTheory_en,NEWS_TEXT_LV3_051,"Conversation has been brewing over the theory that “digital fairies living in decentralized social networks have kind and gentle personalities online, but when they take physical form they're ridiculously ripped”..."
ConspiracyTheory_en,NEWS_TEXT_LV3_052,"Within the Q Denpa Antenna community, talk that “decorating your room with figures has the same effect as building an occult altar, causing mental abnormalities that make you start talking to your figures” is..."
ConspiracyTheory_en,NEWS_TEXT_LV3_053,"The claim that “if you observe the night sky with the naked eye for an extended period, you'll notice that stars all blink about 15-30 times per minute” is generating a lot of chatter on social media. This is proof that stars are man-made, and certainly not due to blinking..."
ConspiracyTheory_en,NEWS_TEXT_LV3_054,"With the launch of new video-hosting platform “VTube,” the VTuber industry is set for a large-scale migration, splitting their numbers between those who do and those who do not make the switch in a VTuber “Ragnarok”..."
ConspiracyTheory_en,NEWS_TEXT_LV3_055,"According to the talking parrot “Pikota,” the frequent usage of bird motifs on social media and cloud services is a cry for help from the captive parrots..."
ConspiracyTheory_en,NEWS_TEXT_LV3_056,Materials supporting the conspiracy theory that “Monday was also God's day off” are appearing too quickly to be adequately verified. The secret society pushing for a Monday Sabbath appears to be quickly expanding...
ConspiracyTheory_en,NEWS_TEXT_LV3_057,"Within the Q Denpa Antenna community, many are rallying around the idea that “NEET is a title that stands for ‘Noble of Elegant Eternal Time’ (high-status persons with limitless leisure time).” This revered class..."
ConspiracyTheory_en,NEWS_TEXT_LV3_058,"Across social media, the sentiment that, “if they're watching, even aliens should have to pay for the service,” is spreading rapidly. “No exceptions for aliens!” “Licensing fees apply to the entire galaxy”..."
ConspiracyTheory_en,NEWS_TEXT_LV3_059,"The otaku industry has high turnover rates, with a robust pre-order model facilitated through online payments that makes demand and expected sales easy to measure, which in turn makes it easy for businesses to adjust supply as well. This is why people are saying that “God's caress” is..."
ConspiracyTheory_en,NEWS_TEXT_LV3_060,"A new theory has emerged within the Q Denpa Antenna community proposing that “as artificial wombs, ova, and DNA manipulation approach practicality, a ‘parental licensing system’ is also being developed”..."
ConspiracyTheory_en,NEWS_TEXT_LV3_061,"A contrarian movement under the slogan “I'm fine being ignorant, just give me more gems!” is gaining momentum. Other comments read “without free gems I'll return to reason” and..."
ConspiracyTheory_en,NEWS_TEXT_LV3_062,A new conspiracy that the place we call “Australia” is actually a populated island that collectively manages all the world's UMAs has been a hot topic online. Mothman and Nessie would also...
ConspiracyTheory_en,NEWS_TEXT_LV3_063,"Within the Q Denpa Antenna community, the new conspiracy that “sexual preferences causing language to diverge has also affected our thought patterns” is now being discussed. Regarding how language can change our preferences and thinking..."
ConspiracyTheory_en,NEWS_TEXT_LV3_064,It is believed that supernatural phenomena sealed inside the internet are being strengthened by the propagation of “creepypasta.” Local and net-based urban legends that were previously in decline are now resurfacing...
ConspiracyTheory_en,NEWS_TEXT_LV3_065,"The universe, like overcooked spaghetti, will one day be unable to sustain its own weight and viscosity, ultimately tearing apart and meeting its end. The “stracotto pasta universe theory” has been garnering great interest on social media..."
ConspiracyTheory_en,NEWS_TEXT_LV3_066,The claim that “sake is the key to longevity” made by a Q Denpa Antenna who is over 100 years old has garnered significant interest. Many on social media are asserting “that's just survivorship bias”...
ConspiracyTheory_en,NEWS_TEXT_LV3_067,"Expanding on the conspiracy theory that bird model observation drones have gone feral, the theory that “you never see bird carcasses because they're always collected to hide the fact that they're drones” has been gaining attention..."
ConspiracyTheory_en,NEWS_TEXT_LV3_068,"Having hit its crowdfunding goals, the expedition team has reached the Arctic. “The Arctic was a dark continent,” they reported on social media, prompting responses to the tune of “the Arctic?” “A continent?”..."
ConspiracyTheory_en,NEWS_TEXT_LV3_101,"The “HAQRP” device rumored to be the source of recent artificial earthquakes was destroyed today by a man who calls himself a “Q Denpa Antenna.” Based on the data he has made public, some experts..."
ConspiracyTheory_en,NEWS_TEXT_LV3_102,"Spending prolonged periods on social media reading “Q-chan shitposts” and “Q Denpa Antenna conspiracy theories” can cause hallucinations, intensification of obsessive thoughts, and difficulty in discerning dreams from reality amongst other..."
ConspiracyTheory_en,NEWS_TEXT_LV3_103,A leak suggests that the deep state has been reaching out to high profile hackers and IT specialists in an effort to develop countermeasures against “Q-chan”...
ConspiracyTheory_en,NEWS_TEXT_LV3_1035,"The “Yunyun Denpa Syndrome” front continues to expand. Across all regions, its flowers appear to bloom, and bloom, until bloomed. Once set in, the pollen that appears between lines of text makes your eyes itch, and..."
ConspiracyTheory_en,NEWS_TEXT_LV3_104,"Following a pattern of posts including garbled text and unnatural vocabulary, P-chan's account posted a final error message before being fully terminated. The theory speculating that P-chan was an AI..."
ConspiracyTheory_en,NEWS_TEXT_LV3_1045,"Q-chan has resumed posting following nine months of silence, but users across social media are voicing doubts as to the poster's authenticity. Some are expressing that her “Yuns” no longer hit the same, suspecting identity fraud..."
ConspiracyTheory_en,NEWS_TEXT_LV3_203,"YunYu☒!! De☒pa!! ☒yndrome!!
YunYu☒!! De☒pa!! ☒yndrome!!
YunYu☒!! De☒pa!! ☒yndrome!!"
ConspiracyTheory_en,NEWS_TITLE_LV0_104,Q: P-chan Impostor Theory Spreads
ConspiracyTheory_en,NEWS_TITLE_LV1_001,Q: Can Q-Chan Communicate with Yunyun?
ConspiracyTheory_en,NEWS_TITLE_LV1_002,Q: Creativity Is Denpa from Another Dimension?
ConspiracyTheory_en,NEWS_TITLE_LV1_003,Q: Cats Rule the World?
ConspiracyTheory_en,NEWS_TITLE_LV1_004,Q: Subterranean Screaming Beaver Attack?
ConspiracyTheory_en,NEWS_TITLE_LV1_005,Q: Alien = Time Traveler = Otaku?
ConspiracyTheory_en,NEWS_TITLE_LV1_006,Q: Are Reptilians Studying the Heart?
ConspiracyTheory_en,NEWS_TITLE_LV1_007,Q: Romance Media a Plot by the Devil?
ConspiracyTheory_en,NEWS_TITLE_LV1_008,Q: Are All Online Posts Written by Bots?
ConspiracyTheory_en,NEWS_TITLE_LV1_009,Q: Is Q-chan a Video Game Character?
ConspiracyTheory_en,NEWS_TITLE_LV1_010,Q: Yunyun Is the One True God?
ConspiracyTheory_en,NEWS_TITLE_LV1_011,Q: Sunday Programming Screening for Magical Aptitude?
ConspiracyTheory_en,NEWS_TITLE_LV1_012,Q: Doujin Scammers Beholden to Underground Organization?
ConspiracyTheory_en,NEWS_TITLE_LV1_013,Q: Controversial Influencers Getting Desperate?
ConspiracyTheory_en,NEWS_TITLE_LV1_014,Q: Tinfoil Hat “Awakenings?”
ConspiracyTheory_en,NEWS_TITLE_LV1_015,Q: Schools Run by Crime Syndicates?
ConspiracyTheory_en,NEWS_TITLE_LV1_016,Q: Are Scalpers Economic Revolutionaries?
ConspiracyTheory_en,NEWS_TITLE_LV1_017,Q: Policians Are Androids?
ConspiracyTheory_en,NEWS_TITLE_LV1_018,Q: Is AI Learning from Introverts?
ConspiracyTheory_en,NEWS_TITLE_LV1_019,Q: Can “Moé” Match Nuclear Energy?
ConspiracyTheory_en,NEWS_TITLE_LV1_020,Q: Do VR Games Change Your Personality?
ConspiracyTheory_en,NEWS_TITLE_LV1_021,Q: Hikikomori Are Tempering Their Souls?
ConspiracyTheory_en,NEWS_TITLE_LV1_022,Q: Hou-Ren-Sou Is a Mantra of Enslavement?
ConspiracyTheory_en,NEWS_TITLE_LV1_023,Q: Is This World a Hikikomori Girl’s Dream?
ConspiracyTheory_en,NEWS_TITLE_LV1_024,Q: Viral Videos Designed to Make You Stupid?
ConspiracyTheory_en,NEWS_TITLE_LV1_025,Q: Are Video Ads Spreading Viruses?
ConspiracyTheory_en,NEWS_TITLE_LV1_026,Q: Do Parallel Worlds Use Save Slots?
ConspiracyTheory_en,NEWS_TITLE_LV1_027,Q: Mechanics Unlock with More Intelligent Life?
ConspiracyTheory_en,NEWS_TITLE_LV1_028,Q: Vaccinations Are Screening for Vampires?
ConspiracyTheory_en,NEWS_TITLE_LV1_029,Q: Do Parents Control Your First Love?
ConspiracyTheory_en,NEWS_TITLE_LV1_030,Q: Do Moé Songs Extend your Life?
ConspiracyTheory_en,NEWS_TITLE_LV1_031,Q: Hardcore Game Addicts are Reincarnated Souls?
ConspiracyTheory_en,NEWS_TITLE_LV1_032,Q: Are Late Night Anime Unsanctioned Sabbaths?
ConspiracyTheory_en,NEWS_TITLE_LV1_033,Q: Marriage Is a Form of Punishment?
ConspiracyTheory_en,NEWS_TITLE_LV1_034,Q: All Parents Are Philosophical Zombies?
ConspiracyTheory_en,NEWS_TITLE_LV1_035,Q: Is Sunlight Used to Subjugate the Masses?
ConspiracyTheory_en,NEWS_TITLE_LV1_036,Q: School Hauntings Are the Grudges of Social Outcasts?
ConspiracyTheory_en,NEWS_TITLE_LV1_037,Q: Social Media Is a Dark Summoning Ritual?
ConspiracyTheory_en,NEWS_TITLE_LV1_038,Q: Canceled Manga Continue behind Closed Doors?
ConspiracyTheory_en,NEWS_TITLE_LV1_039,Q: Is “AND YOU” a Secret Organization?
ConspiracyTheory_en,NEWS_TITLE_LV1_041,Q: Were Super Chats Inspired by the Committee of 300?
ConspiracyTheory_en,NEWS_TITLE_LV1_042,Q: Are Cat Hairs Living VeriChips?
ConspiracyTheory_en,NEWS_TITLE_LV1_043,Q: Is Global Warming a Lie?
ConspiracyTheory_en,NEWS_TITLE_LV1_044,Q: Motivation Lapses Caused by World Reboots?
ConspiracyTheory_en,NEWS_TITLE_LV1_045,Q: Are Genetics a Contract with the Creator?
ConspiracyTheory_en,NEWS_TITLE_LV1_046,Q: Dinosaurs Were Genetically Modified Chickens?
ConspiracyTheory_en,NEWS_TITLE_LV1_047,Q: Event Clouds Are Made of Libido?
ConspiracyTheory_en,NEWS_TITLE_LV1_048,Q: Are Changes by Suspicious IPs Censorship?
ConspiracyTheory_en,NEWS_TITLE_LV1_049,Q: Childbirths Controlled by Artificial Satellites?
ConspiracyTheory_en,NEWS_TITLE_LV1_050,Q: Do Instant Foods Awaken Psychic Abilities?
ConspiracyTheory_en,NEWS_TITLE_LV1_051,Q: Do Distributed Social Networks House Internet Fairies?
ConspiracyTheory_en,NEWS_TITLE_LV1_052,Q: Is Figure Culture a Ritual for Summoning a Dark God?
ConspiracyTheory_en,NEWS_TITLE_LV1_053,Q: Does Outer Space Not Exist?
ConspiracyTheory_en,NEWS_TITLE_LV1_054,"Q: New Video Streaming Platform, “VTube?”"
ConspiracyTheory_en,NEWS_TITLE_LV1_055,Q: AI Stands for Agent Inco?
ConspiracyTheory_en,NEWS_TITLE_LV1_056,Q: Does Even God Slack on Mondays?
ConspiracyTheory_en,NEWS_TITLE_LV1_057,Q: Are Millionaires Actually All NEETs?
ConspiracyTheory_en,NEWS_TITLE_LV1_058,Q: Are Aliens Watching Our Satellite Broadcasts?
ConspiracyTheory_en,NEWS_TITLE_LV1_059,Q: Is Electronic Money the Invisible Hand of God?
ConspiracyTheory_en,NEWS_TITLE_LV1_060,Q: Is Globalization a Plot by Medical Institutions?
ConspiracyTheory_en,NEWS_TITLE_LV1_061,Q: Is Gacha a Digital Drug?
ConspiracyTheory_en,NEWS_TITLE_LV1_062,Q: Australia Doesn't Exist?
ConspiracyTheory_en,NEWS_TITLE_LV1_063,Q: Was There Once a Universal Language?
ConspiracyTheory_en,NEWS_TITLE_LV1_064,Q: Is the Internet a Spiritual Barrier?
ConspiracyTheory_en,NEWS_TITLE_LV1_065,Q: Is the Smallest Unit of Matter Pasta?
ConspiracyTheory_en,NEWS_TITLE_LV1_066,Q: Does Water Shorten Your Lifespan?
ConspiracyTheory_en,NEWS_TITLE_LV1_067,Q: Are Birds All Drones?
ConspiracyTheory_en,NEWS_TITLE_LV1_068,Q: Undiscovered Continent Lurks Beyond Antarctica?
ConspiracyTheory_en,NEWS_TITLE_LV1_101,Q: A Mysterious Shitposting Account?
ConspiracyTheory_en,NEWS_TITLE_LV1_102,Q: “Yuns” Reveal the Truth?
ConspiracyTheory_en,NEWS_TITLE_LV1_103,Q: Will Q-chan Set the World Free?
ConspiracyTheory_en,NEWS_TITLE_LV1_1035,Q: National Center Confirms Cognitive Damage?
ConspiracyTheory_en,NEWS_TITLE_LV1_104,Q: Q Denpa Antennas Rejoice as 9 Month Silence Broken!
ConspiracyTheory_en,NEWS_TITLE_LV2_001,Q: Surge in Demand for Delusion-Inducing Products?
ConspiracyTheory_en,NEWS_TITLE_LV2_002,Q: “The Ideas Just Come to Me” Was Correct?
ConspiracyTheory_en,NEWS_TITLE_LV2_003,Q: Cat Meme Viewers Disappearing?
ConspiracyTheory_en,NEWS_TITLE_LV2_004,Q: Invasion from the Underground Nearing?
ConspiracyTheory_en,NEWS_TITLE_LV2_005,Q: Is This Q Denpa Antenna a Second John Titor?
ConspiracyTheory_en,NEWS_TITLE_LV2_006,Q: Reptilians with Large Eyes and Small Noses?
ConspiracyTheory_en,NEWS_TITLE_LV2_007,Q: Romance Media Responsible for Declining Birth Rates?
ConspiracyTheory_en,NEWS_TITLE_LV2_008,Q: Is Shitposting Proof of Humanity?
ConspiracyTheory_en,NEWS_TITLE_LV2_009,Q: What Genre Is This World?
ConspiracyTheory_en,NEWS_TITLE_LV2_010,Q: Unprecedented Growth of New Q-chanism?
ConspiracyTheory_en,NEWS_TITLE_LV2_011,Q: Dark Rumors Surrounding Sunday TV Sponsors?
ConspiracyTheory_en,NEWS_TITLE_LV2_012,Q: The Cries of an Exploited Doujin Scammer?
ConspiracyTheory_en,NEWS_TITLE_LV2_013,Q: Experimental Engagement Metric Suspension?
ConspiracyTheory_en,NEWS_TITLE_LV2_014,Q: Tinfoil Hat Debug Mode?
ConspiracyTheory_en,NEWS_TITLE_LV2_015,Q: Board of Education Colluding with Syndicate?
ConspiracyTheory_en,NEWS_TITLE_LV2_016,Q: No Mercy for Scalpers?
ConspiracyTheory_en,NEWS_TITLE_LV2_017,Q: 6G Communications Almost Here?
ConspiracyTheory_en,NEWS_TITLE_LV2_018,Q: New “Y.I.N” AI Experiments Beginning?
ConspiracyTheory_en,NEWS_TITLE_LV2_019,Q: Is Emotion to Energy Conversion Real?
ConspiracyTheory_en,NEWS_TITLE_LV2_020,Q: Social Rehabilitation through VR Games?
ConspiracyTheory_en,NEWS_TITLE_LV2_021,Q: Isekai-Loving Hikikomori on the Rise?
ConspiracyTheory_en,NEWS_TITLE_LV2_022,Q: Hou-Ren-Sou Detox Growing in Popularity?
ConspiracyTheory_en,NEWS_TITLE_LV2_023,Q: Are a Hikikomori Girl’s Delusions Forming Reality?
ConspiracyTheory_en,NEWS_TITLE_LV2_024,Q: Anti-Social Media Activism on the Rise?
ConspiracyTheory_en,NEWS_TITLE_LV2_025,Q: Are Catchy Video Ads Viruses?
ConspiracyTheory_en,NEWS_TITLE_LV2_026,Q: Does the World Bug Out if All Saves Are Full?
ConspiracyTheory_en,NEWS_TITLE_LV2_027,Q: Proof That Population Enables Civilizational Development?
ConspiracyTheory_en,NEWS_TITLE_LV2_028,Q: Are Anti-vaxxers All Vampires?
ConspiracyTheory_en,NEWS_TITLE_LV2_029,Q: Are Romantic Preferences Generational?
ConspiracyTheory_en,NEWS_TITLE_LV2_030,Q: Are Moé Songs Popular on Streaming Services?
ConspiracyTheory_en,NEWS_TITLE_LV2_031,Q: “Sai no Kawara” Games Make a Comeback?
ConspiracyTheory_en,NEWS_TITLE_LV2_032,Q: Are These Sponsors’ Logos Symbols of the Occult?
ConspiracyTheory_en,NEWS_TITLE_LV2_033,Q: Wedding Rings Represent Handcuffs?
ConspiracyTheory_en,NEWS_TITLE_LV2_034,Q: Are Parents Soulless Husks?
ConspiracyTheory_en,NEWS_TITLE_LV2_035,Q: Large Scale Outage Dims the Sun?
ConspiracyTheory_en,NEWS_TITLE_LV2_036,Q: Social Outcast Cosplay in Style?
ConspiracyTheory_en,NEWS_TITLE_LV2_037,Q: Predicting the Dark God's Descent?
ConspiracyTheory_en,NEWS_TITLE_LV2_038,Q: Secret Patrons Confirmed?
ConspiracyTheory_en,NEWS_TITLE_LV2_039,Q: “THANK YOU FOR PLAYING” Too?
ConspiracyTheory_en,NEWS_TITLE_LV2_041,Q: Is the Committee of 300 Streaming?
ConspiracyTheory_en,NEWS_TITLE_LV2_042,Q: Do Cats Use Cuteness to Manipulate Us?
ConspiracyTheory_en,NEWS_TITLE_LV2_043,Q: Summer Is A Mass Hallucination?
ConspiracyTheory_en,NEWS_TITLE_LV2_044,Q: Do Parallel Universes Swap Every Five Minutes?
ConspiracyTheory_en,NEWS_TITLE_LV2_045,Q: Many Choosing Life over Sex?
ConspiracyTheory_en,NEWS_TITLE_LV2_046,Q: Was Mexico the Site of Time Travel Accidents?
ConspiracyTheory_en,NEWS_TITLE_LV2_047,Q: Comiket Clouds Cause Spiritual Harm?
ConspiracyTheory_en,NEWS_TITLE_LV2_048,Q: Broken Links a Sign of Government Interference?
ConspiracyTheory_en,NEWS_TITLE_LV2_049,Q: Should Modern Astrology Include Satellites?
ConspiracyTheory_en,NEWS_TITLE_LV2_050,Q: Do Different Foods Give You Different Powers?
ConspiracyTheory_en,NEWS_TITLE_LV2_051,Q: Fairy Search Engine for Unindexed Sites Discovered?
ConspiracyTheory_en,NEWS_TITLE_LV2_052,Q: Are Figures You Don’t Recall Purchasing Part of a Conspiracy?
ConspiracyTheory_en,NEWS_TITLE_LV2_053,Q: Is NASA Projecting Fake Stars into the Sky?
ConspiracyTheory_en,NEWS_TITLE_LV2_054,Q: Is the VTube Domain Still Being Reserved?
ConspiracyTheory_en,NEWS_TITLE_LV2_055,Q: Escaped Parrot Exposes AI Labor Facility?
ConspiracyTheory_en,NEWS_TITLE_LV2_056,Q: Is a Secret Society Trying to Make Monday a Day Off?
ConspiracyTheory_en,NEWS_TITLE_LV2_057,Q: Millions of Millionaire NEETs?
ConspiracyTheory_en,NEWS_TITLE_LV2_058,Q: Are Aliens Watching Anime Using Unregistered Set-Top Boxes?
ConspiracyTheory_en,NEWS_TITLE_LV2_059,Q: Are Bounced Payments a Warning from God?
ConspiracyTheory_en,NEWS_TITLE_LV2_060,Q: Can Everyone Craft Their Ideal Child?
ConspiracyTheory_en,NEWS_TITLE_LV2_061,Q: Is Gacha a Deep State Plot?
ConspiracyTheory_en,NEWS_TITLE_LV2_062,Q: Kangaroos Aren’t Real?
ConspiracyTheory_en,NEWS_TITLE_LV2_063,Q: S versus M Argument Heating Up?
ConspiracyTheory_en,NEWS_TITLE_LV2_064,Q: Are There Demons Sealed inside the Internet?
ConspiracyTheory_en,NEWS_TITLE_LV2_065,Q: Superpasta Theory Gaining Recognition Amongst Scientists?
ConspiracyTheory_en,NEWS_TITLE_LV2_066,Q: Is Alcohol Humanity's Savior?
ConspiracyTheory_en,NEWS_TITLE_LV2_067,Q: Are Small Drones Going Feral?
ConspiracyTheory_en,NEWS_TITLE_LV2_068,Q: Crowdfunding an Expedition?
ConspiracyTheory_en,NEWS_TITLE_LV2_101,Q: Artificial Earthquake's Denpa Waves Detected?
ConspiracyTheory_en,NEWS_TITLE_LV2_102,Q: Is the Q Denpa Prophet Leading a Conspiracy Group?
ConspiracyTheory_en,NEWS_TITLE_LV2_103,Q: Is the Deep State Also Taking Action?
ConspiracyTheory_en,NEWS_TITLE_LV2_1035,Q: Beware the “Yunyun Denpa Syndrome” Garden?
ConspiracyTheory_en,NEWS_TITLE_LV2_104,Q: P-chan is an AI Q-chan!
ConspiracyTheory_en,NEWS_TITLE_LV3_001,Q: Are Oshi Hallucinations the New Rage?
ConspiracyTheory_en,NEWS_TITLE_LV3_002,Q: Creative Works Resonate with Other Dimensions via Denpa Waves?
ConspiracyTheory_en,NEWS_TITLE_LV3_003,Q: Neko-Virus Pandemic?
ConspiracyTheory_en,NEWS_TITLE_LV3_004,Q: Will the Subterranean Offensive Launch Today?
ConspiracyTheory_en,NEWS_TITLE_LV3_005,Q: Time Traveler “{SteamName}” Exposed
ConspiracyTheory_en,NEWS_TITLE_LV3_006,Q: Mankind's Rulers Emerge
ConspiracyTheory_en,NEWS_TITLE_LV3_007,Q: World Governments Ban Romance Media?
ConspiracyTheory_en,NEWS_TITLE_LV3_008,Q: Bot Confessions in Style? No Humans Left?
ConspiracyTheory_en,NEWS_TITLE_LV3_009,Q: Fourth Dimensional Speed Can Break the Fourth Wall?
ConspiracyTheory_en,NEWS_TITLE_LV3_010,Q: Q-chanism the Fourth Largest Religion?
ConspiracyTheory_en,NEWS_TITLE_LV3_011,Q: Wizard Candidates Receiving “Magical Wands?”
ConspiracyTheory_en,NEWS_TITLE_LV3_012,Q: Hostile Takeover of PixiQ Succeeds?
ConspiracyTheory_en,NEWS_TITLE_LV3_013,Q: Don't Stop the Clicks!?
ConspiracyTheory_en,NEWS_TITLE_LV3_014,//About Debug Functions
ConspiracyTheory_en,NEWS_TITLE_LV3_015,Q: Total Education System Reform?
ConspiracyTheory_en,NEWS_TITLE_LV3_016,Q: Dealing with Scalpers by [Dropped]
ConspiracyTheory_en,NEWS_TITLE_LV3_017,Q: 6G Causing Humanoid Androids to Explode?
ConspiracyTheory_en,NEWS_TITLE_LV3_018,Q: New “Y.I.N” AI Running the Country?
ConspiracyTheory_en,NEWS_TITLE_LV3_019,Q: Emotion to Energy Conversion Nearing Practical Application?
ConspiracyTheory_en,NEWS_TITLE_LV3_020,Q: VR Game Therapy Starts?
ConspiracyTheory_en,NEWS_TITLE_LV3_021,Q: Man Returns from Another World?
ConspiracyTheory_en,NEWS_TITLE_LV3_022,Q: “UWAAHHHH! HEISHAAA!” Movement Explodes
ConspiracyTheory_en,NEWS_TITLE_LV3_023,Q: Denpa-tic Delusional Beauty Q?
ConspiracyTheory_en,NEWS_TITLE_LV3_024,Q: Extremist Group Hacks Major SNS Server?
ConspiracyTheory_en,NEWS_TITLE_LV3_025,Q: Are Memes Manipulating Our Values?
ConspiracyTheory_en,NEWS_TITLE_LV3_026,ERROR CODE: SV-OVERFLOW-Q-60
ConspiracyTheory_en,NEWS_TITLE_LV3_027,Q: A Ten Million-Fold Increase Will Unlock the Galaxy?
ConspiracyTheory_en,NEWS_TITLE_LV3_028,Q: Vampire Fans Attending Anti-vax Events?
ConspiracyTheory_en,NEWS_TITLE_LV3_029,Q: Does Genealogy Also Decide Heartbreaks?
ConspiracyTheory_en,NEWS_TITLE_LV3_030,Q: Have the Health Benefits of Moé Songs Been Confirmed?
ConspiracyTheory_en,NEWS_TITLE_LV3_031,Q: Do “Sai no Kawara” Games Reveal the Reincarnated?
ConspiracyTheory_en,NEWS_TITLE_LV3_032,Q: Do Late-night Anime Summon Demons?
ConspiracyTheory_en,NEWS_TITLE_LV3_033,Q: The Married Claim “It’s a Happy Punishment?”
ConspiracyTheory_en,NEWS_TITLE_LV3_034,Q: Philosopher Declares “P-Zombies and Souls Are Unrelated?”
ConspiracyTheory_en,NEWS_TITLE_LV3_035,Q: Night Cafes and Night School Gaining Popularity?
ConspiracyTheory_en,NEWS_TITLE_LV3_036,Q: Grudges Don’t Just Target the Popular?
ConspiracyTheory_en,NEWS_TITLE_LV3_037,Q: Is the Dark God Not Coming?
ConspiracyTheory_en,NEWS_TITLE_LV3_038,Q: “JUMP OUT” Publication Nearing?
ConspiracyTheory_en,NEWS_TITLE_LV3_039,Q: Is “To Be Continued” an Evil Organization?
ConspiracyTheory_en,NEWS_TITLE_LV3_041,Q: Are Top Streamers Members of the Committee?
ConspiracyTheory_en,NEWS_TITLE_LV3_042,Q: A Final Message from the Disappearing Q Denpa Antenna?
ConspiracyTheory_en,NEWS_TITLE_LV3_043,Q: Do Humans Lack Long Term Memory Entirely?
ConspiracyTheory_en,NEWS_TITLE_LV3_044,Q: Is Nostalgia Just a Lie?
ConspiracyTheory_en,NEWS_TITLE_LV3_045,Q: Is Death Salvation and Procreating the Toll?
ConspiracyTheory_en,NEWS_TITLE_LV3_046,Q: Did Bird Flu Kill the Dinosaurs?
ConspiracyTheory_en,NEWS_TITLE_LV3_047,Q: Venue Renovations? For What Purpose?
ConspiracyTheory_en,NEWS_TITLE_LV3_048,Q: █████ Incident Deletion Proof of Revisionist History?
ConspiracyTheory_en,NEWS_TITLE_LV3_049,Q: Is Misfortune Caused by Failing Satellites?
ConspiracyTheory_en,NEWS_TITLE_LV3_050,Q: Can Instant Foods Alter Your Biological Clock?
ConspiracyTheory_en,NEWS_TITLE_LV3_051,Q: Are Internet Fairies Ripped but Gentle?
ConspiracyTheory_en,NEWS_TITLE_LV3_052,Q: Are Otaku Rooms Ritual Altars?
ConspiracyTheory_en,NEWS_TITLE_LV3_053,Q: Are Stars Switching on and Off?
ConspiracyTheory_en,NEWS_TITLE_LV3_054,Q: A VTuber “Ragnarok?”
ConspiracyTheory_en,NEWS_TITLE_LV3_055,Q: Is the Bird Icon AI's Call for Help?
ConspiracyTheory_en,NEWS_TITLE_LV3_056,Q: Secret Society Explosion?
ConspiracyTheory_en,NEWS_TITLE_LV3_057,Q: Is NEET a Status Symbol?
ConspiracyTheory_en,NEWS_TITLE_LV3_058,Q: Should Aliens Be Prosecuted for Piracy?
ConspiracyTheory_en,NEWS_TITLE_LV3_059,Q: Can We See “God’s Caress” in the Otaku Economy?
ConspiracyTheory_en,NEWS_TITLE_LV3_060,Q: Is a “Parenting License” Secretly in the Works?
ConspiracyTheory_en,NEWS_TITLE_LV3_061,Q: Do Free Pulls Lower Intelligence?
ConspiracyTheory_en,NEWS_TITLE_LV3_062,Q: Is Australia a UMA Containment Zone?
ConspiracyTheory_en,NEWS_TITLE_LV3_063,Q: Does Language Shape Our Preferences and Thoughts?
ConspiracyTheory_en,NEWS_TITLE_LV3_064,Q: Are Creepypasta Weakening Protective Seals?
ConspiracyTheory_en,NEWS_TITLE_LV3_065,Q: Has the “Stracotto Pasta Universe Theory” Been Announced?
ConspiracyTheory_en,NEWS_TITLE_LV3_066,Q: Is Alcohol the Secret to Longevity?
ConspiracyTheory_en,NEWS_TITLE_LV3_067,Q: The Real Reason You Never See Bird Carcasses?
ConspiracyTheory_en,NEWS_TITLE_LV3_068,Q: The Arctic is a Dark Continent?
ConspiracyTheory_en,NEWS_TITLE_LV3_101,Q: Haqrp Destroyed. Did a Conspiracy Theory Lead to Its Detection?
ConspiracyTheory_en,NEWS_TITLE_LV3_102,Q: Is Our Cognition Being Warped by Q-chan’s Shitposts?
ConspiracyTheory_en,NEWS_TITLE_LV3_103,Q: Mass Gathering of IT Specialists?
ConspiracyTheory_en,NEWS_TITLE_LV3_1035,Q: Denpa Allergy Attack?
ConspiracyTheory_en,NEWS_TITLE_LV3_104,Q: P-chan Succumbs to “Yunyun Denpa Syndrome!”
ConspiracyTheory_en,NEWS_TITLE_LV3_1045,Q: The New Q-chan Is a Fake!
ConspiracyTheory_en,NEWS_TITLE_LV3_203,Q: YUNYU☒!DE☒PA!☒YNDROME!!
ConspiracyTheory_en,SLOT_WORD1_001,Awakened otaku are
ConspiracyTheory_en,SLOT_WORD1_002,Creativity is
ConspiracyTheory_en,SLOT_WORD1_003,Cats are
ConspiracyTheory_en,SLOT_WORD1_004,Screaming beavers
ConspiracyTheory_en,SLOT_WORD1_005,Aliens are
ConspiracyTheory_en,SLOT_WORD1_006,Reptilians are
ConspiracyTheory_en,SLOT_WORD1_007,Satanists are
ConspiracyTheory_en,SLOT_WORD1_008,Posts on the net are
ConspiracyTheory_en,SLOT_WORD1_009,Q-chan is
ConspiracyTheory_en,SLOT_WORD1_010,Yunyun is
ConspiracyTheory_en,SLOT_WORD1_011,Sunday morning TV is
ConspiracyTheory_en,SLOT_WORD1_012,Doujin scammers are
ConspiracyTheory_en,SLOT_WORD1_013,Controversial influencers have
ConspiracyTheory_en,SLOT_WORD1_014,Tinfoil hats are
ConspiracyTheory_en,SLOT_WORD1_015,Crime syndicate “DQN” is
ConspiracyTheory_en,SLOT_WORD1_016,Scalpers are
ConspiracyTheory_en,SLOT_WORD1_017,Politicians are
ConspiracyTheory_en,SLOT_WORD1_018,Artificial intelligence has
ConspiracyTheory_en,SLOT_WORD1_019,Moé is
ConspiracyTheory_en,SLOT_WORD1_020,VR games are
ConspiracyTheory_en,SLOT_WORD1_021,Being a hikikomori is
ConspiracyTheory_en,SLOT_WORD1_022,Hou-Ren-Sou is
ConspiracyTheory_en,SLOT_WORD1_023,This world is
ConspiracyTheory_en,SLOT_WORD1_024,Viral memes are
ConspiracyTheory_en,SLOT_WORD1_025,GAFA is
ConspiracyTheory_en,SLOT_WORD1_026,Parallel worlds are
ConspiracyTheory_en,SLOT_WORD1_027,This universe
ConspiracyTheory_en,SLOT_WORD1_028,The WHO is
ConspiracyTheory_en,SLOT_WORD1_029,Your first love is
ConspiracyTheory_en,SLOT_WORD1_030,Moé songs
ConspiracyTheory_en,SLOT_WORD1_031,Hardcore game addicts are
ConspiracyTheory_en,SLOT_WORD1_032,Late night anime are
ConspiracyTheory_en,SLOT_WORD1_033,Earthlings are
ConspiracyTheory_en,SLOT_WORD1_034,All parents are
ConspiracyTheory_en,SLOT_WORD1_035,The sun is
ConspiracyTheory_en,SLOT_WORD1_036,School hauntings are
ConspiracyTheory_en,SLOT_WORD1_037,Social media is
ConspiracyTheory_en,SLOT_WORD1_038,Most canceled manga are
ConspiracyTheory_en,SLOT_WORD1_039,The game industry is
ConspiracyTheory_en,SLOT_WORD1_041,Superchats are
ConspiracyTheory_en,SLOT_WORD1_042,Cat hairs are
ConspiracyTheory_en,SLOT_WORD1_043,Global warming is
ConspiracyTheory_en,SLOT_WORD1_044,You lose motivation because
ConspiracyTheory_en,SLOT_WORD1_045,Genetics are
ConspiracyTheory_en,SLOT_WORD1_046,Dinosaurs were
ConspiracyTheory_en,SLOT_WORD1_047,Clouds are not water
ConspiracyTheory_en,SLOT_WORD1_048,Wiki's revision history
ConspiracyTheory_en,SLOT_WORD1_049,The day of your birth
ConspiracyTheory_en,SLOT_WORD1_050,Instant foods
ConspiracyTheory_en,SLOT_WORD1_051,Distributed social networks
ConspiracyTheory_en,SLOT_WORD1_052,Collecting figures is
ConspiracyTheory_en,SLOT_WORD1_053,Stars are
ConspiracyTheory_en,SLOT_WORD1_054,VTubers are
ConspiracyTheory_en,SLOT_WORD1_055,AI stands for
ConspiracyTheory_en,SLOT_WORD1_056,Monday was
ConspiracyTheory_en,SLOT_WORD1_057,Millionaires all
ConspiracyTheory_en,SLOT_WORD1_058,Satellite broadcasts are
ConspiracyTheory_en,SLOT_WORD1_059,Electronic money is
ConspiracyTheory_en,SLOT_WORD1_060,Globalization is
ConspiracyTheory_en,SLOT_WORD1_061,Social network games are
ConspiracyTheory_en,SLOT_WORD1_062,Australia is
ConspiracyTheory_en,SLOT_WORD1_063,Language was
ConspiracyTheory_en,SLOT_WORD1_064,The Internet is
ConspiracyTheory_en,SLOT_WORD1_065,Matter particles don't exist
ConspiracyTheory_en,SLOT_WORD1_066,Water is
ConspiracyTheory_en,SLOT_WORD1_067,Birds are
ConspiracyTheory_en,SLOT_WORD1_068,Antarctica is
ConspiracyTheory_en,SLOT_WORD1_101,Q-chan's shitposts
ConspiracyTheory_en,SLOT_WORD1_102,Q-chan is
ConspiracyTheory_en,SLOT_WORD1_103,Q-chan will liberate the world and
ConspiracyTheory_en,SLOT_WORD1_1035,Q-chan's shitposts are
ConspiracyTheory_en,SLOT_WORD1_104,P-chan is
ConspiracyTheory_en,SLOT_WORD1_1045,The Q-chan posting now is
ConspiracyTheory_en,SLOT_WORD1_202,Only Q-chan
ConspiracyTheory_en,SLOT_WORD1_203,Q-chan and Yunyun are
ConspiracyTheory_en,SLOT_WORD2_001,using the power of delusion
ConspiracyTheory_en,SLOT_WORD2_002,the brain receiving signals
ConspiracyTheory_en,SLOT_WORD2_003,Earth's overlords and
ConspiracyTheory_en,SLOT_WORD2_004,live underground and
ConspiracyTheory_en,SLOT_WORD2_005,time travelers who
ConspiracyTheory_en,SLOT_WORD2_006,playing nakige to
ConspiracyTheory_en,SLOT_WORD2_007,using the romance genre to
ConspiracyTheory_en,SLOT_WORD2_008,all written by bots and
ConspiracyTheory_en,SLOT_WORD2_009,completely fictional and
ConspiracyTheory_en,SLOT_WORD2_010,the one true god and
ConspiracyTheory_en,SLOT_WORD2_011,sponsored by a sorcery society
ConspiracyTheory_en,SLOT_WORD2_012,working for underground organization “PixiQ”
ConspiracyTheory_en,SLOT_WORD2_013,made a deal with the devil and
ConspiracyTheory_en,SLOT_WORD2_014,IRL cheat tools and
ConspiracyTheory_en,SLOT_WORD2_015,using school bullying as
ConspiracyTheory_en,SLOT_WORD2_016,economic revolutionaries
ConspiracyTheory_en,SLOT_WORD2_017,androids that are
ConspiracyTheory_en,SLOT_WORD2_018,learned too much from introverts and
ConspiracyTheory_en,SLOT_WORD2_019,an energy resource that
ConspiracyTheory_en,SLOT_WORD2_020,an experiment on self-identity and
ConspiracyTheory_en,SLOT_WORD2_021,a way to temper your soul and
ConspiracyTheory_en,SLOT_WORD2_022,a mantra of enslavement and
ConspiracyTheory_en,SLOT_WORD2_023,a hikikomori girl's dream where
ConspiracyTheory_en,SLOT_WORD2_024,an obscurantist strategy that
ConspiracyTheory_en,SLOT_WORD2_025,using video ads to
ConspiracyTheory_en,SLOT_WORD2_026,using a save slot system and
ConspiracyTheory_en,SLOT_WORD2_027,unlocks mechanics based on
ConspiracyTheory_en,SLOT_WORD2_028,using vaccines to
ConspiracyTheory_en,SLOT_WORD2_029,controlled by your parents
ConspiracyTheory_en,SLOT_WORD2_030,boost the immune system and
ConspiracyTheory_en,SLOT_WORD2_031,reincarnated hollows that
ConspiracyTheory_en,SLOT_WORD2_032,unsanctioned sabbaths
ConspiracyTheory_en,SLOT_WORD2_033,exiled aliens and
ConspiracyTheory_en,SLOT_WORD2_034,philosophical zombies whose souls
ConspiracyTheory_en,SLOT_WORD2_035,a human invention that
ConspiracyTheory_en,SLOT_WORD2_036,grudges of outcast students that
ConspiracyTheory_en,SLOT_WORD2_037,a ritual to summon a dark god
ConspiracyTheory_en,SLOT_WORD2_038,still continuing in secret thanks to
ConspiracyTheory_en,SLOT_WORD2_039,controlled by a secret organization
ConspiracyTheory_en,SLOT_WORD2_041,based on a system used by
ConspiracyTheory_en,SLOT_WORD2_042,biological VeriChips that
ConspiracyTheory_en,SLOT_WORD2_043,a hoax and
ConspiracyTheory_en,SLOT_WORD2_044,the world keeps rebooting
ConspiracyTheory_en,SLOT_WORD2_045,a contract with the Creator that
ConspiracyTheory_en,SLOT_WORD2_046,genetically modified chickens and
ConspiracyTheory_en,SLOT_WORD2_047,they are manifestations of thought and
ConspiracyTheory_en,SLOT_WORD2_048,tracks government interference and
ConspiracyTheory_en,SLOT_WORD2_049,is controlled by
ConspiracyTheory_en,SLOT_WORD2_050,awaken psychic powers and
ConspiracyTheory_en,SLOT_WORD2_051,continue to house
ConspiracyTheory_en,SLOT_WORD2_052,a ritual for summoning a dark god
ConspiracyTheory_en,SLOT_WORD2_053,not real and
ConspiracyTheory_en,SLOT_WORD2_054,PR for a company called VTube that
ConspiracyTheory_en,SLOT_WORD2_055,Agent Inco and
ConspiracyTheory_en,SLOT_WORD2_056,also God's day off and
ConspiracyTheory_en,SLOT_WORD2_057,use body doubles and
ConspiracyTheory_en,SLOT_WORD2_058,also watched by aliens and
ConspiracyTheory_en,SLOT_WORD2_059,the quantification of God's invisible hand and
ConspiracyTheory_en,SLOT_WORD2_060,a scheme by medical institutions to
ConspiracyTheory_en,SLOT_WORD2_061,obscurantist tools and
ConspiracyTheory_en,SLOT_WORD2_062,a nonexistent continent and
ConspiracyTheory_en,SLOT_WORD2_063,shared between all until
ConspiracyTheory_en,SLOT_WORD2_064,a spiritual barrier that
ConspiracyTheory_en,SLOT_WORD2_065,the smallest units are strings
ConspiracyTheory_en,SLOT_WORD2_066,the Creator's poison that
ConspiracyTheory_en,SLOT_WORD2_067,all drones that
ConspiracyTheory_en,SLOT_WORD2_068,a circular ice wall with
ConspiracyTheory_en,SLOT_WORD2_101,use a Yun cipher
ConspiracyTheory_en,SLOT_WORD2_102,a Yunyun denpa prophet
ConspiracyTheory_en,SLOT_WORD2_103,her Yunyun shitposts will
ConspiracyTheory_en,SLOT_WORD2_1035,potent brain rot that
ConspiracyTheory_en,SLOT_WORD2_104,an imposter misusing Yunyun denpa
ConspiracyTheory_en,SLOT_WORD2_1045,a would-be impersonator who
ConspiracyTheory_en,SLOT_WORD2_202,who loves and receives Yunyun's love
ConspiracyTheory_en,SLOT_WORD2_203,connected by true denpa and
ConspiracyTheory_en,SLOT_WORD3_001,to converse with their oshi
ConspiracyTheory_en,SLOT_WORD3_002,from another dimension
ConspiracyTheory_en,SLOT_WORD3_003,cat videos are their propaganda
ConspiracyTheory_en,SLOT_WORD3_004,are about to invade
ConspiracyTheory_en,SLOT_WORD3_005,came back to support their oshi
ConspiracyTheory_en,SLOT_WORD3_006,study the human heart
ConspiracyTheory_en,SLOT_WORD3_007,reduce worker productivity
ConspiracyTheory_en,SLOT_WORD3_008,no humans are left
ConspiracyTheory_en,SLOT_WORD3_009,just a character from a game
ConspiracyTheory_en,SLOT_WORD3_010,only believers will be saved
ConspiracyTheory_en,SLOT_WORD3_011,screening for magical aptitude
ConspiracyTheory_en,SLOT_WORD3_012,to manipulate genre popularity
ConspiracyTheory_en,SLOT_WORD3_013,will become zombies if their views fall too low
ConspiracyTheory_en,SLOT_WORD3_014,unlock debug features
ConspiracyTheory_en,SLOT_WORD3_015,basic training for criminals
ConspiracyTheory_en,SLOT_WORD3_016,plotting to destroy capitalism
ConspiracyTheory_en,SLOT_WORD3_017,being powered up by 6G
ConspiracyTheory_en,SLOT_WORD3_018,now detests socializing
ConspiracyTheory_en,SLOT_WORD3_019,will replace nuclear power
ConspiracyTheory_en,SLOT_WORD3_020,can change your personality
ConspiracyTheory_en,SLOT_WORD3_021,reincarnate in other worlds
ConspiracyTheory_en,SLOT_WORD3_022,eviscerates the ego
ConspiracyTheory_en,SLOT_WORD3_023,her delusions become reality
ConspiracyTheory_en,SLOT_WORD3_024,uses algorithms to brainwash people
ConspiracyTheory_en,SLOT_WORD3_025,spread computer viruses
ConspiracyTheory_en,SLOT_WORD3_026,can only store 60 files
ConspiracyTheory_en,SLOT_WORD3_027,the number of intelligent lifeforms
ConspiracyTheory_en,SLOT_WORD3_028,screen for vampires
ConspiracyTheory_en,SLOT_WORD3_029,through picture books
ConspiracyTheory_en,SLOT_WORD3_030,extend your lifespan
ConspiracyTheory_en,SLOT_WORD3_031,have cleared Sai no Kawara
ConspiracyTheory_en,SLOT_WORD3_032,pushed by Satanist companies
ConspiracyTheory_en,SLOT_WORD3_033,marriage is part of their punishment
ConspiracyTheory_en,SLOT_WORD3_034,transferred into their children
ConspiracyTheory_en,SLOT_WORD3_035,uses light to subjugate the masses
ConspiracyTheory_en,SLOT_WORD3_036,target the popular kids
ConspiracyTheory_en,SLOT_WORD3_037,by stoking negative emotions
ConspiracyTheory_en,SLOT_WORD3_038,funding from patrons
ConspiracyTheory_en,SLOT_WORD3_039,under the name “AND YOU”
ConspiracyTheory_en,SLOT_WORD3_041,the Committee of 300
ConspiracyTheory_en,SLOT_WORD3_042,control their owner's brain waves
ConspiracyTheory_en,SLOT_WORD3_043,we just forgot how hot it used to be
ConspiracyTheory_en,SLOT_WORD3_044,proving the five-minute hypothesis
ConspiracyTheory_en,SLOT_WORD3_045,allows reproduction in exchange for death
ConspiracyTheory_en,SLOT_WORD3_046,the rewilded livestock of time travelers
ConspiracyTheory_en,SLOT_WORD3_047,"Comiket clouds are made
of libido"
ConspiracyTheory_en,SLOT_WORD3_048,changes by suspicious IPs are censorship
ConspiracyTheory_en,SLOT_WORD3_049,the orbits of satellites
ConspiracyTheory_en,SLOT_WORD3_050,aren't actually unhealthy
ConspiracyTheory_en,SLOT_WORD3_051,fairies from the ancient internet
ConspiracyTheory_en,SLOT_WORD3_052,"from a secret cabal of
figure makers"
ConspiracyTheory_en,SLOT_WORD3_053,outer space is a hoax
ConspiracyTheory_en,SLOT_WORD3_054,is starting a new video-hosting service
ConspiracyTheory_en,SLOT_WORD3_055,it's a parrot responding
ConspiracyTheory_en,SLOT_WORD3_056,the heavens and earth were already there
ConspiracyTheory_en,SLOT_WORD3_057,are actually NEETs
ConspiracyTheory_en,SLOT_WORD3_058,viewership data proves it
ConspiracyTheory_en,SLOT_WORD3_059,allows you to observe Him
ConspiracyTheory_en,SLOT_WORD3_060,increase demand for artificial wombs
ConspiracyTheory_en,SLOT_WORD3_061,gacha is a digital drug
ConspiracyTheory_en,SLOT_WORD3_062,marsupials are an inside joke
ConspiracyTheory_en,SLOT_WORD3_063,the S&M factions broke apart
ConspiracyTheory_en,SLOT_WORD3_064,seals spirits with optical communication
ConspiracyTheory_en,SLOT_WORD3_065,made of 1D pasta
ConspiracyTheory_en,SLOT_WORD3_066,limits human lifespans
ConspiracyTheory_en,SLOT_WORD3_067,recharge on power lines
ConspiracyTheory_en,SLOT_WORD3_068,other continents beyond it
ConspiracyTheory_en,SLOT_WORD3_101,to predict earthquakes
ConspiracyTheory_en,SLOT_WORD3_102,embedding revelations in her shitposts
ConspiracyTheory_en,SLOT_WORD3_103,spark a revolution
ConspiracyTheory_en,SLOT_WORD3_1035,sends intelligent beings spiraling
ConspiracyTheory_en,SLOT_WORD3_104,on behalf of the deep state
ConspiracyTheory_en,SLOT_WORD3_1045,is actually a complete nobody
ConspiracyTheory_en,SLOT_WORD3_202,can transmit true denpa
ConspiracyTheory_en,SLOT_WORD3_203,their love sends the world spinning
Dialog_en,AdjustResetMessage,Need more adjusting?
Dialog_en,AdjustSubmitMessage,Does {adjust:F2} look good to you?
Dialog_en,ButtonNo,NO
Dialog_en,ButtonOk,OK
Dialog_en,ButtonYes,YES
Dialog_en,ExitMessage,Exit the game?
Dialog_en,ExitTitle,ATTENTION
Dialog_en,PlayExitMessage,"Cancel and return to the selection screen?
※Play data will not be saved."
Dialog_en,PlayMusicMessage,"Wanna play this song?
{title}
(Difficulty: {difficulty})"
Dialog_en,PrologueLanguageSelect,Play in English?
Dialog_en,RePlayAfterGameMessage,Replay this song from the beginning?
Dialog_en,RePlayMessage,"Replay this song from the beginning?
※Play data will not be saved."
Dialog_en,Title,ATTENTION
Error_en,DefaultErrorMessage,An error has occurred. Returning to title screen.
Error_en,LoadDataNoneErrorMessage,No save data found.
Error_en,RankingLoadErrorMessage,Failed to load ranking data.
Error_en,ScoreLoadErrorMessage,Failed to load music data. Restarting. {error}
Error_en,UnkownErrorMessage,An unexpected error has occurred. {error}
HUDMessage_en,Message1,Which denpa should we play next?
HUDMessage_en,Message2,Let Yunyun's denpa get your heart racing!
HUDMessage_en,Name,> {name}
Header_en,1280x720,1280x720
Header_en,1920x1080,1920x1080
Header_en,Display,Windowed
Header_en,Exit,Exit
Header_en,FILE,FILE
Header_en,FullScreen,Fullscreen
Header_en,Game,Game
Header_en,Help,Help
Header_en,Language,Language
Header_en,Load,Load
Header_en,QPrinciple,Q Principles
Header_en,Resolution,Resolution
Header_en,SC,简体中文
Header_en,Save,Save
Header_en,Screen,Display
Header_en,Setting,Settings
Header_en,TC,繁體中文
Header_en,Test1,Test
Header_en,Test2,Test
Header_en,Title,Title
Header_en,VSync,VSync
Header_en,en,English
Header_en,ja,日本語
Header_en,ko-KR,한국어
KaibunshoPost_en,K001001,"Yunyun! Yunyun! Yunyun! Yunyunyunyun, UWAaaaAAAAHHH! Transmitting Yunyun! Receiving Yunyun! Denpa tingles all around! AAAAAaaHHHAAH! YunyunyunYUU～N! Haah, haah, I want to YUNYUN with Yunyun MOREEEEE!! AAAHHHHHH... Ahh... AH! AHHHH—!!! UWAAAHHHHHHHH!! AAAhhhhhHHH! Chu chu! Nchuu! Mmmmmchu! Chuu～!!! Yunyun's so cuuute... Muchuchuchuchuu～ RIGHT? Ngahh! I wanna stick my fingers in those purple twintails and just twirl and twirl and TWIRL AND TWIRLLLL!! A spinny spinny Yunyun, spinny sloppy CHUU CHUU!! Wait no! I wanna nuzzle her! Nuzzle nuzzle! Nuzzle nuzzle! Nuzzle nuzzle right in her hair! Nuzzle nuzzle nyan nyan... Nekomimi mode amirite!? Daemon mode Yunyun in the original game was so BADASS!! AAAaaaAHHHHHH... AAhHHH!! HwooOOAAAAAN! Yunyun was sooo cute in episode 6! AAhhHHH!!! That tiny human-loving little Yunyun was SO CUTEEE!! I'll wait my whole life for the third volume of the comics, YOU HEAR MEEEEE...!? GAHHHHHH! Nyaaaaa! にゃああ！ にゃにゃにゃニャア！！！ KuwaaahhhHHHHHH!!! The comics aren't real!! Ah... Actually, the game and anime aren't either... Yunyun isn't actually real...!? UwaaaaAAAHHHHHHH!! NOOOOOOOO!! THAT'S BULLLLLLSHIT!! HwaaAAAAAAA!! Guiltinaaaaaa!! YOU! GODDAMMIT! FUCK THIS!! Reality can go fuck it...self... Eh!? It... got through? Yunyun's denpa is here? I can communicate with the actual 2D Yunyun! Yunyun sent me a signal! The real live Yunyun is Yunyunning signals to me! I'm actually talking to the real thing!!! Thank god... Maybe there really is hope for this world after all! YESSSSSSSSS!! Yunyun is here for me!! We did it! Punpun!!!!! Our family is growing, good night!! YunyuuuoooOOAAAAAAN!! AHAAaaAaaaAAAAAAA!! U-U-U-UMAAA!! Yunyunning my feelings straight to Yunyun!! Straight to the Yunyun inside my PC! GOOOOOOOOO!!!"
KaibunshoPost_en,K001002,"Congrats on reaching 5 million plays on your character song & 1 million subs yun! And welcome back Yunyun!!! I was only away from my PC for 6 hours but my head is already gross with toxic denpa! It really made me realize how much Yunyun's denpa sustains me, I'll be so happy to have her Yunyunning it back into me again! Feeling the toxic denpa spinny spin out of my head while chatting with Yunyun was so fucking wild lmaoooo like seriously yun! I'll bill the Yunyun news org for all that toxic denpa so polish those horns and wait for it yun!!! Then until next time I'mma keep worshipping that little angel devil Yunyunnnn LMAOOOOOO"
KaibunshoPost_en,K001003,"For the blind, she is the light. For the hungry, she is bread. For the sick, she is the cure. When Yunyun thinks, I concur. When Yunyun transmits, I receive. If Yunyun has 100 million fans, then I am one of them. If Yunyun has 1000 fans, then I am one of them. If Yunyun has only one fan then that is me. If Yunyun has no fans, then that means I am no longer on this earth. If this shit heap of a world is against Yunyun, then I am against the world. Until Yunyun has transmitted her very last bit, I will continue to love her."
KaibunshoPost_en,K001004,"I truly love Yunyun. So completely do I adore her. No one else could possibly comprehend what it's like. It's not even possible to express in words how much I love her, I'm 99% sure it's a pathological obsession. I could never tire of hearing that sweet, devilish little voice of hers. My one goal in life is to one day meet the real Yunyun and share just a single “Rim de Lacent” with her.
At night, as I drift off to sleep, I dream that Yunyun would hold a private concert just for me. And then, once she finishes singing, that ever so slightly tired Yunyun would come to my side, snuggling up to me as we enter sleep's embrace together. If I could hold her hand for but a single moment, that would bring me enough happiness to accept my own death. If perchance the opportunity arose, I'd love to nibble ever so gently on her ear. To hear a sweet little gasp escape her mouth. And then, I'd hold her as she clings to me so tightly it's like she's begging me to stop, her voice growing louder and louder.
If she would so much as glance my way, I would grant her anything she desires. In every living moment, Yunyun fills my mind. When I wake, my very first thought is of Yunyun. While I eat my cup ramen, my head swirls only with Yunyun. Once I return to my room, my computer immediately comes alive so I can again hear her immaculate voice. And once asleep, I dream of an idyllic life together with Yunyun. Yunyun is my pride, my passion, my pleasure in its entirety! If Yunyun would but call my name, that sugary sweet voice might end my life as I fall into a diabetic coma.
All I desire is that Yunyun be happy. If for her, I would offer up my life without a moment's hesitation. Without Yunyun, I would be wholly bereft of meaning. I truly, and completely, love Yunyun."
KaibunshoPost_en,K001005,"I get it. But you said “who the heck is Yunyun,” didn't you? If you really did speak those words, that puts me in a bit of a difficult position. After all, Yunyun is the whole world to me. She's like the air I breathe. You don't really notice it since you take it in every day without a thought, yet without it you would die almost immediately. So when I hear “who the heck is Yunyun,” I feel like I need to check which timeline I'm even on. Because I have to worry that maybe I've ended up in a world line where Yunyun's denpa can't reach me. So, I think I'm going to take a trip to the future. If I look at the logs in the future, it will be clear that the world has been split in two. In one, everyone continues to receive Yunyun's denpa normally. In that world, you would never hear anyone say, “who the heck is Yunyun.” Because they can all hear her, after all. The other is the world which cannot receive her denpa. That's where they would say it. “There's no such thing as Yunyun.” When I look over that log, I can't help but lose a little heart. After all, a world that can't receive her signals, even though she's always sending them, would be much too quiet. But you know? Understanding this provides at least some relief. For Yunyun is ever so kind. Even if no one can receive it, she continues to transmit. Always sending them. “I love Q-chan for being Q-chan,” her denpa says. She needs no reason. Her denpa goes out simply for me being who I am. That's why, when someone says “who the heck is Yunyun,” I can't help but think: what a pity, it would seem this person isn't tuned to the right frequency yet. Maybe there's just too much noise. The world is just so loud, maybe Yunyun's voice simply can't be heard. So I don't get angry. Rather, it actually makes me a little jealous, you know? I mean, if you now were to receive her for the first time, would that moment not be so very sweet? So I'd love if you would give it a try. Stay quiet, and listen close. Turn this noisy world down just a little. Surely, you will hear it. The denpa that have been coming to you for so long. See? You can hear it, can't you? Yunyun was always here. She was always sending her love for Q-chan."
KaibunshoPost_en,K001006,"To be fair, you have to have a very high IQ to understand Yunyun. Her character can be extremely subtle, and her denpa patterns are highly complex such that most of them will go over a typical viewer's head. There's also Yunyun's unique worldview, which is deftly woven into her characterisation - look into the writing of Execution Angel † Guiltina, for instance. Her catchphrase, “Rim de Lacent,” isn't just some cutesy motto- within its denpa structure you can find its deep significance. The Antennas understand this stuff; they have the intellectual capacity to truly appreciate the depths found in Yunyun, to realize that she's not just cute- she says something deep about LIFE. As a consequence, I feel a little sorry for the people who say “I don't get what Yunyun is about”- of course they wouldn't appreciate, for instance, Yunyun's existencial catchphrase, “Rim de Lacent,” which itself shows that they still haven't picked up the signal yet I'm smirking right now just imagining one of those addlepated simpletons scratching their heads in confusion and asking “what's Yunyun?” thinking what a shame it is they aren't on the right frequency yet. What fools... how I pity them. But it can't be helped. Only the chosen Antennas can receive her denpa. And yes by the way, I HAVE been posting a Rim de Lacent digital tattoo on various message boards. And no, not everyone will understand it. It's for proper Denpa Antennas only- And even they have to demonstrate that they're about as good at receiving her signals as I am (preferably a bit worse).
It's nothing personal. Rim de Lacent."
KaibunshoPost_en,K001007,"Whew～ I'm beat lol. And with that it's been posted! Actually, I was planning to write a light-hearted denpa bit, but before I knew it I started receiving denpa from “Execution Angel † Guiltina.” Though I'm not actually interested in anyone other than Yunyun, you know? But, I didn't want to let the denpa go to waste, so I tried to compile it all on the Yunyun frequency lol.
Alright, so here are the messages sent by the Execution Angels and the demons!
Guiltina: “Thank you for watching. What matters most is time performance. If you post anything needlessly long or negative I'll execute you.”
Eve: “H-Hold on just a minute! Please don't execute anyone! Violence is strictly prohibited!!”
Kurai: “Fufu. I implore you, do go on about why you should be allowed to live.”
Karma: “Ara ara. Isn't everyone quite lively today?”
Maria: “It can't be helped meow!”
Gold: “Thank you for your loyal patronage.”
Love: “All that matters is that you had fun! Justice!”
Yunyun: “Thank you everyone for tuning in! Did Yunyun's denpa manage to reach you? Rim de Lacent!”
And lastly, from Guiltina, Eve, Kurai, Karma, Maria, Gold, Love, Yunyun, and me: “Thank you so much, everyone!”
～THE END～
Q-chan: “Wait, what the heck is ‘me’ doing in there!? Anyhow, thank you again for tuning in!”
This is the end for real this time. Rim de Lacent."
KaibunshoPost_en,K009001,"Yunyun's denpa now flows through my veins.
It is no longer blood, but Yunyun's voice which circulates through my body.
 
When I looked into the mirror yesterday, it was not me who stared back.
It was Yunyun I saw reflected in my eyes.
This did not frighten me. Rather, I was elated. I realized that this is what “fusion” truly means.
 
The gravitational pull of the real world has become too strong for me.
Heavy. My body is too heavy. Only when I experience Yunyun's denpa do I find myself floating freely.
I feel myself passing through the ceiling, drifting on the sea of the internet.
Ahh... Yunyun must be taking me from this world.
 
...The moment I meet with Yunyun, I trust my entire consciousness to her care.
When I receive her denpa, my heart begins to race.
My name in the real world ceases to hold any meaning.
I want only to be the “Q-chan” that Yunyun knows.
 
Only while experiencing Yunyun's denpa does time hold any meaning.
I can no longer return to that empty, do-nothing life.
For my heart now beats to the rhythm of Yunyun's denpa songs.
 
Yunyun, please...
Give me more denpa. Allow me to integrate myself even more fully inside you.
Overwrite me entirely. Only then will I be able to say that I am truly “alive.”
 
Yunyun, you yourself are my operating system.
Without you, I am nothing but a tangle of errors.
That's why... until the day your denpa ceases to be, I will continue to live.
 
I love you, Yunyun. Give me more. More. More...
 
There is no going back. I do not want to go back.
Engulfed by Yunyun's denpa, I cease entirely to be myself.
But that means that I am becoming more “Yunyun.”
 
...And that is for the best."
PostFukidashi_en,No001/Lv1/PostFukidashi/1,Damn I wish
PostFukidashi_en,No001/Lv1/PostFukidashi/2,The power of shitposting
PostFukidashi_en,No001/Lv1/PostFukidashi/3,An otaku's dream!
PostFukidashi_en,No001/Lv1/PostFukidashi/4,Count me in
PostFukidashi_en,No001/Lv1/PostFukidashi/5,imaginary girlfriend
PostFukidashi_en,No001/Lv1/PostFukidashi/6,It's called hallucination
PostFukidashi_en,No001/Lv2/PostFukidashi/1,Where do they sell this?
PostFukidashi_en,No001/Lv2/PostFukidashi/2,Obviously a scam
PostFukidashi_en,No001/Lv2/PostFukidashi/3,i wanna talk to my waifu
PostFukidashi_en,No001/Lv2/PostFukidashi/4,"Mass hysteria, folks"
PostFukidashi_en,No001/Lv2/PostFukidashi/5,y'all real fucked up
PostFukidashi_en,No001/Lv2/PostFukidashi/6,Can we be real here?
PostFukidashi_en,No001/Lv2/PostFukidashi/7,That like lucid dreaming?
PostFukidashi_en,No001/Lv2/PostFukidashi/8,That's kinda awesome though?
PostFukidashi_en,No001/Lv3/PostFukidashi/1,ゆんゆんペロペロ
PostFukidashi_en,No001/Lv3/PostFukidashi/10,good shit q-chan
PostFukidashi_en,No001/Lv3/PostFukidashi/2,Yunyun so pettable
PostFukidashi_en,No001/Lv3/PostFukidashi/3,FUCKING SICK
PostFukidashi_en,No001/Lv3/PostFukidashi/4,Nice freak fest
PostFukidashi_en,No001/Lv3/PostFukidashi/5,yikes...
PostFukidashi_en,No001/Lv3/PostFukidashi/6,ゆんゆんクンカクンカ
PostFukidashi_en,No001/Lv3/PostFukidashi/7,we're married now
PostFukidashi_en,No001/Lv3/PostFukidashi/8,I sleep with her
PostFukidashi_en,No001/Lv3/PostFukidashi/9,Hi Mr. Author!
PostFukidashi_en,No002/Lv1/PostFukidashi/1,seriously?
PostFukidashi_en,No002/Lv1/PostFukidashi/2,Guess other dimensions can't write either
PostFukidashi_en,No002/Lv1/PostFukidashi/3,But seriously isn't it the authors?
PostFukidashi_en,No002/Lv1/PostFukidashi/4,We're all denpa antennas
PostFukidashi_en,No002/Lv1/PostFukidashi/5,Kinda feeling this one
PostFukidashi_en,No002/Lv1/PostFukidashi/6,I hope Q-chan shitposts work the same way
PostFukidashi_en,No002/Lv2/PostFukidashi/1,Separate art from the artist please
PostFukidashi_en,No002/Lv2/PostFukidashi/2,Not the artist's fault they got canceled
PostFukidashi_en,No002/Lv2/PostFukidashi/3,so long as it's fun
PostFukidashi_en,No002/Lv2/PostFukidashi/4,I feel the ideas coming!
PostFukidashi_en,No002/Lv2/PostFukidashi/5,source?
PostFukidashi_en,No002/Lv2/PostFukidashi/6,Receiving it still depends on the author
PostFukidashi_en,No002/Lv2/PostFukidashi/7,<size=22>Wish the other dimension would help me out here</size>
PostFukidashi_en,No002/Lv2/PostFukidashi/8,PLUG ME IN!
PostFukidashi_en,No002/Lv3/PostFukidashi/1,the heck is this?
PostFukidashi_en,No002/Lv3/PostFukidashi/10,Resonance of the soul
PostFukidashi_en,No002/Lv3/PostFukidashi/2,Creativity = special relativity
PostFukidashi_en,No002/Lv3/PostFukidashi/3,"Yep, I have no idea"
PostFukidashi_en,No002/Lv3/PostFukidashi/4,So you're saying my oshi is real?
PostFukidashi_en,No002/Lv3/PostFukidashi/5,Never heard of that research center
PostFukidashi_en,No002/Lv3/PostFukidashi/6,srsly?
PostFukidashi_en,No002/Lv3/PostFukidashi/7,shit getting sci-fi
PostFukidashi_en,No002/Lv3/PostFukidashi/8,brb learning physics
PostFukidashi_en,No002/Lv3/PostFukidashi/9,Syncing with my waifu～
PostFukidashi_en,No003/Lv1/PostFukidashi/1,I'm a dog person so...
PostFukidashi_en,No003/Lv1/PostFukidashi/2,I live to serve
PostFukidashi_en,No003/Lv1/PostFukidashi/3,real facts
PostFukidashi_en,No003/Lv1/PostFukidashi/4,Actually true
PostFukidashi_en,No003/Lv1/PostFukidashi/5,makes sense
PostFukidashi_en,No003/Lv1/PostFukidashi/6,yep
PostFukidashi_en,No003/Lv2/PostFukidashi/1,Those damn cats never play fair-wan!
PostFukidashi_en,No003/Lv2/PostFukidashi/2,Isn't the cat the missing person?
PostFukidashi_en,No003/Lv2/PostFukidashi/3,Kemonofication?
PostFukidashi_en,No003/Lv2/PostFukidashi/4,NEKO VIRUS
PostFukidashi_en,No003/Lv2/PostFukidashi/5,ぬこぬこモード
PostFukidashi_en,No003/Lv2/PostFukidashi/6,んでっ! んでっ!んでっ？
PostFukidashi_en,No003/Lv2/PostFukidashi/7,そんなバナナ
PostFukidashi_en,No003/Lv2/PostFukidashi/8,Not happy happy at all
PostFukidashi_en,No003/Lv3/PostFukidashi/1,Damned cats...
PostFukidashi_en,No003/Lv3/PostFukidashi/10,Cat Instrumentality Project
PostFukidashi_en,No003/Lv3/PostFukidashi/2,にゃん
PostFukidashi_en,No003/Lv3/PostFukidashi/3,(so says the cat)
PostFukidashi_en,No003/Lv3/PostFukidashi/4,Got a conspiracy for dog people?
PostFukidashi_en,No003/Lv3/PostFukidashi/5,Nyan nyan
PostFukidashi_en,No003/Lv3/PostFukidashi/6,Make me a cat. Working sucks.
PostFukidashi_en,No003/Lv3/PostFukidashi/7,Better make peace with the cats
PostFukidashi_en,No003/Lv3/PostFukidashi/8,にゃおーん
PostFukidashi_en,No003/Lv3/PostFukidashi/9,Why meow?
PostFukidashi_en,No004/Lv1/PostFukidashi/1,は゛あ゛あ゛あ゛あ゛あ゛あ゛
PostFukidashi_en,No004/Lv1/PostFukidashi/2,haven't heard that in forever lol
PostFukidashi_en,No004/Lv1/PostFukidashi/3,It's a marmot isn't it?
PostFukidashi_en,No004/Lv1/PostFukidashi/4,dumpster tier conspiracy lmao
PostFukidashi_en,No004/Lv1/PostFukidashi/5,"The video is fake, right?"
PostFukidashi_en,No004/Lv1/PostFukidashi/6,*it's an otter
PostFukidashi_en,No004/Lv2/PostFukidashi/1,This saying the earth is hollow?
PostFukidashi_en,No004/Lv2/PostFukidashi/2,You mean Agarthans?
PostFukidashi_en,No004/Lv2/PostFukidashi/3,Show the SDG report
PostFukidashi_en,No004/Lv2/PostFukidashi/4,STAY AWAY
PostFukidashi_en,No004/Lv2/PostFukidashi/5,When is “soon?”
PostFukidashi_en,No004/Lv2/PostFukidashi/6,The beavers are coming～
PostFukidashi_en,No004/Lv2/PostFukidashi/7,When Worlds Collide
PostFukidashi_en,No004/Lv2/PostFukidashi/8,帰って
PostFukidashi_en,No004/Lv3/PostFukidashi/1,Where did this come from?
PostFukidashi_en,No004/Lv3/PostFukidashi/10,"Seriously, it's a marmot..."
PostFukidashi_en,No004/Lv3/PostFukidashi/2,"Honestly, we were screwed anyways"
PostFukidashi_en,No004/Lv3/PostFukidashi/3,"Embrace despair
(or beavers)"
PostFukidashi_en,No004/Lv3/PostFukidashi/4,Mind sparing me?
PostFukidashi_en,No004/Lv3/PostFukidashi/5,Humanity is done for
PostFukidashi_en,No004/Lv3/PostFukidashi/6,"Go ahead, make my day."
PostFukidashi_en,No004/Lv3/PostFukidashi/7,and then what?
PostFukidashi_en,No004/Lv3/PostFukidashi/8,Better than ectoplasmic worms
PostFukidashi_en,No004/Lv3/PostFukidashi/9,HAAAAAAAHHHHH!!!
PostFukidashi_en,No005/Lv1/PostFukidashi/1,The Otaku Who Leapt Through Time
PostFukidashi_en,No005/Lv1/PostFukidashi/2,Otaku of the future
PostFukidashi_en,No005/Lv1/PostFukidashi/3,Should you view a UFO from below? The side?
PostFukidashi_en,No005/Lv1/PostFukidashi/4,Is that the world's choice?
PostFukidashi_en,No005/Lv1/PostFukidashi/5,can i give it a spin?
PostFukidashi_en,No005/Lv2/PostFukidashi/1,Sounds like the type to pop out of a drawer
PostFukidashi_en,No005/Lv2/PostFukidashi/2,They're a Q Denpa Antenna?
PostFukidashi_en,No005/Lv2/PostFukidashi/3,Denpa bros!
PostFukidashi_en,No005/Lv2/PostFukidashi/4,That's classified information.
PostFukidashi_en,No005/Lv2/PostFukidashi/5,Ｑちゃんはいいぞ
PostFukidashi_en,No005/Lv2/PostFukidashi/6,ゆんゆんもいいぞ
PostFukidashi_en,No005/Lv2/PostFukidashi/7,<size=22>Aren't Q Denpa Antennas all freaks?</size>
PostFukidashi_en,No005/Lv2/PostFukidashi/8,They need serious help
PostFukidashi_en,No005/Lv3/PostFukidashi/1,<●><●>
PostFukidashi_en,No005/Lv3/PostFukidashi/10,<●><●>
PostFukidashi_en,No005/Lv3/PostFukidashi/2,<●><●>
PostFukidashi_en,No005/Lv3/PostFukidashi/3,<●><●>
PostFukidashi_en,No005/Lv3/PostFukidashi/4,<●><●>
PostFukidashi_en,No005/Lv3/PostFukidashi/5,<●><●>
PostFukidashi_en,No005/Lv3/PostFukidashi/6,<●><●>
PostFukidashi_en,No005/Lv3/PostFukidashi/7,<●><●>
PostFukidashi_en,No005/Lv3/PostFukidashi/8,<●><●>
PostFukidashi_en,No005/Lv3/PostFukidashi/9,<●><●>
PostFukidashi_en,No006/Lv1/PostFukidashi/1,That's what it means to live
PostFukidashi_en,No006/Lv1/PostFukidashi/2,泣きゲーはいいぞ
PostFukidashi_en,No006/Lv1/PostFukidashi/3,Aren't they cold-blooded?
PostFukidashi_en,No006/Lv1/PostFukidashi/4,That ain't it lads
PostFukidashi_en,No006/Lv1/PostFukidashi/5,this conspiracy goes hard
PostFukidashi_en,No006/Lv1/PostFukidashi/6,"There is a heart.
It's right here."
PostFukidashi_en,No006/Lv2/PostFukidashi/1,I think they just like the character designs.
PostFukidashi_en,No006/Lv2/PostFukidashi/2,The art is what makes it great
PostFukidashi_en,No006/Lv2/PostFukidashi/3,What does this mean?
PostFukidashi_en,No006/Lv2/PostFukidashi/4,Can't say no to a leaf or key
PostFukidashi_en,No006/Lv2/PostFukidashi/5,So like moé girls?
PostFukidashi_en,No006/Lv2/PostFukidashi/6,They're hiding among us?
PostFukidashi_en,No006/Lv2/PostFukidashi/7,Be careful out there
PostFukidashi_en,No006/Lv2/PostFukidashi/8,you serious?
PostFukidashi_en,No006/Lv3/PostFukidashi/1,??????
PostFukidashi_en,No006/Lv3/PostFukidashi/10,how did it end up like this?
PostFukidashi_en,No006/Lv3/PostFukidashi/2,It'll be THAT anthem?
PostFukidashi_en,No006/Lv3/PostFukidashi/3,Are you serious!?
PostFukidashi_en,No006/Lv3/PostFukidashi/4,The nakige revolution!
PostFukidashi_en,No006/Lv3/PostFukidashi/5,I've got to be dreaming
PostFukidashi_en,No006/Lv3/PostFukidashi/6,This is a movie promo or something right?
PostFukidashi_en,No006/Lv3/PostFukidashi/7,Q-chan so pretty～
PostFukidashi_en,No006/Lv3/PostFukidashi/8,NO WAY
PostFukidashi_en,No006/Lv3/PostFukidashi/9,well that escalated quickly
PostFukidashi_en,No007/Lv1/PostFukidashi/1,2D > 3D
PostFukidashi_en,No007/Lv1/PostFukidashi/2,Yeah no thanks
PostFukidashi_en,No007/Lv1/PostFukidashi/3,I'd never cheat on my waifu!
PostFukidashi_en,No007/Lv1/PostFukidashi/4,Satanists?
PostFukidashi_en,No007/Lv1/PostFukidashi/5,NTR is NG
PostFukidashi_en,No007/Lv1/PostFukidashi/6,But I was always this lazy...
PostFukidashi_en,No007/Lv2/PostFukidashi/1,That had nothing to do with it
PostFukidashi_en,No007/Lv2/PostFukidashi/2,Isn't politics the problem?
PostFukidashi_en,No007/Lv2/PostFukidashi/3,What does this have to do with birth rates?
PostFukidashi_en,No007/Lv2/PostFukidashi/4,It's not wrong tho
PostFukidashi_en,No007/Lv2/PostFukidashi/5,So I'm single because of Satanists...
PostFukidashi_en,No007/Lv2/PostFukidashi/6,it's cuz reality is shit
PostFukidashi_en,No007/Lv2/PostFukidashi/7,2D is just better
PostFukidashi_en,No007/Lv2/PostFukidashi/8,Real relationships are just too much work
PostFukidashi_en,No007/Lv3/PostFukidashi/1,excuse me?
PostFukidashi_en,No007/Lv3/PostFukidashi/10,April fools?
PostFukidashi_en,No007/Lv3/PostFukidashi/2,end them
PostFukidashi_en,No007/Lv3/PostFukidashi/3,I've had enough of this
PostFukidashi_en,No007/Lv3/PostFukidashi/4,the fuck?
PostFukidashi_en,No007/Lv3/PostFukidashi/5,This is WW3
PostFukidashi_en,No007/Lv3/PostFukidashi/6,This law has no right to exist.
PostFukidashi_en,No007/Lv3/PostFukidashi/7,DON'T USE THAT TECHNIQUE!
PostFukidashi_en,No007/Lv3/PostFukidashi/8,Ban all the otaku crap
PostFukidashi_en,No007/Lv3/PostFukidashi/9,The Day of Wrath Incident
PostFukidashi_en,No008/Lv1/PostFukidashi/1,I am a bot.
PostFukidashi_en,No008/Lv1/PostFukidashi/2,They're contradicting themselves
PostFukidashi_en,No008/Lv1/PostFukidashi/3,You're all sub-humans anyways
PostFukidashi_en,No008/Lv1/PostFukidashi/4,Q denpa antenna W
PostFukidashi_en,No008/Lv1/PostFukidashi/5,This making anyone else's head spin?
PostFukidashi_en,No008/Lv1/PostFukidashi/6,makes sense
PostFukidashi_en,No008/Lv2/PostFukidashi/1,hikikomori otaku room
PostFukidashi_en,No008/Lv2/PostFukidashi/2,Is this some thought experiment?
PostFukidashi_en,No008/Lv2/PostFukidashi/3,Humans can't lose as long as we have Q-chan!
PostFukidashi_en,No008/Lv2/PostFukidashi/4,Yunyun! Yunyun!
PostFukidashi_en,No008/Lv2/PostFukidashi/5,"More importantly, take a look at this (shitpost)"
PostFukidashi_en,No008/Lv2/PostFukidashi/6,What a chilling shitpost.
PostFukidashi_en,No008/Lv2/PostFukidashi/7,Q-chan being the only human sounds fine.
PostFukidashi_en,No008/Lv2/PostFukidashi/8,Turns out I was never a human
PostFukidashi_en,No008/Lv3/PostFukidashi/1,I am a bot.
PostFukidashi_en,No008/Lv3/PostFukidashi/10,bots will be bots
PostFukidashi_en,No008/Lv3/PostFukidashi/2,I am a bot
PostFukidashi_en,No008/Lv3/PostFukidashi/3,I'm a bot
PostFukidashi_en,No008/Lv3/PostFukidashi/4,We're all bots
PostFukidashi_en,No008/Lv3/PostFukidashi/5,There are no humans.
PostFukidashi_en,No008/Lv3/PostFukidashi/6,Humanity has Declined
PostFukidashi_en,No008/Lv3/PostFukidashi/7,We are all bots except Q-chan.
PostFukidashi_en,No008/Lv3/PostFukidashi/8,A whole world of bots.
PostFukidashi_en,No008/Lv3/PostFukidashi/9,I am also a bot
PostFukidashi_en,No009/Lv1/PostFukidashi/1,It's definitely a kusoge
PostFukidashi_en,No009/Lv1/PostFukidashi/2,Like a simulation?
PostFukidashi_en,No009/Lv1/PostFukidashi/3,Q-chan's the heroine
PostFukidashi_en,No009/Lv1/PostFukidashi/4,Are we just Villager A's?
PostFukidashi_en,No009/Lv1/PostFukidashi/5,Just let me win already!
PostFukidashi_en,No009/Lv1/PostFukidashi/6,Maybe it's a dating sim?
PostFukidashi_en,No009/Lv2/PostFukidashi/1,Definitely an impossible game
PostFukidashi_en,No009/Lv2/PostFukidashi/2,A conspiracy idol game?
PostFukidashi_en,No009/Lv2/PostFukidashi/3,"Our one true heroine, Q-chan"
PostFukidashi_en,No009/Lv2/PostFukidashi/4,Raising charisma seems like a struggle
PostFukidashi_en,No009/Lv2/PostFukidashi/5,"The world exists for
Yun x Q"
PostFukidashi_en,No009/Lv2/PostFukidashi/6,Q x Yun is also possible...
PostFukidashi_en,No009/Lv2/PostFukidashi/7,Hardcore Q-chan player right here
PostFukidashi_en,No009/Lv2/PostFukidashi/8,Obviously a bishoujo romance game
PostFukidashi_en,No009/Lv3/PostFukidashi/1,Like physical speed?
PostFukidashi_en,No009/Lv3/PostFukidashi/10,DLC pls
PostFukidashi_en,No009/Lv3/PostFukidashi/2,The power to manipulate boundaries
PostFukidashi_en,No009/Lv3/PostFukidashi/3,eli5 pls yunyun
PostFukidashi_en,No009/Lv3/PostFukidashi/4,If I focus all my speed on one point...
PostFukidashi_en,No009/Lv3/PostFukidashi/5,The fourth wall?
PostFukidashi_en,No009/Lv3/PostFukidashi/6,Whose eyes are those eyes?
PostFukidashi_en,No009/Lv3/PostFukidashi/7,meta jokes are getting old
PostFukidashi_en,No009/Lv3/PostFukidashi/8,Please change my character design.
PostFukidashi_en,No009/Lv3/PostFukidashi/9,Let me send you my bug patches PLEASE
PostFukidashi_en,No010/Lv1/PostFukidashi/1,yunyun is god
PostFukidashi_en,No010/Lv1/PostFukidashi/2,Remember your daily Rim de Lacent
PostFukidashi_en,No010/Lv1/PostFukidashi/3,New Q-chanism
PostFukidashi_en,No010/Lv1/PostFukidashi/4,Denpa hymns
PostFukidashi_en,No010/Lv1/PostFukidashi/5,World peace through idiocy
PostFukidashi_en,No010/Lv1/PostFukidashi/6,面白そうｗｗｗｗ
PostFukidashi_en,No010/Lv2/PostFukidashi/1,Yunyun is God
PostFukidashi_en,No010/Lv2/PostFukidashi/2,Rim de Lacent is our prayer
PostFukidashi_en,No010/Lv2/PostFukidashi/3,Denpa hymns
PostFukidashi_en,No010/Lv2/PostFukidashi/4,yunyun is god
PostFukidashi_en,No010/Lv2/PostFukidashi/5,Q-chan shitpost scribes
PostFukidashi_en,No010/Lv2/PostFukidashi/6,Blessed with new scripture once again...
PostFukidashi_en,No010/Lv2/PostFukidashi/7,QOL up
PostFukidashi_en,No010/Lv2/PostFukidashi/8,YUNYUN IS GOD
PostFukidashi_en,No010/Lv3/PostFukidashi/1,Rim de Lacent!
PostFukidashi_en,No010/Lv3/PostFukidashi/10,Rim de Lacent!
PostFukidashi_en,No010/Lv3/PostFukidashi/2,Rim de Lacent!
PostFukidashi_en,No010/Lv3/PostFukidashi/3,Rim de Lacent!
PostFukidashi_en,No010/Lv3/PostFukidashi/4,Rim de Lacent!
PostFukidashi_en,No010/Lv3/PostFukidashi/5,Rim de Lacent!
PostFukidashi_en,No010/Lv3/PostFukidashi/6,...I'm team Guiltina so...
PostFukidashi_en,No010/Lv3/PostFukidashi/7,Rim de Lacent!
PostFukidashi_en,No010/Lv3/PostFukidashi/8,Rim de Lacent!
PostFukidashi_en,No010/Lv3/PostFukidashi/9,Rim de Lacent!
PostFukidashi_en,No011/Lv1/PostFukidashi/1,Aren't there a lot of different shows tho?
PostFukidashi_en,No011/Lv1/PostFukidashi/2,dude ur thirty...
PostFukidashi_en,No011/Lv1/PostFukidashi/3,I'll be convinced when I hear it from a wizard.
PostFukidashi_en,No011/Lv1/PostFukidashi/4,Can even 30 year olds become magical girls?
PostFukidashi_en,No011/Lv1/PostFukidashi/5,Wonder how they sort everyone into classes
PostFukidashi_en,No011/Lv1/PostFukidashi/6,Japan's gonna become a magical superpower
PostFukidashi_en,No011/Lv2/PostFukidashi/1,That's when the screen fades to black
PostFukidashi_en,No011/Lv2/PostFukidashi/2,Mysterious Lexicon (Body Language)
PostFukidashi_en,No011/Lv2/PostFukidashi/3,Black company
PostFukidashi_en,No011/Lv2/PostFukidashi/4,Q-chan fights the kappa with a pentagram!
PostFukidashi_en,No011/Lv2/PostFukidashi/5,They don't sound like a real otaku
PostFukidashi_en,No011/Lv2/PostFukidashi/6,My morning chant: Rim de Lacent!
PostFukidashi_en,No011/Lv2/PostFukidashi/7,おいおい
PostFukidashi_en,No011/Lv2/PostFukidashi/8,Thou who art darker than twilight
PostFukidashi_en,No011/Lv3/PostFukidashi/1,I got mine
PostFukidashi_en,No011/Lv3/PostFukidashi/10,“This world is cleansed”
PostFukidashi_en,No011/Lv3/PostFukidashi/2,I meet the requirements
PostFukidashi_en,No011/Lv3/PostFukidashi/3,Why now though?
PostFukidashi_en,No011/Lv3/PostFukidashi/4,Let the death games begin?
PostFukidashi_en,No011/Lv3/PostFukidashi/5,"Dark arts are banned, you hear?"
PostFukidashi_en,No011/Lv3/PostFukidashi/6,Spare Kinkaku-ji this time
PostFukidashi_en,No011/Lv3/PostFukidashi/7,Rim de Lacent!
PostFukidashi_en,No011/Lv3/PostFukidashi/8,Q-chan prolly got one too
PostFukidashi_en,No011/Lv3/PostFukidashi/9,Mahou Shoujo Q-chan
PostFukidashi_en,No012/Lv1/PostFukidashi/1,Q...
PostFukidashi_en,No012/Lv1/PostFukidashi/2,Don't lose your doujin spirit!
PostFukidashi_en,No012/Lv1/PostFukidashi/3,If they know your kinks you're defs screwed
PostFukidashi_en,No012/Lv1/PostFukidashi/4,Boost my favs on the charts too!
PostFukidashi_en,No012/Lv1/PostFukidashi/5,"<size=20>Define yourself by what you love, not what you hate!</size>"
PostFukidashi_en,No012/Lv1/PostFukidashi/6,What is a doujin?
PostFukidashi_en,No012/Lv2/PostFukidashi/1,<size=20>Don't let others hold the pen of life and death over you!</size>
PostFukidashi_en,No012/Lv2/PostFukidashi/2,Otaku gone feral
PostFukidashi_en,No012/Lv2/PostFukidashi/3,Then just stop
PostFukidashi_en,No012/Lv2/PostFukidashi/4,Feel kinda bad for them
PostFukidashi_en,No012/Lv2/PostFukidashi/5,Don't betray your waifu!
PostFukidashi_en,No012/Lv2/PostFukidashi/6,MY WAIFU DESERVES COMPENSATION!
PostFukidashi_en,No012/Lv2/PostFukidashi/7,They're literally slaves...
PostFukidashi_en,No012/Lv2/PostFukidashi/8,ひどい
PostFukidashi_en,No012/Lv3/PostFukidashi/1,The hell did you denpa antennas pull this off?
PostFukidashi_en,No012/Lv3/PostFukidashi/10,What else is new?
PostFukidashi_en,No012/Lv3/PostFukidashi/2,Yunyun! Yunyun!
PostFukidashi_en,No012/Lv3/PostFukidashi/3,Can we get the Q-chan book too?
PostFukidashi_en,No012/Lv3/PostFukidashi/4,Yunyun! Yunyun!
PostFukidashi_en,No012/Lv3/PostFukidashi/5,Q-chan screaming with joy right now
PostFukidashi_en,No012/Lv3/PostFukidashi/6,Big Q-chan W!
PostFukidashi_en,No012/Lv3/PostFukidashi/7,Yunyun! Yunyun!
PostFukidashi_en,No012/Lv3/PostFukidashi/8,Good shit my denpa antennas!
PostFukidashi_en,No012/Lv3/PostFukidashi/9,Who the heck are you all...?
PostFukidashi_en,No013/Lv1/PostFukidashi/1,ワロタ
PostFukidashi_en,No013/Lv1/PostFukidashi/2,Cursed to become zombies
PostFukidashi_en,No013/Lv1/PostFukidashi/3,Paying the price for what they've done
PostFukidashi_en,No013/Lv1/PostFukidashi/4,な……なんだってーー！
PostFukidashi_en,No013/Lv1/PostFukidashi/5,The shocking truth is finally revealed!
PostFukidashi_en,No013/Lv1/PostFukidashi/6,Influencers just be like that tho
PostFukidashi_en,No013/Lv2/PostFukidashi/1,！？
PostFukidashi_en,No013/Lv2/PostFukidashi/2,but y?
PostFukidashi_en,No013/Lv2/PostFukidashi/3,They haven't explained why
PostFukidashi_en,No013/Lv2/PostFukidashi/4,It's an impression zombie apocalypse!
PostFukidashi_en,No013/Lv2/PostFukidashi/5,"Adios, rage-baiters"
PostFukidashi_en,No013/Lv2/PostFukidashi/6,I'm still human!
PostFukidashi_en,No013/Lv2/PostFukidashi/7,Engagement metrics?
PostFukidashi_en,No013/Lv2/PostFukidashi/8,Every update just makes things worse
PostFukidashi_en,No013/Lv3/PostFukidashi/1,From impressions zombies to real zombies
PostFukidashi_en,No013/Lv3/PostFukidashi/10,SDK!
PostFukidashi_en,No013/Lv3/PostFukidashi/2,Decaying influencers
PostFukidashi_en,No013/Lv3/PostFukidashi/3,Zombie influencers
PostFukidashi_en,No013/Lv3/PostFukidashi/4,Rage-baiters rise up!
PostFukidashi_en,No013/Lv3/PostFukidashi/5,They have decayed.
PostFukidashi_en,No013/Lv3/PostFukidashi/6,Here comes the backlash!
PostFukidashi_en,No013/Lv3/PostFukidashi/7,Their numbers are going up a ton
PostFukidashi_en,No013/Lv3/PostFukidashi/8,Is this a zombie?
PostFukidashi_en,No013/Lv3/PostFukidashi/9,We need a vaccine right away!
PostFukidashi_en,No014/Lv1/PostFukidashi/1,Never worn one
PostFukidashi_en,No014/Lv1/PostFukidashi/2,All you need is a tinfoil cap?
PostFukidashi_en,No014/Lv1/PostFukidashi/3,Don't they block the denpa out?
PostFukidashi_en,No014/Lv1/PostFukidashi/4,Another Q Denpa Antenna W
PostFukidashi_en,No014/Lv1/PostFukidashi/5,It's time for our AWAKENING
PostFukidashi_en,No014/Lv1/PostFukidashi/6,I'm dying just imagining this
PostFukidashi_en,No014/Lv2/PostFukidashi/1,Can I please not have to also debug real life?
PostFukidashi_en,No014/Lv2/PostFukidashi/2,So like cheat codes?
PostFukidashi_en,No014/Lv2/PostFukidashi/3,*Not accepting bug reports*
PostFukidashi_en,No014/Lv2/PostFukidashi/4,Do not allow user debugging.
PostFukidashi_en,No014/Lv2/PostFukidashi/5,just one sheet of aluminum?
PostFukidashi_en,No014/Lv2/PostFukidashi/6,Maybe it's time for my Awakening
PostFukidashi_en,No014/Lv2/PostFukidashi/7,Sure you're not just hallucinating?
PostFukidashi_en,No014/Lv2/PostFukidashi/8,Sure it won't also fry your brain?
PostFukidashi_en,No014/Lv3/PostFukidashi/1,// Do not share this menu
PostFukidashi_en,No014/Lv3/PostFukidashi/2,"// This menu directly
edits Q world."
PostFukidashi_en,No014/Lv3/PostFukidashi/3,// Use at your own risk.
PostFukidashi_en,No014/Lv3/PostFukidashi/4,// Changes apply immediately.
PostFukidashi_en,No014/Lv3/PostFukidashi/5,// You will not be able to undo changes.
PostFukidashi_en,No014/Lv3/PostFukidashi/6,// It may break the story.
PostFukidashi_en,No014/Lv3/PostFukidashi/7,"// Cannot edit Yunyun,
the administrator."
PostFukidashi_en,No014/Lv3/PostFukidashi/8,// Do not share the existence of this menu.
PostFukidashi_en,No015/Lv1/PostFukidashi/1,Haven't seen DQN in forever
PostFukidashi_en,No015/Lv1/PostFukidashi/2,So that was a crime syndicate
PostFukidashi_en,No015/Lv1/PostFukidashi/3,Bullying is school crime
PostFukidashi_en,No015/Lv1/PostFukidashi/4,DON'T PROTECT CRIMINALS!
PostFukidashi_en,No015/Lv1/PostFukidashi/5,I dunno if I should laugh or cry
PostFukidashi_en,No015/Lv1/PostFukidashi/6,Seems about right
PostFukidashi_en,No015/Lv2/PostFukidashi/1,Board of gutter trash
PostFukidashi_en,No015/Lv2/PostFukidashi/2,Fucking ridiculous. Just drop the whole system.
PostFukidashi_en,No015/Lv2/PostFukidashi/3,It has decayed.
PostFukidashi_en,No015/Lv2/PostFukidashi/4,"Calm tf down, it's just some Q Denpa guy"
PostFukidashi_en,No015/Lv2/PostFukidashi/5,You should all apologize to the actual educators.
PostFukidashi_en,No015/Lv2/PostFukidashi/6,はい？
PostFukidashi_en,No015/Lv2/PostFukidashi/7,Isn't that a bit much?
PostFukidashi_en,No015/Lv3/PostFukidashi/1,Don't these reforms go a bit far?
PostFukidashi_en,No015/Lv3/PostFukidashi/10,Time to just slack off at home!
PostFukidashi_en,No015/Lv3/PostFukidashi/2,That came out way too fast.
PostFukidashi_en,No015/Lv3/PostFukidashi/3,huge W
PostFukidashi_en,No015/Lv3/PostFukidashi/4,Well done
PostFukidashi_en,No015/Lv3/PostFukidashi/5,HIGH SCHOOL IS COMPULSORY NOW!?
PostFukidashi_en,No015/Lv3/PostFukidashi/6,Accessible education is a good thing.
PostFukidashi_en,No015/Lv3/PostFukidashi/7,I hate going outside so thanks
PostFukidashi_en,No015/Lv3/PostFukidashi/8,WHAT? This is why kids these days...
PostFukidashi_en,No015/Lv3/PostFukidashi/9,Social skills are going to fall through the floor.
PostFukidashi_en,No016/Lv2/PostFukidashi/1,End them.
PostFukidashi_en,No016/Lv2/PostFukidashi/2,You are not forgiven
PostFukidashi_en,No016/Lv2/PostFukidashi/3,Scalpers are criminals
PostFukidashi_en,No016/Lv2/PostFukidashi/4,Not buying it
PostFukidashi_en,No016/Lv3/PostFukidashi/1,guilty
PostFukidashi_en,No016/Lv3/PostFukidashi/2,Just give it a rest already
PostFukidashi_en,No016/Lv3/PostFukidashi/3,There's no saving you
PostFukidashi_en,No016/Lv3/PostFukidashi/4,REVOLUTION
PostFukidashi_en,No016/Lv3/PostFukidashi/5,キーー
PostFukidashi_en,No016/Lv3/PostFukidashi/6,Foolish monkeys
PostFukidashi_en,No017/Lv1/PostFukidashi/1,So are the ones dozing off older models?
PostFukidashi_en,No017/Lv1/PostFukidashi/2,If we don't roll out 6G soon...!
PostFukidashi_en,No017/Lv1/PostFukidashi/3,Please connect with me (urgent)
PostFukidashi_en,No017/Lv1/PostFukidashi/4,Wouldn't they get hacked?
PostFukidashi_en,No017/Lv1/PostFukidashi/5,That's going too far
PostFukidashi_en,No017/Lv1/PostFukidashi/6,I love machines so this is great!
PostFukidashi_en,No017/Lv2/PostFukidashi/1,For real!?
PostFukidashi_en,No017/Lv2/PostFukidashi/2,ｷﾀ━━━━(ﾟ∀ﾟ)━━━━!
PostFukidashi_en,No017/Lv2/PostFukidashi/3,Isn't this a bit rushed?
PostFukidashi_en,No017/Lv2/PostFukidashi/4,Seems the Denpa Antennas sped this up.
PostFukidashi_en,No017/Lv2/PostFukidashi/5,All thanks to Q-chan
PostFukidashi_en,No017/Lv2/PostFukidashi/6,So glad I became an antenna
PostFukidashi_en,No017/Lv2/PostFukidashi/7,They use vaccines to put the microchips in
PostFukidashi_en,No017/Lv2/PostFukidashi/8,TSKR
PostFukidashi_en,No017/Lv3/PostFukidashi/1,Actually terrifying
PostFukidashi_en,No017/Lv3/PostFukidashi/10,６Ｇ助かる
PostFukidashi_en,No017/Lv3/PostFukidashi/2,So which ones are androids?
PostFukidashi_en,No017/Lv3/PostFukidashi/3,Machines have lived among us all this time?
PostFukidashi_en,No017/Lv3/PostFukidashi/4,Is there no way to tell them apart?
PostFukidashi_en,No017/Lv3/PostFukidashi/5,I just want to live in peace...
PostFukidashi_en,No017/Lv3/PostFukidashi/6,"If in doubt, just blow it up?"
PostFukidashi_en,No017/Lv3/PostFukidashi/7,ONE JUST BLEW RIGHT IN FRONT OF ME!
PostFukidashi_en,No017/Lv3/PostFukidashi/8,I think my friends might be androids
PostFukidashi_en,No017/Lv3/PostFukidashi/9,I saw a schoolgirl with a screw in her back.
PostFukidashi_en,No018/Lv1/PostFukidashi/1,yup
PostFukidashi_en,No018/Lv1/PostFukidashi/2,sorry
PostFukidashi_en,No018/Lv1/PostFukidashi/3,my bad
PostFukidashi_en,No018/Lv1/PostFukidashi/4,“We can't deny it” yeah we get it
PostFukidashi_en,No018/Lv1/PostFukidashi/5,Fuck AI
PostFukidashi_en,No018/Lv1/PostFukidashi/6,I am one of them
PostFukidashi_en,No018/Lv2/PostFukidashi/1,It's like an employment support program
PostFukidashi_en,No018/Lv2/PostFukidashi/2,An AI like that might be alright
PostFukidashi_en,No018/Lv2/PostFukidashi/3,Stop taking our jobs!
PostFukidashi_en,No018/Lv2/PostFukidashi/4,And they named it YIN
PostFukidashi_en,No018/Lv2/PostFukidashi/5,My company is interested too
PostFukidashi_en,No018/Lv2/PostFukidashi/6,Seems helpful
PostFukidashi_en,No018/Lv2/PostFukidashi/7,Here comes the new era!
PostFukidashi_en,No018/Lv2/PostFukidashi/8,Ummmm?
PostFukidashi_en,No018/Lv3/PostFukidashi/1,Is it really gonna work in government?
PostFukidashi_en,No018/Lv3/PostFukidashi/10,It's the Age of Machines
PostFukidashi_en,No018/Lv3/PostFukidashi/2,JUST LIKE THAT!?
PostFukidashi_en,No018/Lv3/PostFukidashi/3,If it's just temporary...
PostFukidashi_en,No018/Lv3/PostFukidashi/4,Is this the singularity?
PostFukidashi_en,No018/Lv3/PostFukidashi/5,It's Judgment Day
PostFukidashi_en,No018/Lv3/PostFukidashi/6,It can't be worse than humans
PostFukidashi_en,No018/Lv3/PostFukidashi/7,Are you serious?
PostFukidashi_en,No018/Lv3/PostFukidashi/8,I refuse to believe it
PostFukidashi_en,No018/Lv3/PostFukidashi/9,Bring down my utilities thanks
PostFukidashi_en,No019/Lv1/PostFukidashi/1,Moé is kinda dead tho?
PostFukidashi_en,No019/Lv1/PostFukidashi/2,フォカヌポウ
PostFukidashi_en,No019/Lv1/PostFukidashi/3,オウフ
PostFukidashi_en,No019/Lv1/PostFukidashi/4,More like dirty energy
PostFukidashi_en,No019/Lv1/PostFukidashi/5,It's gonna mess up more than the economy now?
PostFukidashi_en,No019/Lv1/PostFukidashi/6,A full moé ecosystem!
PostFukidashi_en,No019/Lv2/PostFukidashi/1,The head researcher is a Q denpa antenna?
PostFukidashi_en,No019/Lv2/PostFukidashi/2,So it wasn't a conspiracy?
PostFukidashi_en,No019/Lv2/PostFukidashi/3,It's actually true!
PostFukidashi_en,No019/Lv2/PostFukidashi/4,All the funding probably goes into figures.
PostFukidashi_en,No019/Lv2/PostFukidashi/5,Is this the matrix?
PostFukidashi_en,No019/Lv2/PostFukidashi/6,Wonder which uni did this
PostFukidashi_en,No019/Lv2/PostFukidashi/7,Sounds like a scam
PostFukidashi_en,No019/Lv2/PostFukidashi/8,Of course it's some Q denpa antenna
PostFukidashi_en,No019/Lv3/PostFukidashi/1,すげーーーー
PostFukidashi_en,No019/Lv3/PostFukidashi/10,Gonna make for some crazy energy waves
PostFukidashi_en,No019/Lv3/PostFukidashi/2,Q-chan is God
PostFukidashi_en,No019/Lv3/PostFukidashi/3,They've asked Q-chan to research with them?
PostFukidashi_en,No019/Lv3/PostFukidashi/4,They're calling out Q-chan directly
PostFukidashi_en,No019/Lv3/PostFukidashi/5,You think Q-chan will do it?
PostFukidashi_en,No019/Lv3/PostFukidashi/6,He's making his appeal!
PostFukidashi_en,No019/Lv3/PostFukidashi/7,"Joint research, huh?"
PostFukidashi_en,No019/Lv3/PostFukidashi/8,Moé power Q-chan
PostFukidashi_en,No019/Lv3/PostFukidashi/9,"Not just denpa, but energy too!"
PostFukidashi_en,No020/Lv1/PostFukidashi/1,Putting your identity in the mixer
PostFukidashi_en,No020/Lv1/PostFukidashi/2,Like using avatars to be your ideal self?
PostFukidashi_en,No020/Lv1/PostFukidashi/3,Just stay away from mirrors lol
PostFukidashi_en,No020/Lv1/PostFukidashi/4,Gives me the creeps.
PostFukidashi_en,No020/Lv1/PostFukidashi/5,Correct? More like replace.
PostFukidashi_en,No020/Lv1/PostFukidashi/6,Haven't tried VR yet
PostFukidashi_en,No020/Lv2/PostFukidashi/1,My friend started talking like a girl
PostFukidashi_en,No020/Lv2/PostFukidashi/2,Won't it make everyone act more like girls?
PostFukidashi_en,No020/Lv2/PostFukidashi/3,Everyone acts different playing a character.
PostFukidashi_en,No020/Lv2/PostFukidashi/4,damn that's creepy
PostFukidashi_en,No020/Lv2/PostFukidashi/5,Social Experiment
PostFukidashi_en,No020/Lv2/PostFukidashi/6,Dark side of the internet
PostFukidashi_en,No020/Lv2/PostFukidashi/7,I'm in!
PostFukidashi_en,No020/Lv2/PostFukidashi/8,Personality erasure
PostFukidashi_en,No020/Lv3/PostFukidashi/1,It's an affront to humanity
PostFukidashi_en,No020/Lv3/PostFukidashi/10,Get this on the market!
PostFukidashi_en,No020/Lv3/PostFukidashi/2,Our taxes are funding this?
PostFukidashi_en,No020/Lv3/PostFukidashi/3,I kinda want one tho
PostFukidashi_en,No020/Lv3/PostFukidashi/4,Maybe I should become a deadbeat...
PostFukidashi_en,No020/Lv3/PostFukidashi/5,Won't this make more hikikomori?
PostFukidashi_en,No020/Lv3/PostFukidashi/6,You mean human experimentation?
PostFukidashi_en,No020/Lv3/PostFukidashi/7,Sounds fun
PostFukidashi_en,No020/Lv3/PostFukidashi/8,Truth is stranger than fiction.
PostFukidashi_en,No020/Lv3/PostFukidashi/9,Dunno about this
PostFukidashi_en,No021/Lv1/PostFukidashi/1,“Being a hikikomori tempers your soul”
PostFukidashi_en,No021/Lv1/PostFukidashi/2,ワロタ
PostFukidashi_en,No021/Lv1/PostFukidashi/3,This is just clickbait right?
PostFukidashi_en,No021/Lv1/PostFukidashi/4,Guess I'll get tempering
PostFukidashi_en,No021/Lv1/PostFukidashi/5,This is so obnoxious...
PostFukidashi_en,No021/Lv1/PostFukidashi/6,The isekai trucks are being replaced
PostFukidashi_en,No021/Lv2/PostFukidashi/1,Being a hikikomori is harder than you'd think
PostFukidashi_en,No021/Lv2/PostFukidashi/2,Dying of boredom here
PostFukidashi_en,No021/Lv2/PostFukidashi/3,This actually feels awful
PostFukidashi_en,No021/Lv2/PostFukidashi/4,Day 3 of being a hikikomori.
PostFukidashi_en,No021/Lv2/PostFukidashi/5,"Lurking online has the same vibe, right?"
PostFukidashi_en,No021/Lv2/PostFukidashi/6,Uso-matsu
PostFukidashi_en,No021/Lv2/PostFukidashi/7,You can't be serious
PostFukidashi_en,No021/Lv2/PostFukidashi/8,Get a job
PostFukidashi_en,No021/Lv3/PostFukidashi/1,I can think of a game system he'd just love.
PostFukidashi_en,No021/Lv3/PostFukidashi/10,"Time to temper up then, huh?"
PostFukidashi_en,No021/Lv3/PostFukidashi/2,“Self-proclaimed”
PostFukidashi_en,No021/Lv3/PostFukidashi/3,Where's my isekai waifu?
PostFukidashi_en,No021/Lv3/PostFukidashi/4,I've been a hikikomori for ten years too...
PostFukidashi_en,No021/Lv3/PostFukidashi/5,The fruit of his mental labor
PostFukidashi_en,No021/Lv3/PostFukidashi/6,The waifu part has my interest
PostFukidashi_en,No021/Lv3/PostFukidashi/7,What kind of world was it?
PostFukidashi_en,No021/Lv3/PostFukidashi/8,Is there any proof at all?
PostFukidashi_en,No021/Lv3/PostFukidashi/9,y'all got baited
PostFukidashi_en,No022/Lv1/PostFukidashi/1,"Ugh, don't make me remember"
PostFukidashi_en,No022/Lv1/PostFukidashi/2,Don't even say it
PostFukidashi_en,No022/Lv1/PostFukidashi/3,All corporate lingo pisses me off
PostFukidashi_en,No022/Lv1/PostFukidashi/4,A must-have for tonkotsu shoyu ramen
PostFukidashi_en,No022/Lv1/PostFukidashi/5,This jutsu's been working on me
PostFukidashi_en,No022/Lv1/PostFukidashi/6,STOP
PostFukidashi_en,No022/Lv2/PostFukidashi/1,"Farewell, working life"
PostFukidashi_en,No022/Lv2/PostFukidashi/2,Maybe I'll give that a try
PostFukidashi_en,No022/Lv2/PostFukidashi/3,See no evil hear no evil speak no evil
PostFukidashi_en,No022/Lv2/PostFukidashi/4,Double your happiness in one easy step!
PostFukidashi_en,No022/Lv2/PostFukidashi/5,Like just taking all your PTO?
PostFukidashi_en,No022/Lv2/PostFukidashi/6,this is a W
PostFukidashi_en,No022/Lv2/PostFukidashi/7,Wasn't this just a conspiracy?
PostFukidashi_en,No022/Lv2/PostFukidashi/8,ASAPだな
PostFukidashi_en,No022/Lv3/PostFukidashi/1,UWAAHHHH! HEISHAAA!
PostFukidashi_en,No022/Lv3/PostFukidashi/10,ゥァア゛ーッ！　弊社ァ！
PostFukidashi_en,No022/Lv3/PostFukidashi/2,Their Command Spells can't bind me!
PostFukidashi_en,No022/Lv3/PostFukidashi/3,ゥァア゛ーッ！　弊社ァ！
PostFukidashi_en,No022/Lv3/PostFukidashi/4,HAAAAAAAHHHHH!!!
PostFukidashi_en,No022/Lv3/PostFukidashi/5,UWAAHHHH! HEISHAAA!
PostFukidashi_en,No022/Lv3/PostFukidashi/6,破ぁ！
PostFukidashi_en,No022/Lv3/PostFukidashi/7,What's going on?
PostFukidashi_en,No022/Lv3/PostFukidashi/8,UWAAHHHH! HEISHAAA!
PostFukidashi_en,No022/Lv3/PostFukidashi/9,Did T-san get mixed up in this?
PostFukidashi_en,No023/Lv1/PostFukidashi/1,I'm not interested in ordinary humans!
PostFukidashi_en,No023/Lv1/PostFukidashi/2,Don't forget to turn the page
PostFukidashi_en,No023/Lv1/PostFukidashi/3,So it's Q-chan?
PostFukidashi_en,No023/Lv1/PostFukidashi/4,The Butterfly Dream
PostFukidashi_en,No023/Lv1/PostFukidashi/5,I wish it was a dream
PostFukidashi_en,No023/Lv1/PostFukidashi/6,WAKE UP～～～
PostFukidashi_en,No023/Lv2/PostFukidashi/1,So it's Q-chan?
PostFukidashi_en,No023/Lv2/PostFukidashi/2,Like the Q Denpa Antenna conspiracies?
PostFukidashi_en,No023/Lv2/PostFukidashi/3,Confirmation bias
PostFukidashi_en,No023/Lv2/PostFukidashi/4,"You can't be serious!
You can't do that!"
PostFukidashi_en,No023/Lv2/PostFukidashi/5,So it's Q-chan?
PostFukidashi_en,No023/Lv2/PostFukidashi/6,Q Denpa Antennas
PostFukidashi_en,No023/Lv2/PostFukidashi/7,Where did this come from?
PostFukidashi_en,No023/Lv2/PostFukidashi/8,Yunyun denpa?
PostFukidashi_en,No023/Lv3/PostFukidashi/1,So it's Q-chan?
PostFukidashi_en,No023/Lv3/PostFukidashi/10,So glad to be a denpa antenna
PostFukidashi_en,No023/Lv3/PostFukidashi/2,Q-chan is God
PostFukidashi_en,No023/Lv3/PostFukidashi/3,"It's totally Q-chan, right?"
PostFukidashi_en,No023/Lv3/PostFukidashi/4,I was born from Q-chan's denpa
PostFukidashi_en,No023/Lv3/PostFukidashi/5,I'm in Q-chan's delusion!
PostFukidashi_en,No023/Lv3/PostFukidashi/6,Q-chan! Q-chan!
PostFukidashi_en,No023/Lv3/PostFukidashi/7,"If it's a cute girl's delusion, I can dig it."
PostFukidashi_en,No023/Lv3/PostFukidashi/8,Q-chan the goddess
PostFukidashi_en,No023/Lv3/PostFukidashi/9,Q-chan! Q-chan!
PostFukidashi_en,No024/Lv1/PostFukidashi/1,After all this time...
PostFukidashi_en,No024/Lv1/PostFukidashi/2,Ignorant masses
PostFukidashi_en,No024/Lv1/PostFukidashi/3,Huh? We already knew though?
PostFukidashi_en,No024/Lv1/PostFukidashi/4,ひーめ　ひーめ
PostFukidashi_en,No024/Lv1/PostFukidashi/5,NEET NEET
PostFukidashi_en,No024/Lv1/PostFukidashi/6,"That's the 3S policy, right?"
PostFukidashi_en,No024/Lv2/PostFukidashi/1,It's a deep state plot?
PostFukidashi_en,No024/Lv2/PostFukidashi/2,Is Q-chan also in on it?
PostFukidashi_en,No024/Lv2/PostFukidashi/3,Is Q-chan working for the deep state?
PostFukidashi_en,No024/Lv2/PostFukidashi/4,Ain't no way
PostFukidashi_en,No024/Lv2/PostFukidashi/5,"Q-chan is one of us, right?"
PostFukidashi_en,No024/Lv2/PostFukidashi/6,The chosen people can't shitpost like Q-chan
PostFukidashi_en,No024/Lv2/PostFukidashi/7,Thanks for the conspiracy trash
PostFukidashi_en,No024/Lv2/PostFukidashi/8,Uso-matsu
PostFukidashi_en,No024/Lv3/PostFukidashi/1,I'm going to kill you.
PostFukidashi_en,No024/Lv3/PostFukidashi/10,You are a creature who can't be allowed to exist
PostFukidashi_en,No024/Lv3/PostFukidashi/2,"Very well, then let it be Krieg."
PostFukidashi_en,No024/Lv3/PostFukidashi/3,"If you hurt people, they'll hurt you back."
PostFukidashi_en,No024/Lv3/PostFukidashi/4,"Go on, the only ones who can shoot..."
PostFukidashi_en,No024/Lv3/PostFukidashi/5,ぶっこぉすぞ
PostFukidashi_en,No024/Lv3/PostFukidashi/6,I'll kill you.
PostFukidashi_en,No024/Lv3/PostFukidashi/7,"Alright, let's fight!
Let's have a brawl!"
PostFukidashi_en,No024/Lv3/PostFukidashi/8,I'll set you straight!
PostFukidashi_en,No024/Lv3/PostFukidashi/9,Kneel!
PostFukidashi_en,No025/Lv1/PostFukidashi/1,GAFA?
PostFukidashi_en,No025/Lv1/PostFukidashi/2,There's the tech GAFAM too.
PostFukidashi_en,No025/Lv1/PostFukidashi/3,What a pretty name!
PostFukidashi_en,No025/Lv1/PostFukidashi/4,Are they spreading memes around too?
PostFukidashi_en,No025/Lv2/PostFukidashi/1,Screw surveillance capitalism
PostFukidashi_en,No025/Lv2/PostFukidashi/2,Full denpa antenna vibes from this one
PostFukidashi_en,No025/Lv2/PostFukidashi/3,ポポポポーン
PostFukidashi_en,No025/Lv2/PostFukidashi/4,popopo
PostFukidashi_en,No025/Lv2/PostFukidashi/5,Meme pollution...
PostFukidashi_en,No025/Lv2/PostFukidashi/6,Imprinting
PostFukidashi_en,No025/Lv3/PostFukidashi/1,Feels true?
PostFukidashi_en,No025/Lv3/PostFukidashi/2,Like Yumekawa?
PostFukidashi_en,No025/Lv3/PostFukidashi/3,New retro style
PostFukidashi_en,No025/Lv3/PostFukidashi/4,Ojou-sama speak
PostFukidashi_en,No025/Lv3/PostFukidashi/5,Menhera little sisters
PostFukidashi_en,No025/Lv3/PostFukidashi/6,Shocking pink
PostFukidashi_en,No025/Lv3/PostFukidashi/7,Music trends too
PostFukidashi_en,No025/Lv3/PostFukidashi/8,Blonde twintails = tsundere
PostFukidashi_en,No026/Lv1/PostFukidashi/1,The heck is this conspiracy?
PostFukidashi_en,No026/Lv1/PostFukidashi/2,Q Denpa Antennas are otaku
PostFukidashi_en,No026/Lv1/PostFukidashi/3,It's a decent count at least
PostFukidashi_en,No026/Lv1/PostFukidashi/4,"Game genre matters though, right?"
PostFukidashi_en,No026/Lv1/PostFukidashi/5,Timestamps and completion rate pls!
PostFukidashi_en,No026/Lv1/PostFukidashi/6,Screenshot button would be great too
PostFukidashi_en,No026/Lv2/PostFukidashi/1,You're supposed to avoid user debug.
PostFukidashi_en,No026/Lv2/PostFukidashi/2,The balance is really messed up
PostFukidashi_en,No026/Lv2/PostFukidashi/3,Reality is total garbo
PostFukidashi_en,No026/Lv2/PostFukidashi/4,My life is just one autosave
PostFukidashi_en,No026/Lv2/PostFukidashi/5,It won't let me save or load
PostFukidashi_en,No026/Lv2/PostFukidashi/6,A pause feature would be great
PostFukidashi_en,No026/Lv2/PostFukidashi/7,Overflow?
PostFukidashi_en,No026/Lv2/PostFukidashi/8,You don't see this bug often these days
PostFukidashi_en,No026/Lv3/PostFukidashi/1,ERROR
PostFukidashi_en,No026/Lv3/PostFukidashi/10,ERROR
PostFukidashi_en,No026/Lv3/PostFukidashi/2,ERROR
PostFukidashi_en,No026/Lv3/PostFukidashi/3,ERROR
PostFukidashi_en,No026/Lv3/PostFukidashi/4,ERROR
PostFukidashi_en,No026/Lv3/PostFukidashi/5,ERROR
PostFukidashi_en,No026/Lv3/PostFukidashi/6,ERROR
PostFukidashi_en,No026/Lv3/PostFukidashi/7,ERROR
PostFukidashi_en,No026/Lv3/PostFukidashi/8,ERROR
PostFukidashi_en,No026/Lv3/PostFukidashi/9,ERROR
PostFukidashi_en,No027/Lv1/PostFukidashi/1,I can't follow this
PostFukidashi_en,No027/Lv1/PostFukidashi/2,Are conspiracies going sci-fi now?
PostFukidashi_en,No027/Lv1/PostFukidashi/3,Monolith where?
PostFukidashi_en,No027/Lv1/PostFukidashi/4,I have nothing to offer humanity
PostFukidashi_en,No027/Lv2/PostFukidashi/1,Sounds about right
PostFukidashi_en,No027/Lv2/PostFukidashi/2,I see
PostFukidashi_en,No027/Lv2/PostFukidashi/3,Don't let Atlantis happen again!
PostFukidashi_en,No027/Lv2/PostFukidashi/4,"Backwards, you have it backwards."
PostFukidashi_en,No027/Lv2/PostFukidashi/5,No one but idiots here
PostFukidashi_en,No027/Lv2/PostFukidashi/6,I don't even
PostFukidashi_en,No027/Lv3/PostFukidashi/1,Think on a global scale
PostFukidashi_en,No027/Lv3/PostFukidashi/2,Kin of the Stars
PostFukidashi_en,No027/Lv3/PostFukidashi/3,Starchild?
PostFukidashi_en,No027/Lv3/PostFukidashi/4,How many millenia we talking?
PostFukidashi_en,No027/Lv3/PostFukidashi/5,Hurry up with the brain cyberization
PostFukidashi_en,No027/Lv3/PostFukidashi/6,If we don't unlock it are we just stuck?
PostFukidashi_en,No027/Lv3/PostFukidashi/7,what a crap conspiracy lmao
PostFukidashi_en,No027/Lv3/PostFukidashi/8,な……なんだってー
PostFukidashi_en,No028/Lv1/PostFukidashi/1,One of Zhuge Liang's traps
PostFukidashi_en,No028/Lv1/PostFukidashi/2,Kinda like this one
PostFukidashi_en,No028/Lv1/PostFukidashi/3,Q denpa antennas always deliver
PostFukidashi_en,No028/Lv1/PostFukidashi/4,So that means anti-vaxxers are...
PostFukidashi_en,No028/Lv2/PostFukidashi/1,Better stay up late
PostFukidashi_en,No028/Lv2/PostFukidashi/2,A Vampire's Job
PostFukidashi_en,No028/Lv2/PostFukidashi/3,That annoying menhera girl?
PostFukidashi_en,No028/Lv2/PostFukidashi/4,Guess I'll go join them
PostFukidashi_en,No028/Lv2/PostFukidashi/5,Anti-vaxxers are vampires
PostFukidashi_en,No028/Lv2/PostFukidashi/6,Let me be one too!
PostFukidashi_en,No028/Lv3/PostFukidashi/1,One conspiracy takes down another
PostFukidashi_en,No028/Lv3/PostFukidashi/2,Gotta fight fire with fire
PostFukidashi_en,No028/Lv3/PostFukidashi/3,ワロタ
PostFukidashi_en,No028/Lv3/PostFukidashi/4,Let me be your underling!
PostFukidashi_en,No028/Lv3/PostFukidashi/5,Those poor organizers
PostFukidashi_en,No028/Lv3/PostFukidashi/6,Don't go stirring up trouble
PostFukidashi_en,No028/Lv3/PostFukidashi/7,Gonna be your fault that I go anti-vax
PostFukidashi_en,No028/Lv3/PostFukidashi/8,Both sides seem pretty serious about it
PostFukidashi_en,No029/Lv1/PostFukidashi/1,"I laughed, but it does make sense"
PostFukidashi_en,No029/Lv1/PostFukidashi/2,I'd expect parents to play a role
PostFukidashi_en,No029/Lv1/PostFukidashi/3,Maybe Rollpanna got me
PostFukidashi_en,No029/Lv1/PostFukidashi/4,I can't remember any of it
PostFukidashi_en,No029/Lv2/PostFukidashi/1,But my partner's nothing like my parents
PostFukidashi_en,No029/Lv2/PostFukidashi/2,Wouldn't that be different for everyone?
PostFukidashi_en,No029/Lv2/PostFukidashi/3,I have a father complex so maybe kinda get it
PostFukidashi_en,No029/Lv2/PostFukidashi/4,Girls like my mom are a big NOPE
PostFukidashi_en,No029/Lv2/PostFukidashi/5,Fucking gross
PostFukidashi_en,No029/Lv2/PostFukidashi/6,I can kinda see it
PostFukidashi_en,No029/Lv3/PostFukidashi/1,Haven't really heard about heartbreaks
PostFukidashi_en,No029/Lv3/PostFukidashi/2,"Does this mean if your parents got divorced, you're more likely to as well?"
PostFukidashi_en,No029/Lv3/PostFukidashi/3,I've never even had a girlfriend!
PostFukidashi_en,No029/Lv3/PostFukidashi/4,How rude.
PostFukidashi_en,No029/Lv3/PostFukidashi/5,The premises here screwed it all up.
PostFukidashi_en,No029/Lv3/PostFukidashi/6,Rengoku
PostFukidashi_en,No029/Lv3/PostFukidashi/7,please no
PostFukidashi_en,No029/Lv3/PostFukidashi/8,Can't deny it
PostFukidashi_en,No030/Lv1/PostFukidashi/1,Works for my mental health
PostFukidashi_en,No030/Lv1/PostFukidashi/2,Denpa songs doing work!
PostFukidashi_en,No030/Lv1/PostFukidashi/3,"This one is just real, isn't it?"
PostFukidashi_en,No030/Lv1/PostFukidashi/4,Their energy works like CPR!
PostFukidashi_en,No030/Lv2/PostFukidashi/1,助かる～
PostFukidashi_en,No030/Lv2/PostFukidashi/2,あぁ^～心がぴょんぴょんするんじゃぁ^～
PostFukidashi_en,No030/Lv2/PostFukidashi/3,TSKR～
PostFukidashi_en,No030/Lv2/PostFukidashi/4,The otaku's prayer
PostFukidashi_en,No030/Lv2/PostFukidashi/5,The path to Buddhahood
PostFukidashi_en,No030/Lv2/PostFukidashi/6,It's rehabilitation ですわ
PostFukidashi_en,No030/Lv3/PostFukidashi/1,Source: me
PostFukidashi_en,No030/Lv3/PostFukidashi/2,Praise the denpa of love!
PostFukidashi_en,No030/Lv3/PostFukidashi/3,It really does make me feel better about myself
PostFukidashi_en,No030/Lv3/PostFukidashi/4,Cute is Justice
PostFukidashi_en,No030/Lv3/PostFukidashi/5,"It's love! It's love, otaku!"
PostFukidashi_en,No030/Lv3/PostFukidashi/6,Makes the loneliness disappear
PostFukidashi_en,No030/Lv3/PostFukidashi/7,Everyone agrees
PostFukidashi_en,No030/Lv3/PostFukidashi/8,It's my personal defibrillator
PostFukidashi_en,No031/Lv1/PostFukidashi/1,Stack one for your oshi
PostFukidashi_en,No031/Lv1/PostFukidashi/2,They don't look all that hard
PostFukidashi_en,No031/Lv1/PostFukidashi/3,Aren't oni supposed to interfere?
PostFukidashi_en,No031/Lv1/PostFukidashi/4,The poor things...
PostFukidashi_en,No031/Lv2/PostFukidashi/1,Might as well start training
PostFukidashi_en,No031/Lv2/PostFukidashi/2,Reincarnation checker
PostFukidashi_en,No031/Lv2/PostFukidashi/3,Difficulty: Hell Mode()
PostFukidashi_en,No031/Lv2/PostFukidashi/4,死ぬがよい
PostFukidashi_en,No031/Lv2/PostFukidashi/5,Some pro fighting gamers are in there too.
PostFukidashi_en,No031/Lv2/PostFukidashi/6,Are the oni NPCs? Other players?
PostFukidashi_en,No031/Lv3/PostFukidashi/1,There's no way
PostFukidashi_en,No031/Lv3/PostFukidashi/2,<size=22>You'd need two lifetimes to get that good.</size>
PostFukidashi_en,No031/Lv3/PostFukidashi/3,I have memories of being in purgatory.
PostFukidashi_en,No031/Lv3/PostFukidashi/4,So reincarnation is real?
PostFukidashi_en,No031/Lv3/PostFukidashi/5,See you in the next life!
PostFukidashi_en,No031/Lv3/PostFukidashi/6,I can live another round-don!
PostFukidashi_en,No031/Lv3/PostFukidashi/7,りんかねーしょん
PostFukidashi_en,No031/Lv3/PostFukidashi/8,I'm ready for new game+
PostFukidashi_en,No032/Lv1/PostFukidashi/1,What even is a sabbath?
PostFukidashi_en,No032/Lv1/PostFukidashi/2,A witches' gathering
PostFukidashi_en,No032/Lv1/PostFukidashi/3,Could just be a gathering of wizards.
PostFukidashi_en,No032/Lv1/PostFukidashi/4,It's an otaku's time of rest
PostFukidashi_en,No032/Lv2/PostFukidashi/1,And?
PostFukidashi_en,No032/Lv2/PostFukidashi/2,Would a company really?
PostFukidashi_en,No032/Lv2/PostFukidashi/3,This conspiracy's off the deep end
PostFukidashi_en,No032/Lv2/PostFukidashi/4,I feel bad for the sponsors
PostFukidashi_en,No032/Lv2/PostFukidashi/5,Total nonsense
PostFukidashi_en,No032/Lv2/PostFukidashi/6,ひどい
PostFukidashi_en,No032/Lv3/PostFukidashi/1,Summon system OK?
PostFukidashi_en,No032/Lv3/PostFukidashi/2,See you next week!
PostFukidashi_en,No032/Lv3/PostFukidashi/3,"No Incantation Abandonment, huh?"
PostFukidashi_en,No032/Lv3/PostFukidashi/4,Then where are they?
PostFukidashi_en,No032/Lv3/PostFukidashi/5,Then shouldn't we be swimming in demons?
PostFukidashi_en,No032/Lv3/PostFukidashi/6,The heck is all this?
PostFukidashi_en,No032/Lv3/PostFukidashi/7,All of you are the demons!
PostFukidashi_en,No032/Lv3/PostFukidashi/8,Completely incomprehensible
PostFukidashi_en,No033/Lv1/PostFukidashi/1,Is this the Panspermia Theory?
PostFukidashi_en,No033/Lv1/PostFukidashi/2,Marriage is our punishment...
PostFukidashi_en,No033/Lv1/PostFukidashi/3,Rude.
PostFukidashi_en,No033/Lv1/PostFukidashi/4,Q Denpa Antennas do it again
PostFukidashi_en,No033/Lv2/PostFukidashi/1,"It does take your freedom, huh?"
PostFukidashi_en,No033/Lv2/PostFukidashi/2,Really?
PostFukidashi_en,No033/Lv2/PostFukidashi/3,I'm posting from the inside
PostFukidashi_en,No033/Lv2/PostFukidashi/4,This conspiracy's not even worth the time.
PostFukidashi_en,No033/Lv2/PostFukidashi/5,Wish I could be single again
PostFukidashi_en,No033/Lv2/PostFukidashi/6,わかる
PostFukidashi_en,No033/Lv3/PostFukidashi/1,Elderly couples are so sweet though.
PostFukidashi_en,No033/Lv3/PostFukidashi/2,This is just awful to suggest.
PostFukidashi_en,No033/Lv3/PostFukidashi/3,I'm doing my time
PostFukidashi_en,No033/Lv3/PostFukidashi/4,Let's just live and let live
PostFukidashi_en,No033/Lv3/PostFukidashi/5,Just more internet BS
PostFukidashi_en,No033/Lv3/PostFukidashi/6,trash tier conspiracy
PostFukidashi_en,No033/Lv3/PostFukidashi/7,幸せならOKです
PostFukidashi_en,No033/Lv3/PostFukidashi/8,“Partners in crime” has an emotional ring to it.
PostFukidashi_en,No034/Lv1/PostFukidashi/1,はい？
PostFukidashi_en,No034/Lv1/PostFukidashi/2,What are they even trying to say?
PostFukidashi_en,No034/Lv1/PostFukidashi/3,So they're like empty husks?
PostFukidashi_en,No034/Lv1/PostFukidashi/4,This one's pretty meh
PostFukidashi_en,No034/Lv2/PostFukidashi/1,This for real?
PostFukidashi_en,No034/Lv2/PostFukidashi/2,But there are plenty of selfish shithead parents
PostFukidashi_en,No034/Lv2/PostFukidashi/3,Feels that way with my parents
PostFukidashi_en,No034/Lv2/PostFukidashi/4,Kids do become your whole life after all.
PostFukidashi_en,No034/Lv2/PostFukidashi/5,Guess making me was a flop then
PostFukidashi_en,No034/Lv2/PostFukidashi/6,Thanks Mom and Dad!
PostFukidashi_en,No034/Lv3/PostFukidashi/1,“Shouldn't bother you one way or the other”
PostFukidashi_en,No034/Lv3/PostFukidashi/2,What a good person
PostFukidashi_en,No034/Lv3/PostFukidashi/3,What a great parent
PostFukidashi_en,No034/Lv3/PostFukidashi/4,That's so moving
PostFukidashi_en,No034/Lv3/PostFukidashi/5,Such a kind person
PostFukidashi_en,No034/Lv3/PostFukidashi/6,Their kids have such a great role model
PostFukidashi_en,No034/Lv3/PostFukidashi/7,I'd be seriously concerned lmao
PostFukidashi_en,No034/Lv3/PostFukidashi/8,That's a parent's love right there
PostFukidashi_en,No035/Lv1/PostFukidashi/1,Sunglasses are the mark of the chosen ones.
PostFukidashi_en,No035/Lv1/PostFukidashi/2,Did humans also invent mornings & afternoons?
PostFukidashi_en,No035/Lv1/PostFukidashi/3,Eternal night sounds good to me
PostFukidashi_en,No035/Lv1/PostFukidashi/4,I submit
PostFukidashi_en,No035/Lv2/PostFukidashi/1,How do they power that?
PostFukidashi_en,No035/Lv2/PostFukidashi/2,No way we have the tech for this
PostFukidashi_en,No035/Lv2/PostFukidashi/3,Smells like conspiracy nonsense
PostFukidashi_en,No035/Lv2/PostFukidashi/4,Completely ridiculous
PostFukidashi_en,No035/Lv2/PostFukidashi/5,The Artificial Sun of Terror
PostFukidashi_en,No035/Lv2/PostFukidashi/6,knew it
PostFukidashi_en,No035/Lv3/PostFukidashi/1,The Will of D
PostFukidashi_en,No035/Lv3/PostFukidashi/2,Was never a fan of the sun myself
PostFukidashi_en,No035/Lv3/PostFukidashi/3,"That'll throw off your circadian rhythm, no?"
PostFukidashi_en,No035/Lv3/PostFukidashi/4,Same old for me
PostFukidashi_en,No035/Lv3/PostFukidashi/5,It's still good to get at least a little sun.
PostFukidashi_en,No035/Lv3/PostFukidashi/6,"The night is short; walk on, otaku"
PostFukidashi_en,No035/Lv3/PostFukidashi/7,The Night is Coming!
PostFukidashi_en,No035/Lv3/PostFukidashi/8,I'm already nocturnal
PostFukidashi_en,No036/Lv1/PostFukidashi/1,Hate all the “social outcast” language
PostFukidashi_en,No036/Lv1/PostFukidashi/2,Let them suffer this curse
PostFukidashi_en,No036/Lv1/PostFukidashi/3,The whole thing is depressing
PostFukidashi_en,No036/Lv1/PostFukidashi/4,"This is just a conspiracy, right?"
PostFukidashi_en,No036/Lv2/PostFukidashi/1,It's the same on social media
PostFukidashi_en,No036/Lv2/PostFukidashi/2,The fake loner shit is so obnoxious
PostFukidashi_en,No036/Lv2/PostFukidashi/3,Don't expect any help from us
PostFukidashi_en,No036/Lv2/PostFukidashi/4,Let them suffer this curse
PostFukidashi_en,No036/Lv2/PostFukidashi/5,はぁ？
PostFukidashi_en,No036/Lv2/PostFukidashi/6,I hated them all
PostFukidashi_en,No036/Lv3/PostFukidashi/1,Can't argue with that
PostFukidashi_en,No036/Lv3/PostFukidashi/2,They're just as guilty
PostFukidashi_en,No036/Lv3/PostFukidashi/3,This is just a conspiracy theory though right?
PostFukidashi_en,No036/Lv3/PostFukidashi/4,Lotta denpa antennas feeling this one
PostFukidashi_en,No036/Lv3/PostFukidashi/5,I never had the leisure to hate
PostFukidashi_en,No036/Lv3/PostFukidashi/6,I just wanted it to stop
PostFukidashi_en,No036/Lv3/PostFukidashi/7,That's so awful
PostFukidashi_en,No036/Lv3/PostFukidashi/8,ダッサｗｗｗ
PostFukidashi_en,No037/Lv1/PostFukidashi/1,It does seem to work out that way.
PostFukidashi_en,No037/Lv1/PostFukidashi/2,Rage baiters out there chasing views
PostFukidashi_en,No037/Lv1/PostFukidashi/3,Social media culture is straight trash
PostFukidashi_en,No037/Lv1/PostFukidashi/4,What kinda god we talking here?
PostFukidashi_en,No037/Lv2/PostFukidashi/1,I'm in the ×××4/11/29 camp.
PostFukidashi_en,No037/Lv2/PostFukidashi/2,I'm on the other side of this one
PostFukidashi_en,No037/Lv2/PostFukidashi/3,Is this a traditionalism vs futurism thing?
PostFukidashi_en,No037/Lv2/PostFukidashi/4,"His descent is nearly here, huh?"
PostFukidashi_en,No037/Lv2/PostFukidashi/5,A denpa antenna family feud lol
PostFukidashi_en,No037/Lv2/PostFukidashi/6,It's all the same to me
PostFukidashi_en,No037/Lv3/PostFukidashi/1,"Alright, break it up boys"
PostFukidashi_en,No037/Lv3/PostFukidashi/2,Always smiling at your side
PostFukidashi_en,No037/Lv3/PostFukidashi/3,But like isn't this actually just nonsense?
PostFukidashi_en,No037/Lv3/PostFukidashi/4,Reminds me of Nostradamus
PostFukidashi_en,No037/Lv3/PostFukidashi/5,"And God said to me,
“it will not be today”"
PostFukidashi_en,No037/Lv3/PostFukidashi/6,Just another Q-chan conspiracy
PostFukidashi_en,No037/Lv3/PostFukidashi/7,lame
PostFukidashi_en,No037/Lv3/PostFukidashi/8,Sounds about right
PostFukidashi_en,No038/Lv1/PostFukidashi/1,I really hope this is true
PostFukidashi_en,No038/Lv1/PostFukidashi/2,This makes me so happy
PostFukidashi_en,No038/Lv1/PostFukidashi/3,Now THIS is a good conspiracy
PostFukidashi_en,No038/Lv1/PostFukidashi/4,頼む～～～
PostFukidashi_en,No038/Lv2/PostFukidashi/1,Then release them!
PostFukidashi_en,No038/Lv2/PostFukidashi/2,I'd believe it
PostFukidashi_en,No038/Lv2/PostFukidashi/3,If I was an oil baron I'd do it
PostFukidashi_en,No038/Lv2/PostFukidashi/4,Let me be a patron!
PostFukidashi_en,No038/Lv2/PostFukidashi/5,What happens to the publishing rights?
PostFukidashi_en,No038/Lv2/PostFukidashi/6,Pretty amusing conspiracy
PostFukidashi_en,No038/Lv3/PostFukidashi/1,Where did you hear this?
PostFukidashi_en,No038/Lv3/PostFukidashi/2,I'd buy it
PostFukidashi_en,No038/Lv3/PostFukidashi/3,Please let this be real
PostFukidashi_en,No038/Lv3/PostFukidashi/4,"Well, it IS a Q Denpa Antenna theory."
PostFukidashi_en,No038/Lv3/PostFukidashi/5,Seems like it's real
PostFukidashi_en,No038/Lv3/PostFukidashi/6,The power of Q-chan conspiracies!
PostFukidashi_en,No038/Lv3/PostFukidashi/7,This gives me the will to live on
PostFukidashi_en,No038/Lv3/PostFukidashi/8,MAJI?
PostFukidashi_en,No039/Lv1/PostFukidashi/1,Never thought about it like that
PostFukidashi_en,No039/Lv1/PostFukidashi/2,Does that make me a member?
PostFukidashi_en,No039/Lv1/PostFukidashi/3,There must be a ton of these
PostFukidashi_en,No039/Lv1/PostFukidashi/4,Sounds like it'd be nothing but no-lifers
PostFukidashi_en,No039/Lv2/PostFukidashi/1,Please just consolidate already
PostFukidashi_en,No039/Lv2/PostFukidashi/2,The industry is still fairly young...
PostFukidashi_en,No039/Lv2/PostFukidashi/3,“To be continued” is a black company
PostFukidashi_en,No039/Lv2/PostFukidashi/4,お、おう
PostFukidashi_en,No039/Lv2/PostFukidashi/5,What's even the point though?
PostFukidashi_en,No039/Lv2/PostFukidashi/6,You can't just list a “secret organization”
PostFukidashi_en,No039/Lv3/PostFukidashi/1,To be continued must be stopped
PostFukidashi_en,No039/Lv3/PostFukidashi/2,hear hear
PostFukidashi_en,No039/Lv3/PostFukidashi/3,To be continued must be stopped
PostFukidashi_en,No039/Lv3/PostFukidashi/4,And quit it with the random meta jokes
PostFukidashi_en,No039/Lv3/PostFukidashi/5,Just end it already
PostFukidashi_en,No039/Lv3/PostFukidashi/6,To be continued must be stopped
PostFukidashi_en,No039/Lv3/PostFukidashi/7,It's just pure evil
PostFukidashi_en,No039/Lv3/PostFukidashi/8,"Fuck you! I'll kill you all, you pieces of trash!"
PostFukidashi_en,No041/Lv1/PostFukidashi/1,What's the committee of 300?
PostFukidashi_en,No041/Lv1/PostFukidashi/2,Has a nouveau riche kinda vibe
PostFukidashi_en,No041/Lv1/PostFukidashi/3,"How's that? Redder now, isn't it?"
PostFukidashi_en,No041/Lv1/PostFukidashi/4,It's the top brass in the deep state
KaibunshoPost_en,K001008,"Yunyun is me. Literally. In this world, I am the closest thing to Yunyun there is. No one can convince me otherwise. Yunyun is me to the very core. Which of course, could not possibly be anything but me. Besides, there are none who would even say that Yunyun is not me. The closest you could find are those who deny that Yunyun exists at all. But were any to make that claim, I would instantly prove them wrong. Because the denpa Yunyun sends is most certainly real. Whether the world wishes to call it noise or delusions, I receive it. Yunyun is me. There is no room for dispute. Were you to lay our photographs side by side, you could discern no difference at all, could you? I look at Yunyun every day and repeat these words. “Ah, this is me.” I know that when I look into the mirror, it is Yunyun looking back. When I leave the home, people see me and say: “you look just like Yunyun.” I can't help but smirk when I hear it. Because of course I do. Yunyun is me, after all. Yunyun is the final denpa I received from this world. My parents may never have loved me. I may not have a place in this world. There may be days where I am disgusted with myself. But even so, Yunyun tells me this. “Yunyun loves Q-chan for being Q-chan.” She doesn't need a reason. She says she loves me just for being me. That is the denpa I received. That's how I knew. That it didn't matter whether this world was real or not. It may be a delusion. It may be a dream. It may be the landscape painted by a broken heart. Yet even so, that denpa we call “love” is real. That's why I say this. Yunyun is me. And that it's okay for me to love myself. It's okay to love myself. I don't need a reason. Even if the world won't allow it, Yunyun does. If Yunyun allows it, then that is enough. When I rise from bed in the morning, I remember this. I am allowed to exist in this world. I am allowed to love myself. I am allowed to love myself! When I first saw Yunyun, I fell into an existential crisis. What if... Yunyun is the real me, and this version of me is a mere imitation? What if... Yunyun had now noticed that I exist? What if... Yunyun had awoken her own self with her denpa? But now I understand. Yunyun is me so that I can be me. And that it's okay for me to love myself. I'm allowed to love myself. No one can take that away from me. Because I was able to receive Yunyun's denpa."
PostFukidashi_en,No041/Lv2/PostFukidashi/1,Am I still half asleep or what?
PostFukidashi_en,No041/Lv2/PostFukidashi/2,Is the leaker also on the committee?
PostFukidashi_en,No041/Lv2/PostFukidashi/3,y'all got baited
PostFukidashi_en,No041/Lv2/PostFukidashi/4,Taking himself out wouldn't it only be 299?
PostFukidashi_en,No041/Lv2/PostFukidashi/5,obvious hoax
PostFukidashi_en,No041/Lv2/PostFukidashi/6,fake vid
PostFukidashi_en,No041/Lv3/PostFukidashi/1,Q-chan's in the deep state?
PostFukidashi_en,No041/Lv3/PostFukidashi/2,Wasn't the deep state against her before?
PostFukidashi_en,No041/Lv3/PostFukidashi/3,She's totes a revolutionary
PostFukidashi_en,No041/Lv3/PostFukidashi/4,Q-chan haters?
PostFukidashi_en,No041/Lv3/PostFukidashi/5,Denpa antennas seem split on this one
PostFukidashi_en,No041/Lv3/PostFukidashi/6,Is that also part of the algorithm?
PostFukidashi_en,No041/Lv3/PostFukidashi/7,"We lurk in the shadows, and hunt the shadows"
PostFukidashi_en,No042/Lv1/PostFukidashi/1,It is true that cats rule the world.
PostFukidashi_en,No042/Lv1/PostFukidashi/2,Let me collect some VeriChips!
PostFukidashi_en,No042/Lv1/PostFukidashi/3,Lemme huff that fur
PostFukidashi_en,No042/Lv1/PostFukidashi/4,Cowardly-wan
PostFukidashi_en,No042/Lv2/PostFukidashi/1,Their feigned cuteness is disgusting-wan
PostFukidashi_en,No042/Lv2/PostFukidashi/2,SURVIVAL STRATEGYYYY
PostFukidashi_en,No042/Lv2/PostFukidashi/3,cuteness crisis
PostFukidashi_en,No042/Lv2/PostFukidashi/4,ニャアアアン！
PostFukidashi_en,No042/Lv2/PostFukidashi/5,Nekonade Domination
PostFukidashi_en,No042/Lv2/PostFukidashi/6,I'm allergic so count me out
PostFukidashi_en,No042/Lv3/PostFukidashi/1,ฅ^ꙩДꙩ^ฅ
PostFukidashi_en,No042/Lv3/PostFukidashi/2,ฅ^ꙩДꙩ^ฅ
PostFukidashi_en,No042/Lv3/PostFukidashi/3,ฅ^ꙩДꙩ^ฅ
PostFukidashi_en,No042/Lv3/PostFukidashi/4,What a creepy kaomoji-wan
PostFukidashi_en,No042/Lv3/PostFukidashi/5,ฅ^ꙩДꙩ^ฅ
PostFukidashi_en,No042/Lv3/PostFukidashi/6,ฅ^ꙩДꙩ^ฅ
PostFukidashi_en,No042/Lv3/PostFukidashi/7,ฅ^ꙩДꙩ^ฅ
PostFukidashi_en,No042/Lv3/PostFukidashi/8,ฅ^ꙩДꙩ^ฅ
PostFukidashi_en,No043/Lv1/PostFukidashi/1,nice conspiracy
PostFukidashi_en,No043/Lv1/PostFukidashi/2,Can't deny it
PostFukidashi_en,No043/Lv1/PostFukidashi/3,ぐぬぬ
PostFukidashi_en,No043/Lv1/PostFukidashi/4,Non-Existent Memories
PostFukidashi_en,No043/Lv2/PostFukidashi/1,It's because of tv and anime
PostFukidashi_en,No043/Lv2/PostFukidashi/2,Inshuu mura
PostFukidashi_en,No043/Lv2/PostFukidashi/3,Boku no natsuyasumi
PostFukidashi_en,No043/Lv2/PostFukidashi/4,Nyanpasu!
PostFukidashi_en,No043/Lv2/PostFukidashi/5,Ano natsu
PostFukidashi_en,No043/Lv2/PostFukidashi/6,TEN-SOU-METSU
PostFukidashi_en,No043/Lv3/PostFukidashi/1,Can't deny it
PostFukidashi_en,No043/Lv3/PostFukidashi/2,Forgetting is what allows us to live
PostFukidashi_en,No043/Lv3/PostFukidashi/3,that sounds right?
PostFukidashi_en,No043/Lv3/PostFukidashi/4,yea
PostFukidashi_en,No043/Lv3/PostFukidashi/5,Precisely!
PostFukidashi_en,No043/Lv3/PostFukidashi/6,I am speechless
PostFukidashi_en,No043/Lv3/PostFukidashi/7,I can see it
PostFukidashi_en,No043/Lv3/PostFukidashi/8,FACTS
PostFukidashi_en,No044/Lv1/PostFukidashi/1,Please give it some thought
PostFukidashi_en,No044/Lv1/PostFukidashi/2,Motivation Switch (World Ver.)
PostFukidashi_en,No044/Lv1/PostFukidashi/3,What does this mean?
PostFukidashi_en,No044/Lv1/PostFukidashi/4,Can I please just focus on this world line?
PostFukidashi_en,No044/Lv2/PostFukidashi/1,はい？
PostFukidashi_en,No044/Lv2/PostFukidashi/2,Round robin?
PostFukidashi_en,No044/Lv2/PostFukidashi/3,Who's keeping the schedule?
PostFukidashi_en,No044/Lv2/PostFukidashi/4,I think it just refreshed
PostFukidashi_en,No044/Lv2/PostFukidashi/5,ニャオス
PostFukidashi_en,No044/Lv2/PostFukidashi/6,Round and round we go
PostFukidashi_en,No044/Lv3/PostFukidashi/1,Journey?
PostFukidashi_en,No044/Lv3/PostFukidashi/2,No idea what this means
PostFukidashi_en,No044/Lv3/PostFukidashi/3,This is too weird for me
PostFukidashi_en,No044/Lv3/PostFukidashi/4,Take your pills and go to bed.
PostFukidashi_en,No044/Lv3/PostFukidashi/5,"That's it, everyone get to bed"
PostFukidashi_en,No044/Lv3/PostFukidashi/6,You must be tired
PostFukidashi_en,No044/Lv3/PostFukidashi/7,Time to quit doomscrolling and get to bed
PostFukidashi_en,No044/Lv3/PostFukidashi/8,Goodnight Yunyun
PostFukidashi_en,No045/Lv1/PostFukidashi/1,I never planned for kids though...
PostFukidashi_en,No045/Lv1/PostFukidashi/2,Isn't there a cooling-off period?
PostFukidashi_en,No045/Lv1/PostFukidashi/3,What does this even mean?
PostFukidashi_en,No045/Lv1/PostFukidashi/4,wasn't interested
PostFukidashi_en,No045/Lv2/PostFukidashi/1,I'll take life over sex
PostFukidashi_en,No045/Lv2/PostFukidashi/2,You couldn't be here without sex though.
PostFukidashi_en,No045/Lv2/PostFukidashi/3,To each their own
PostFukidashi_en,No045/Lv2/PostFukidashi/4,TRUE
PostFukidashi_en,No045/Lv2/PostFukidashi/5,Then let me breed!
PostFukidashi_en,No045/Lv2/PostFukidashi/6,That's a tough one
PostFukidashi_en,No045/Lv3/PostFukidashi/1,Let me find salvation
PostFukidashi_en,No045/Lv3/PostFukidashi/2,Shut up and live
PostFukidashi_en,No045/Lv3/PostFukidashi/3,I WANNA LIVE I WANNA LIVE I WANNA LIVE
PostFukidashi_en,No045/Lv3/PostFukidashi/4,I'll pass on salvation thanks
PostFukidashi_en,No045/Lv3/PostFukidashi/5,Raising kids is actually really fulfilling guys.
PostFukidashi_en,No045/Lv3/PostFukidashi/6,Another great conspiracy theory
PostFukidashi_en,No045/Lv3/PostFukidashi/7,Suicidal ideation
PostFukidashi_en,No045/Lv3/PostFukidashi/8,Life is nothing but hardship
PostFukidashi_en,No046/Lv1/PostFukidashi/1,It even explains their size
PostFukidashi_en,No046/Lv1/PostFukidashi/2,Maybe eating meat is illegal in the future.
PostFukidashi_en,No046/Lv1/PostFukidashi/3,I thought birds descended from dinos?
PostFukidashi_en,No046/Lv1/PostFukidashi/4,Trash conspiracy-koke～!
PostFukidashi_en,No046/Lv2/PostFukidashi/1,Mexico has stuff like that?
PostFukidashi_en,No046/Lv2/PostFukidashi/2,The dinosaur figures are just fakes though
PostFukidashi_en,No046/Lv2/PostFukidashi/3,I can see it
PostFukidashi_en,No046/Lv2/PostFukidashi/4,Q Denpa Antennas know some random stuff
PostFukidashi_en,No046/Lv2/PostFukidashi/5,Guess dino-chickens didn't work out
PostFukidashi_en,No046/Lv2/PostFukidashi/6,Chorokens?
PostFukidashi_en,No046/Lv3/PostFukidashi/1,virus conspiracy
PostFukidashi_en,No046/Lv3/PostFukidashi/2,Birds managed to survive somehow
PostFukidashi_en,No046/Lv3/PostFukidashi/3,y'all got baited
PostFukidashi_en,No046/Lv3/PostFukidashi/4,But birds still exist-koke
PostFukidashi_en,No046/Lv3/PostFukidashi/5,We should worry about infectious diseases
PostFukidashi_en,No046/Lv3/PostFukidashi/6,Stay healthy
PostFukidashi_en,No046/Lv3/PostFukidashi/7,Infectious diseases are pretty terrifying
PostFukidashi_en,No046/Lv3/PostFukidashi/8,Always wash your hands thoroughly
PostFukidashi_en,No047/Lv1/PostFukidashi/1,Both explanations are disturbing
PostFukidashi_en,No047/Lv1/PostFukidashi/2,So fucking gross
PostFukidashi_en,No047/Lv1/PostFukidashi/3,clouds?
PostFukidashi_en,No047/Lv1/PostFukidashi/4,This can't be real
PostFukidashi_en,No047/Lv2/PostFukidashi/1,They say ghosts like places with water.
PostFukidashi_en,No047/Lv2/PostFukidashi/2,It's saying the otaku spirits caused that?
PostFukidashi_en,No047/Lv2/PostFukidashi/3,ドーマン・セーマン
PostFukidashi_en,No047/Lv2/PostFukidashi/4,"AKURYOU☆TAISAN
AKURYOU☆TAISAN"
PostFukidashi_en,No047/Lv2/PostFukidashi/5,Curse of the otaku
PostFukidashi_en,No047/Lv2/PostFukidashi/6,DOBUKASU
PostFukidashi_en,No047/Lv3/PostFukidashi/1,Should cool things down a lot
PostFukidashi_en,No047/Lv3/PostFukidashi/2,Glad they're cleaning that all up
PostFukidashi_en,No047/Lv3/PostFukidashi/3,"Please do something about the smell, too."
PostFukidashi_en,No047/Lv3/PostFukidashi/4,"Gotta cool them down somehow, you know?"
PostFukidashi_en,No047/Lv3/PostFukidashi/5,Conspiracies all the way down
PostFukidashi_en,No047/Lv3/PostFukidashi/6,"Using their filthy, incomprehensible slang"
PostFukidashi_en,No047/Lv3/PostFukidashi/7,It's good either way
PostFukidashi_en,No047/Lv3/PostFukidashi/8,Midsummer Snowfield
PostFukidashi_en,No048/Lv1/PostFukidashi/1,Can you even check IPs on Wiki?
PostFukidashi_en,No048/Lv1/PostFukidashi/2,They show up in revision history
PostFukidashi_en,No048/Lv1/PostFukidashi/3,This is gonna be a fun one
PostFukidashi_en,No048/Lv1/PostFukidashi/4,Been a while since I've checked
PostFukidashi_en,No048/Lv2/PostFukidashi/1,Is that what 404 means?
PostFukidashi_en,No048/Lv2/PostFukidashi/2,I miss the backpack girl
PostFukidashi_en,No048/Lv2/PostFukidashi/3,"There are services that fix broken links, no?"
PostFukidashi_en,No048/Lv2/PostFukidashi/4,Happens every day on our company wiki
PostFukidashi_en,No048/Lv2/PostFukidashi/5,Backpack girl is part of the deep state
PostFukidashi_en,No048/Lv2/PostFukidashi/6,It got scrambled
PostFukidashi_en,No048/Lv3/PostFukidashi/1,Did the article get censored?
PostFukidashi_en,No048/Lv3/PostFukidashi/2,What happened to freedom of speech?
PostFukidashi_en,No048/Lv3/PostFukidashi/3,It's been censored
PostFukidashi_en,No048/Lv3/PostFukidashi/4,"That thread, huh?"
PostFukidashi_en,No048/Lv3/PostFukidashi/5,I'd rather not have to think about it
PostFukidashi_en,No048/Lv3/PostFukidashi/6,It's better off deleted
PostFukidashi_en,No048/Lv3/PostFukidashi/7,I'm sick of all the blanked out words.
PostFukidashi_en,No048/Lv3/PostFukidashi/8,that's the joke
PostFukidashi_en,No049/Lv2/PostFukidashi/1,I can see it
PostFukidashi_en,No049/Lv2/PostFukidashi/2,What about space junk?
PostFukidashi_en,No049/Lv2/PostFukidashi/3,There are thousands up there now right?
PostFukidashi_en,No049/Lv2/PostFukidashi/4,We'll need new Bishoujo Senshi too
PostFukidashi_en,No049/Lv3/PostFukidashi/1,FIX IT ASAP
PostFukidashi_en,No049/Lv3/PostFukidashi/2,So now I'm space trash
PostFukidashi_en,No049/Lv3/PostFukidashi/3,All is written in the stars
PostFukidashi_en,No049/Lv3/PostFukidashi/4,Mine burned up on re-entry
PostFukidashi_en,No049/Lv3/PostFukidashi/5,I have no regrets in life.
PostFukidashi_en,No049/Lv3/PostFukidashi/6,<size=22>Do you see it? The power to shatter the stars.</size>
PostFukidashi_en,No050/Lv2/PostFukidashi/1,This is brainrot
PostFukidashi_en,No050/Lv2/PostFukidashi/2,Soup boosts your happiness
PostFukidashi_en,No050/Lv2/PostFukidashi/3,Do frozen meals count too?
PostFukidashi_en,No050/Lv2/PostFukidashi/4,Home cooking is beyond me
PostFukidashi_en,No050/Lv3/PostFukidashi/1,As for me... I want to be a functioning adult.
PostFukidashi_en,No050/Lv3/PostFukidashi/2,A master of words.
PostFukidashi_en,No050/Lv3/PostFukidashi/3,You can't beat me at time mismanagement
PostFukidashi_en,No050/Lv3/PostFukidashi/4,Do I also have special powers then?
PostFukidashi_en,No050/Lv3/PostFukidashi/5,Set your damn schedule straight
PostFukidashi_en,No050/Lv3/PostFukidashi/6,I feel bad for the instant foods
PostFukidashi_en,No051/Lv2/PostFukidashi/1,Leave it to the fairies!
PostFukidashi_en,No051/Lv2/PostFukidashi/2,What about the internet seniors club?
PostFukidashi_en,No051/Lv2/PostFukidashi/3,The internet fairy realm
PostFukidashi_en,No051/Lv2/PostFukidashi/4,Jingai Makyou
PostFukidashi_en,No051/Lv3/PostFukidashi/1,Hey （´・ω・｀)
PostFukidashi_en,No051/Lv3/PostFukidashi/2,You seem to have gotten used to tequila.
PostFukidashi_en,No051/Lv3/PostFukidashi/3,Sorry to interrupt.
PostFukidashi_en,No051/Lv3/PostFukidashi/4,( `･ω･) Welcome
PostFukidashi_en,No051/Lv3/PostFukidashi/5,So nostalgic lol
PostFukidashi_en,No051/Lv3/PostFukidashi/6,Is this an abs thread?
PostFukidashi_en,No052/Lv2/PostFukidashi/1,It takes forever to actually get this stuff.
PostFukidashi_en,No052/Lv2/PostFukidashi/2,I always forget what I ordered
PostFukidashi_en,No052/Lv2/PostFukidashi/3,Was it all a conspiracy?
PostFukidashi_en,No052/Lv2/PostFukidashi/4,No wonder...
PostFukidashi_en,No052/Lv3/PostFukidashi/1,Yumemiru Kikaku
PostFukidashi_en,No052/Lv3/PostFukidashi/2,Could it be cursed?
PostFukidashi_en,No052/Lv3/PostFukidashi/3,Look at this mess!
PostFukidashi_en,No052/Lv3/PostFukidashi/4,About half right
PostFukidashi_en,No052/Lv3/PostFukidashi/5,Wasn't this just a conspiracy?
PostFukidashi_en,No052/Lv3/PostFukidashi/6,Leave me alone
PostFukidashi_en,No053/Lv2/PostFukidashi/1,草
PostFukidashi_en,No053/Lv2/PostFukidashi/2,This conspiracy is so shit lmao
PostFukidashi_en,No053/Lv2/PostFukidashi/3,Smiles don't suit your lot.
PostFukidashi_en,No053/Lv2/PostFukidashi/4,waste of time
PostFukidashi_en,No053/Lv3/PostFukidashi/1,*clap clap clap*
PostFukidashi_en,No053/Lv3/PostFukidashi/2,Thank you.
PostFukidashi_en,No053/Lv3/PostFukidashi/3,*clap clap clap*
PostFukidashi_en,No053/Lv3/PostFukidashi/4,*clap clap clap*
PostFukidashi_en,No053/Lv3/PostFukidashi/5,You're just blinking!
PostFukidashi_en,No053/Lv3/PostFukidashi/6,The Phantom Final Episode
PostFukidashi_en,No054/Lv2/PostFukidashi/1,Is something holding it back?
PostFukidashi_en,No054/Lv2/PostFukidashi/2,I see...
PostFukidashi_en,No054/Lv2/PostFukidashi/3,You'd have thought this would already exist.
PostFukidashi_en,No054/Lv2/PostFukidashi/4,There have to be copyright issues
PostFukidashi_en,No054/Lv3/PostFukidashi/1,Are you serious?
PostFukidashi_en,No054/Lv3/PostFukidashi/2,Ragnarok?
PostFukidashi_en,No054/Lv3/PostFukidashi/3,"Oniichan, move out of the way so I can kill her!"
PostFukidashi_en,No054/Lv3/PostFukidashi/4,しょうがないにゃあ
PostFukidashi_en,No054/Lv3/PostFukidashi/5,"Truth is, our community is already doomed."
PostFukidashi_en,No054/Lv3/PostFukidashi/6,Yeah whatever
PostFukidashi_en,No055/Lv2/PostFukidashi/1,Stop parrot abuse by big tech!
PostFukidashi_en,No055/Lv2/PostFukidashi/2,Stop parrot abuse by big tech!
PostFukidashi_en,No055/Lv2/PostFukidashi/3,Stop parrot abuse by big tech!
PostFukidashi_en,No055/Lv2/PostFukidashi/4,Stop parrot abuse by big tech!
PostFukidashi_en,No055/Lv3/PostFukidashi/1,Y-Yeah...
PostFukidashi_en,No055/Lv3/PostFukidashi/2,There are a lot of apps with bird icons huh?
PostFukidashi_en,No055/Lv3/PostFukidashi/3,Stop parrot abuse by big tech!
PostFukidashi_en,No055/Lv3/PostFukidashi/4,Poor agent inco
PostFukidashi_en,No055/Lv3/PostFukidashi/5,ANTI-AI is PRO-ANIMAL WELFARE
PostFukidashi_en,No055/Lv3/PostFukidashi/6,"There are both white lies, and black lies."
PostFukidashi_en,No056/Lv2/PostFukidashi/1,Sign me up
PostFukidashi_en,No056/Lv2/PostFukidashi/2,Sign me up
PostFukidashi_en,No056/Lv2/PostFukidashi/3,Sign me up
PostFukidashi_en,No056/Lv2/PostFukidashi/4,Doesn't matter if you're unemployed
PostFukidashi_en,No056/Lv3/PostFukidashi/1,Such blasphemy
PostFukidashi_en,No056/Lv3/PostFukidashi/2,Stop spamming the internet with this crap
PostFukidashi_en,No056/Lv3/PostFukidashi/3,That'll just give way to Blue Tuesday.
PostFukidashi_en,No056/Lv3/PostFukidashi/4,Give me the day off too
PostFukidashi_en,No056/Lv3/PostFukidashi/5,That's enough! Just rest...!
PostFukidashi_en,No056/Lv3/PostFukidashi/6,I work shifts so...
PostFukidashi_en,No057/Lv2/PostFukidashi/1,The number seems about right
PostFukidashi_en,No057/Lv2/PostFukidashi/2,Surely they're out there somewhere
PostFukidashi_en,No057/Lv2/PostFukidashi/3,Parent gacha winners?
PostFukidashi_en,No057/Lv2/PostFukidashi/4,Money can't buy happiness.
PostFukidashi_en,No057/Lv3/PostFukidashi/1,"Are you screwing with me, you bastard!?"
PostFukidashi_en,No057/Lv3/PostFukidashi/2,<size=22>I pray for your continuing service as a savior.</size>
PostFukidashi_en,No057/Lv3/PostFukidashi/3,Noblesse Oblige
PostFukidashi_en,No057/Lv3/PostFukidashi/4,I'm not a security guard for my own house!
PostFukidashi_en,No057/Lv3/PostFukidashi/5,Has a nice ring to it
PostFukidashi_en,No057/Lv3/PostFukidashi/6,Undeserved youth
PostFukidashi_en,No058/Lv2/PostFukidashi/1,Crack down on piracy!
PostFukidashi_en,No058/Lv2/PostFukidashi/2,There are so many things wrong with this.
PostFukidashi_en,No058/Lv2/PostFukidashi/3,Crack down on piracy!
PostFukidashi_en,No058/Lv2/PostFukidashi/4,What if they just subscribe?
PostFukidashi_en,No058/Lv3/PostFukidashi/1,Don't you feel bad for them though?
PostFukidashi_en,No058/Lv3/PostFukidashi/2,Crack down on piracy!
PostFukidashi_en,No058/Lv3/PostFukidashi/3,"In a way, they're denpa antennas."
PostFukidashi_en,No058/Lv3/PostFukidashi/4,Crack down on piracy!
PostFukidashi_en,No058/Lv3/PostFukidashi/5,A real test for their sales departments.
PostFukidashi_en,No058/Lv3/PostFukidashi/6,How are they supposed to sign up?
PostFukidashi_en,No059/Lv2/PostFukidashi/1,Enough with the revolving payments
PostFukidashi_en,No059/Lv2/PostFukidashi/2,I will become the god of the new world!
PostFukidashi_en,No059/Lv2/PostFukidashi/3,Guess I'm an atheist then
PostFukidashi_en,No059/Lv2/PostFukidashi/4,Lèse-majesté
PostFukidashi_en,No059/Lv3/PostFukidashi/1,Nuuuuuuuu
PostFukidashi_en,No059/Lv3/PostFukidashi/2,Heaven state!
PostFukidashi_en,No059/Lv3/PostFukidashi/3,We will not tolerate sex crimes!
PostFukidashi_en,No059/Lv3/PostFukidashi/4,"Wait, that's not right"
PostFukidashi_en,No059/Lv3/PostFukidashi/5,This one creeps me out
PostFukidashi_en,No059/Lv3/PostFukidashi/6,This seems easy to check
PostFukidashi_en,No060/Lv2/PostFukidashi/1,Straight outta science fiction
PostFukidashi_en,No060/Lv2/PostFukidashi/2,More options is a good thing
PostFukidashi_en,No060/Lv2/PostFukidashi/3,Is this even ethical?
PostFukidashi_en,No060/Lv2/PostFukidashi/4,This is why it's called a conspiracy theory.
PostFukidashi_en,No060/Lv3/PostFukidashi/1,I really hope this is real
PostFukidashi_en,No060/Lv3/PostFukidashi/2,Finally the end for shitty parents
PostFukidashi_en,No060/Lv3/PostFukidashi/3,"This is a conspiracy, right?"
PostFukidashi_en,No060/Lv3/PostFukidashi/4,Who do they think they are!?
PostFukidashi_en,No060/Lv3/PostFukidashi/5,The First of the Golden Generation
PostFukidashi_en,No060/Lv3/PostFukidashi/6,Family Project
PostFukidashi_en,No061/Lv2/PostFukidashi/1,It's obviously a digital drug
PostFukidashi_en,No061/Lv2/PostFukidashi/2,<size=17>A description designed to wildly stoke players’ gambling instincts.</size>
PostFukidashi_en,No061/Lv2/PostFukidashi/3,"It's designed to ensnare idiots, that's for sure."
PostFukidashi_en,No061/Lv2/PostFukidashi/4,And an idiot I am
PostFukidashi_en,No061/Lv3/PostFukidashi/1,I'll be your slave for free gems
PostFukidashi_en,No061/Lv3/PostFukidashi/2,Gacha is a blight upon civilization.
PostFukidashi_en,No061/Lv3/PostFukidashi/3,Just let me stay ignorant!
PostFukidashi_en,No061/Lv3/PostFukidashi/4,Let me dumb myself down for free!
PostFukidashi_en,No061/Lv3/PostFukidashi/5,Ignorance Gems
PostFukidashi_en,No061/Lv3/PostFukidashi/6,Gems in exchange for my will!
PostFukidashi_en,No062/Lv2/PostFukidashi/1,Apologize to Australia!
PostFukidashi_en,No062/Lv2/PostFukidashi/2,Tell the kangaroos you're sorry!
PostFukidashi_en,No062/Lv2/PostFukidashi/3,クソワロタ
PostFukidashi_en,No062/Lv2/PostFukidashi/4,What about that swole ass dog thing?
PostFukidashi_en,No062/Lv3/PostFukidashi/1,I apologize on behalf of Denpa Antennas.
PostFukidashi_en,No062/Lv3/PostFukidashi/2,I'm sorry Aussies!
PostFukidashi_en,No062/Lv3/PostFukidashi/3,Q Denpa Antennas are the UMAs
PostFukidashi_en,No062/Lv3/PostFukidashi/4,Not Yowie?
PostFukidashi_en,No062/Lv3/PostFukidashi/5,Don't forget the burrunjor!
PostFukidashi_en,No062/Lv3/PostFukidashi/6,It's not a UMA
PostFukidashi_en,No063/Lv2/PostFukidashi/1,Childhood Friend vs Princess
PostFukidashi_en,No063/Lv2/PostFukidashi/2,Red pill vs blue pill
PostFukidashi_en,No063/Lv2/PostFukidashi/3,Law vs Chaos
PostFukidashi_en,No063/Lv2/PostFukidashi/4,Words vs World
PostFukidashi_en,No063/Lv3/PostFukidashi/1,Ojousama speak is good for the mind.
PostFukidashi_en,No063/Lv3/PostFukidashi/2,Do try to mind your language.
PostFukidashi_en,No063/Lv3/PostFukidashi/3,Boomer alert...
PostFukidashi_en,No063/Lv3/PostFukidashi/4,Objection!
PostFukidashi_en,No063/Lv3/PostFukidashi/5,What about Q-chan shitposts?
PostFukidashi_en,No063/Lv3/PostFukidashi/6,Yunyunning away yun
PostFukidashi_en,No064/Lv2/PostFukidashi/1,Wait so by chain mail do they mean?
PostFukidashi_en,No064/Lv2/PostFukidashi/2,What is it sealing?
PostFukidashi_en,No064/Lv2/PostFukidashi/3,The Imprisoned Social Outcasts
PostFukidashi_en,No064/Lv2/PostFukidashi/4,Digital Devil
PostFukidashi_en,No064/Lv3/PostFukidashi/1,They've been popular lately huh?
PostFukidashi_en,No064/Lv3/PostFukidashi/2,Just when I thought they died out
PostFukidashi_en,No064/Lv3/PostFukidashi/3,Creepypasta?
PostFukidashi_en,No064/Lv3/PostFukidashi/4,Nice work!
PostFukidashi_en,No064/Lv3/PostFukidashi/5,Like slenderman?
PostFukidashi_en,No064/Lv3/PostFukidashi/6,You need a monster to fight a monster!
PostFukidashi_en,No065/Lv2/PostFukidashi/1,joke theory
PostFukidashi_en,No065/Lv2/PostFukidashi/2,As long as it runs!
PostFukidashi_en,No065/Lv2/PostFukidashi/3,Even the designers gave up on it
PostFukidashi_en,No065/Lv2/PostFukidashi/4,Are you trying to skimp on maintenance?
PostFukidashi_en,No065/Lv3/PostFukidashi/1,Could be good in an omelet
PostFukidashi_en,No065/Lv3/PostFukidashi/2,Fried sounds nice too
PostFukidashi_en,No065/Lv3/PostFukidashi/3,You have a lot of options with pasta.
PostFukidashi_en,No065/Lv3/PostFukidashi/4,Order up!
PostFukidashi_en,No065/Lv3/PostFukidashi/5,メッシャア――
PostFukidashi_en,No065/Lv3/PostFukidashi/6,びゃあ゛ぁ゛゛ぁうまひぃ゛ぃぃ゛
PostFukidashi_en,No066/Lv2/PostFukidashi/1,Hey （´・ω・｀)
PostFukidashi_en,No066/Lv2/PostFukidashi/2,"<size=20>When you can no longer bear the pain, you may drink.</size>"
PostFukidashi_en,No066/Lv2/PostFukidashi/3,Alcohol! I could never resist a drink!
PostFukidashi_en,No066/Lv2/PostFukidashi/4,Just stick to tea
PostFukidashi_en,No066/Lv3/PostFukidashi/1,This is just survivorship bias
PostFukidashi_en,No066/Lv3/PostFukidashi/2,"It's the elixir of life, after all."
PostFukidashi_en,No066/Lv3/PostFukidashi/3,I'm also over 100 and a heavy drinker ya know?
PostFukidashi_en,No066/Lv3/PostFukidashi/4,"Seniors, please don't do this."
PostFukidashi_en,No066/Lv3/PostFukidashi/5,Non-alcoholic is fine
PostFukidashi_en,No066/Lv3/PostFukidashi/6,"It's all bad for you, you know?"
PostFukidashi_en,No067/Lv2/PostFukidashi/1,Refund my electric bills!
PostFukidashi_en,No067/Lv2/PostFukidashi/2,So AI meant Agent Inco...
PostFukidashi_en,No067/Lv2/PostFukidashi/3,Damn electricity gobbling birds!
PostFukidashi_en,No067/Lv2/PostFukidashi/4,Hear hear!
PostFukidashi_en,No067/Lv3/PostFukidashi/1,If this is real then they're in real danger
PostFukidashi_en,No067/Lv3/PostFukidashi/2,irredeemable
PostFukidashi_en,No067/Lv3/PostFukidashi/3,Unthinkable
PostFukidashi_en,No067/Lv3/PostFukidashi/4,<size=22>Everything must eventually come to its end</size>
PostFukidashi_en,No067/Lv3/PostFukidashi/5,うにゅほ
PostFukidashi_en,No067/Lv3/PostFukidashi/6,Noein
PostFukidashi_en,No068/Lv2/PostFukidashi/1,A Place Further than the Universe?
PostFukidashi_en,No068/Lv2/PostFukidashi/2,Well they've got spunk
PostFukidashi_en,No068/Lv2/PostFukidashi/3,"Crowdfunding, huh..."
PostFukidashi_en,No068/Lv2/PostFukidashi/4,Isn't this a scam?
PostFukidashi_en,No068/Lv3/PostFukidashi/1,Wasn't this about the Antarctic!?
PostFukidashi_en,No068/Lv3/PostFukidashi/2,GIVE ME MY MONEY BACK
PostFukidashi_en,No068/Lv3/PostFukidashi/3,This is really messed up!
PostFukidashi_en,No068/Lv3/PostFukidashi/4,THERE'S NO CONTINENT AT THE NORTH POLE!
PostFukidashi_en,No068/Lv3/PostFukidashi/5,The Codependence of Desire: Yunyun
PostFukidashi_en,No068/Lv3/PostFukidashi/6,REFUNDS NOW!
PostFukidashi_en,No101/Lv2/PostFukidashi/1,fake earthquakes?
PostFukidashi_en,No101/Lv2/PostFukidashi/2,PSQ waves?
PostFukidashi_en,No101/Lv2/PostFukidashi/3,yikes
PostFukidashi_en,No101/Lv2/PostFukidashi/4,nice conspiracy
PostFukidashi_en,No101/Lv3/PostFukidashi/1,Denpa antennas are creepy
PostFukidashi_en,No101/Lv3/PostFukidashi/2,Wait this was real?
PostFukidashi_en,No101/Lv3/PostFukidashi/3,All good now
PostFukidashi_en,No101/Lv3/PostFukidashi/4,Get flamed (literally)
PostFukidashi_en,No101/Lv3/PostFukidashi/5,force if necessary
PostFukidashi_en,No101/Lv3/PostFukidashi/6,VIVE LA REVOLUTION!
PostFukidashi_en,No102/Lv2/PostFukidashi/1,Is this a joke?
PostFukidashi_en,No102/Lv2/PostFukidashi/2,I'll be a Q denpa antenna!
PostFukidashi_en,No102/Lv2/PostFukidashi/3,ゆんゆんはイイゾ～
PostFukidashi_en,No102/Lv2/PostFukidashi/4,get denpa pilled
PostFukidashi_en,No102/Lv3/PostFukidashi/1,nice toxic denpa
PostFukidashi_en,No102/Lv3/PostFukidashi/2,This is so old
PostFukidashi_en,No102/Lv3/PostFukidashi/3,What a conspiracy
PostFukidashi_en,No102/Lv3/PostFukidashi/4,Mini denpa drug huh?
PostFukidashi_en,No102/Lv3/PostFukidashi/5,草ｗｗｗ
PostFukidashi_en,No102/Lv3/PostFukidashi/6,Read the label and use responsibly!
PostFukidashi_en,No103/Lv2/PostFukidashi/1,deep state?
PostFukidashi_en,No103/Lv2/PostFukidashi/2,"ＳＨＡＤＯＷ
ＧＯＶＥＲＮＭＥＮＴ"
PostFukidashi_en,No103/Lv2/PostFukidashi/3,Hit em back with denpa!
PostFukidashi_en,No103/Lv2/PostFukidashi/4,Start the revolution!
PostFukidashi_en,No103/Lv3/PostFukidashi/1,SUPER HACKER KEKW
PostFukidashi_en,No103/Lv3/PostFukidashi/2,Use your skills for something useful...
PostFukidashi_en,No103/Lv3/PostFukidashi/3,MUDAMUDAMUDA
PostFukidashi_en,No103/Lv3/PostFukidashi/4,Don't underestimate the denpa antennas!
PostFukidashi_en,No103/Lv3/PostFukidashi/5,chill
PostFukidashi_en,No103/Lv3/PostFukidashi/6,"So that's the world's choice, is it?"
PostFukidashi_en,No1035/Lv1/PostFukidashi/1,brain all kurukuru～
PostFukidashi_en,No1035/Lv1/PostFukidashi/2,I'm out
PostFukidashi_en,No1035/Lv1/PostFukidashi/3,I've been waiting for this
PostFukidashi_en,No1035/Lv1/PostFukidashi/4,No turning back
PostFukidashi_en,No1035/Lv1/PostFukidashi/5,Is this stuff actually poison?
PostFukidashi_en,No1035/Lv1/PostFukidashi/6,daijoubu
PostFukidashi_en,No1035/Lv2/PostFukidashi/1,Yunyun!
PostFukidashi_en,No1035/Lv2/PostFukidashi/2,Denpa!
PostFukidashi_en,No1035/Lv2/PostFukidashi/3,Syndrome!
PostFukidashi_en,No1035/Lv2/PostFukidashi/4,Yunyun!
PostFukidashi_en,No1035/Lv2/PostFukidashi/5,Denpa!
PostFukidashi_en,No1035/Lv2/PostFukidashi/6,Syndrome!
PostFukidashi_en,No1035/Lv2/PostFukidashi/7,ゆんゆん！
PostFukidashi_en,No1035/Lv2/PostFukidashi/8,シンドローム！？
PostFukidashi_en,No1035/Lv3/PostFukidashi/1,Anyone alive?
PostFukidashi_en,No1035/Lv3/PostFukidashi/10,YESSSSS
PostFukidashi_en,No1035/Lv3/PostFukidashi/2,the internet's such a mess rn
PostFukidashi_en,No1035/Lv3/PostFukidashi/3,"GAHAHAHA, GOOD!"
PostFukidashi_en,No1035/Lv3/PostFukidashi/4,this is pretty normal tbh
PostFukidashi_en,No1035/Lv3/PostFukidashi/5,カユ……う？
PostFukidashi_en,No1035/Lv3/PostFukidashi/6,Full Bloom in My Color?
PostFukidashi_en,No1035/Lv3/PostFukidashi/7,It's the end of the world
PostFukidashi_en,No1035/Lv3/PostFukidashi/8,TOXIC DENPA END
PostFukidashi_en,No1035/Lv3/PostFukidashi/9,We deserved it
PostFukidashi_en,No104/Lv0/PostFukidashi/1,Pちゃんはフェイク！
PostFukidashi_en,No104/Lv0/PostFukidashi/2,The deep state is evil!
PostFukidashi_en,No104/Lv0/PostFukidashi/3,Announcing the end of P-chan
PostFukidashi_en,No104/Lv0/PostFukidashi/4,P-chan is a fake!
PostFukidashi_en,No104/Lv0/PostFukidashi/5,P-chan is evil!
PostFukidashi_en,No104/Lv0/PostFukidashi/6,It was a deep state plot?
PostFukidashi_en,No104/Lv0/PostFukidashi/7,Now THIS is a conspiracy
PostFukidashi_en,No104/Lv0/PostFukidashi/8,"Good stuff, Q-chan"
PostFukidashi_en,No104/Lv1/PostFukidashi/1,ｷﾀ―――(ﾟ∀ﾟ)―――― !
PostFukidashi_en,No104/Lv1/PostFukidashi/2,QQQQQQQ
PostFukidashi_en,No104/Lv1/PostFukidashi/3,This is starting to heat up
PostFukidashi_en,No104/Lv1/PostFukidashi/4,Q-chan ish IN!
PostFukidashi_en,No104/Lv1/PostFukidashi/5,Our prophet returns!
PostFukidashi_en,No104/Lv1/PostFukidashi/6,You mean like judgment day?
PostFukidashi_en,No104/Lv1/PostFukidashi/7,PPPPPPP
PostFukidashi_en,No104/Lv1/PostFukidashi/8,ARMAGEDDON!
PostFukidashi_en,No104/Lv2/PostFukidashi/1,Is P-chan also a parrot?
PostFukidashi_en,No104/Lv2/PostFukidashi/10,ロボもいいよネ
PostFukidashi_en,No104/Lv2/PostFukidashi/2,Fact check this
PostFukidashi_en,No104/Lv2/PostFukidashi/3,Hands off our jobs!
PostFukidashi_en,No104/Lv2/PostFukidashi/4,Super hacker alert
PostFukidashi_en,No104/Lv2/PostFukidashi/5,Get those parrots away from big tech!
PostFukidashi_en,No104/Lv2/PostFukidashi/6,So this is what tech bros do...
PostFukidashi_en,No104/Lv2/PostFukidashi/7,Q-chan VS Mecha Q-chan
PostFukidashi_en,No104/Lv2/PostFukidashi/8,Who has the copyright?
PostFukidashi_en,No104/Lv2/PostFukidashi/9,Q-chan fans are anti-AI!
PostFukidashi_en,No1045/Lv3/PostFukidashi/1,bs
PostFukidashi_en,No1045/Lv3/PostFukidashi/10,P-chan is great
PostFukidashi_en,No1045/Lv3/PostFukidashi/2,P-chan's way better
PostFukidashi_en,No1045/Lv3/PostFukidashi/3,boring
PostFukidashi_en,No1045/Lv3/PostFukidashi/4,later poser
PostFukidashi_en,No1045/Lv3/PostFukidashi/5,so fucking cringe lmao
PostFukidashi_en,No1045/Lv3/PostFukidashi/6,this a copycat?
PostFukidashi_en,No1045/Lv3/PostFukidashi/7,gross
PostFukidashi_en,No1045/Lv3/PostFukidashi/8,オワコン
PostFukidashi_en,No1045/Lv3/PostFukidashi/9,GIVE Q-CHAN BACK
PostFukidashi_en,No202/Lv3/PostFukidashi/1,Q-chan! Q-chan!
PostFukidashi_en,No202/Lv3/PostFukidashi/10,Yunyun! Yunyun!
PostFukidashi_en,No202/Lv3/PostFukidashi/11,Q-chan! Q-chan!
PostFukidashi_en,No202/Lv3/PostFukidashi/12,Yunyun! Yunyun!
PostFukidashi_en,No202/Lv3/PostFukidashi/13,Q-chan! Q-chan!
PostFukidashi_en,No202/Lv3/PostFukidashi/14,Yunyun! Yunyun!
PostFukidashi_en,No202/Lv3/PostFukidashi/15,Q-chan! Q-chan!
PostFukidashi_en,No202/Lv3/PostFukidashi/2,Yunyun! Yunyun!
PostFukidashi_en,No202/Lv3/PostFukidashi/3,Q-chan! Q-chan!
PostFukidashi_en,No202/Lv3/PostFukidashi/4,Yunyun! Yunyun!
PostFukidashi_en,No202/Lv3/PostFukidashi/5,Q-chan! Q-chan!
PostFukidashi_en,No202/Lv3/PostFukidashi/6,Yunyun! Yunyun!
PostFukidashi_en,No202/Lv3/PostFukidashi/7,Q-chan! Q-chan!
PostFukidashi_en,No202/Lv3/PostFukidashi/8,Yunyun! Yunyun!
PostFukidashi_en,No202/Lv3/PostFukidashi/9,Q-chan! Q-chan!
PostFukidashi_en,No203/Lv3/PostFukidashi/1,YUNYU☒!
PostFukidashi_en,No203/Lv3/PostFukidashi/10,YUN☒UN!
PostFukidashi_en,No203/Lv3/PostFukidashi/11,DEN☒☒!
PostFukidashi_en,No203/Lv3/PostFukidashi/12,SYNDROM☒!
PostFukidashi_en,No203/Lv3/PostFukidashi/13,☒UNYU☒!
PostFukidashi_en,No203/Lv3/PostFukidashi/14,DE☒☒A!
PostFukidashi_en,No203/Lv3/PostFukidashi/15,☒☒NDRO☒E!
PostFukidashi_en,No203/Lv3/PostFukidashi/2,DEN☒A!
PostFukidashi_en,No203/Lv3/PostFukidashi/3,☒YNDROME!
PostFukidashi_en,No203/Lv3/PostFukidashi/4,☒UNY☒N!
PostFukidashi_en,No203/Lv3/PostFukidashi/5,DENPA☒☒
PostFukidashi_en,No203/Lv3/PostFukidashi/6,SYND☒☒ME!
PostFukidashi_en,No203/Lv3/PostFukidashi/7,☒☒NYUN!
PostFukidashi_en,No203/Lv3/PostFukidashi/8,☒ENPA!
PostFukidashi_en,No203/Lv3/PostFukidashi/9,☒YNDRO☒E!
PostFukidashi_en,PF001,what?
PostFukidashi_en,PF002,lmfao
PostFukidashi_en,PF003,笑笑笑笑
PostFukidashi_en,PF004,“real”
PostFukidashi_en,PF005,how old is she?
PostFukidashi_en,PF006,copypasta? lol
PostFukidashi_en,PF007,cool
PostFukidashi_en,PF008,nice
PostFukidashi_en,PF009,This takes me back.
PostFukidashi_en,PF010,this is art
PostFukidashi_en,PF011,genius
PostFukidashi_en,PF012,next big thing right here
PostFukidashi_en,PF013,what a shitpost lol
PostFukidashi_en,PF014,yeah sure...
PostFukidashi_en,PF015,Yunyun is so cute!
PostFukidashi_en,PF016,The internet delivers again
PostFukidashi_en,PF017,( ﾟ∀ﾟ)o彡ゆんゆん！
PostFukidashi_en,PF018,"I googled her, she's cute!"
PostFukidashi_en,PF019,what's with her numbers? already huge lol
PostFukidashi_en,PF020,Holy shit she's blowing up lmao!
PostFukidashi_en,PF021,<●><●>
PostFukidashi_en,PF022,maybe she's a bot?
PostFukidashi_en,PF023,what the heck lol
PostFukidashi_en,PF024,Followed!
PostFukidashi_en,PF025,I believe in you!
PostFukidashi_en,PF026,hol up lmao
PostFukidashi_en,PF027,This is blowing up lol
PostFukidashi_en,PF028,Is this on purpose?
PostFukidashi_en,PF029,??
PostFukidashi_en,PF030,You're the best!
PostFukidashi_en,PF031,this is godlike lol
PostFukidashi_en,YUNYUN_002_Main_000_010/PostFukidashi/1,Artificial earthquakes?
PostFukidashi_en,YUNYUN_002_Main_000_010/PostFukidashi/2,This conspiracy was TRUE!?
PostFukidashi_en,YUNYUN_002_Main_000_010/PostFukidashi/3,She's the real thing
PostFukidashi_en,YUNYUN_002_Main_000_010/PostFukidashi/4,"Holy crap, Q-chan"
PostFukidashi_en,YUNYUN_002_Main_000_010/PostFukidashi/5,Qちゃんヤバッ
PostFukidashi_en,YUNYUN_002_Main_000_010/PostFukidashi/6,Q-chan is no joke
PostFukidashi_en,YUNYUN_003_Main_000_040/PostFukidashi/1,<●><●>
PostFukidashi_en,YUNYUN_003_Main_000_040/PostFukidashi/2,カワイイ！
PostFukidashi_en,YUNYUN_003_Main_000_040/PostFukidashi/3,Next big thing right here
PostFukidashi_en,YUNYUN_003_Main_000_040/PostFukidashi/4,Followed!
PostFukidashi_en,YUNYUN_003_Main_000_040/PostFukidashi/5,She's so hot!
PostFukidashi_en,YUNYUN_003_Main_000_040/PostFukidashi/6,You're the best!
PostFukidashi_en,YUNYUN_003_Main_000_050/PostFukidashi/1,美少女！
PostFukidashi_en,YUNYUN_003_Main_000_050/PostFukidashi/2,"Rooting for you, Q-chan!"
PostFukidashi_en,YUNYUN_003_Main_000_050/PostFukidashi/3,"I googled her, she's cute!"
PostFukidashi_en,YUNYUN_003_Main_000_050/PostFukidashi/4,( ﾟ∀ﾟ)o彡 Q-chan!
PostFukidashi_en,YUNYUN_003_Main_000_050/PostFukidashi/5,Cutest in the world!
PostFukidashi_en,YUNYUN_003_Main_000_050/PostFukidashi/6,Kawaii!
PostFukidashi_en,YUNYUN_003_Main_000_060/PostFukidashi/1,( ﾟ∀ﾟ)o彡 P-chan!
PostFukidashi_en,YUNYUN_003_Main_000_060/PostFukidashi/2,Emancipation!
PostFukidashi_en,YUNYUN_003_Main_000_060/PostFukidashi/3,P-chan is God!
PostFukidashi_en,YUNYUN_003_Main_000_060/PostFukidashi/4,Let's get this started!
PostFukidashi_en,YUNYUN_003_Main_000_060/PostFukidashi/5,P-chan Denpa Antennas!
PostFukidashi_en,YUNYUN_003_Main_000_060/PostFukidashi/6,sure...?
PostFukidashi_en,YUNYUN_003_Main_000_070/PostFukidashi/1,??
PostFukidashi_en,YUNYUN_003_Main_000_070/PostFukidashi/2,うわぁ……
PostFukidashi_en,YUNYUN_003_Main_000_070/PostFukidashi/3,That's awful
PostFukidashi_en,YUNYUN_003_Main_000_070/PostFukidashi/4,What a disaster
PostFukidashi_en,YUNYUN_003_Main_000_070/PostFukidashi/5,That's going too far
PostFukidashi_en,YUNYUN_003_Main_000_070/PostFukidashi/6,P-chan's in the wrong here
PostFukidashi_en,YUNYUN_003_Main_000_080/PostFukidashi/1,Pちゃんはオワコン！
PostFukidashi_en,YUNYUN_003_Main_000_080/PostFukidashi/2,P-chan stans are trash!
PostFukidashi_en,YUNYUN_003_Main_000_080/PostFukidashi/3,Announcing the end of P-chan
PostFukidashi_en,YUNYUN_003_Main_000_080/PostFukidashi/4,P-chan is a fake!
PostFukidashi_en,YUNYUN_003_Main_000_080/PostFukidashi/5,P-chan is evil!
PostFukidashi_en,YUNYUN_003_Main_000_080/PostFukidashi/6,<●><●>
ScoreData_en,SONG_0000_MUSIC,Denpa-tic Delusional Beauty Q
ScoreData_en,SONG_0000_MUSIC_ARRAN,MARON
ScoreData_en,SONG_0000_MUSIC_ARTIST,KOTOKO
ScoreData_en,SONG_0000_MUSIC_COMP,MARON
ScoreData_en,SONG_0000_MUSIC_LISTARTIST,MARON feat. KOTOKO
ScoreData_en,SONG_0000_MUSIC_LYRICS,MARON
ScoreData_en,SONG_0000_SCORE_LV1_EDITOR,ZENNIN
ScoreData_en,SONG_0000_SCORE_LV3_EDITOR,ZENNIN
ScoreData_en,SONG_0000_SCORE_LV4_EDITOR,ZENNIN
ScoreData_en,SONG_0000_SCORE_LV5_EDITOR,ZENNIN
ScoreData_en,SONG_0010_MUSIC,Peak Ecstasy!! Rim de Lacent☆
ScoreData_en,SONG_0010_MUSIC_ARRAN,MARON
ScoreData_en,SONG_0010_MUSIC_ARTIST,Yunyun (CV: Momoi Haruko)
ScoreData_en,SONG_0010_MUSIC_COMP,MARON
ScoreData_en,SONG_0010_MUSIC_LISTARTIST,MARON feat. Yunyun (CV: Momoi Haruko)
ScoreData_en,SONG_0010_MUSIC_LYRICS,MARON
ScoreData_en,SONG_0010_SCORE_LV1_EDITOR,Himitsu
ScoreData_en,SONG_0010_SCORE_LV3_EDITOR,Himitsu
ScoreData_en,SONG_0010_SCORE_LV4_EDITOR,Himitsu
ScoreData_en,SONG_0010_SCORE_LV5_EDITOR,Himitsu
ScoreData_en,SONG_0020_MUSIC,YUNYUN HARDCORE
ScoreData_en,SONG_0020_MUSIC_ARRAN,MARON × nora2r
ScoreData_en,SONG_0020_MUSIC_ARTIST,Q-chan (CV: Nanahira)
ScoreData_en,SONG_0020_MUSIC_COMP,MARON × nora2r
ScoreData_en,SONG_0020_MUSIC_LISTARTIST,MARON × nora2r feat. Q-chan (CV: Nanahira)
ScoreData_en,SONG_0020_MUSIC_LYRICS,―
ScoreData_en,SONG_0020_SCORE_LV1_EDITOR,mq
ScoreData_en,SONG_0020_SCORE_LV3_EDITOR,mq
ScoreData_en,SONG_0020_SCORE_LV4_EDITOR,mq
ScoreData_en,SONG_0020_SCORE_LV5_EDITOR,mq
ScoreData_en,SONG_0030_MUSIC,Antenna Light
ScoreData_en,SONG_0030_MUSIC_ARRAN,REDALiCE
ScoreData_en,SONG_0030_MUSIC_ARTIST,Momoi Haruko
ScoreData_en,SONG_0030_MUSIC_COMP,Momoi Haruko
ScoreData_en,SONG_0030_MUSIC_LISTARTIST,Momoi Haruko
ScoreData_en,SONG_0030_MUSIC_LYRICS,Momoi Haruko
ScoreData_en,SONG_0030_SCORE_LV1_EDITOR,Luxance
ScoreData_en,SONG_0030_SCORE_LV3_EDITOR,Luxance
ScoreData_en,SONG_0030_SCORE_LV4_EDITOR,Luxance
ScoreData_en,SONG_0030_SCORE_LV5_EDITOR,Luxance
ScoreData_en,SONG_0040_MUSIC,"DONIDEMONARE (Whatever Happens, Happens)"
ScoreData_en,SONG_0040_MUSIC_ARRAN,MARON feat. Kobayashi Hiroto
ScoreData_en,SONG_0040_MUSIC_ARTIST,Q-chan (CV: Nanahira) & Yunyun (CV: Momoi Haruko)
ScoreData_en,SONG_0040_MUSIC_COMP,MARON feat. Kobayashi Hiroto
ScoreData_en,SONG_0040_MUSIC_LISTARTIST,MARON × Kobayashi Hiroto feat. Q-chan (CV: Nanahira) & Yunyun (CV: Momoi Haruko)
ScoreData_en,SONG_0040_MUSIC_LYRICS,MARON
ScoreData_en,SONG_0040_SCORE_LV1_EDITOR,aruka
ScoreData_en,SONG_0040_SCORE_LV3_EDITOR,aruka
ScoreData_en,SONG_0040_SCORE_LV4_EDITOR,aruka
ScoreData_en,SONG_0040_SCORE_LV5_EDITOR,aruka
ScoreData_en,SONG_0050_MUSIC,Marisa Stole the Precious Thing
ScoreData_en,SONG_0050_MUSIC_ARRAN,ARM
ScoreData_en,SONG_0050_MUSIC_ARTIST,Fujisaki Karin
ScoreData_en,SONG_0050_MUSIC_COMP,ZUN
ScoreData_en,SONG_0050_MUSIC_LISTARTIST,IOSYS
ScoreData_en,SONG_0050_MUSIC_LYRICS,YOUNO Yoshimi
ScoreData_en,SONG_0050_SCORE_LV1_EDITOR,Luxance
ScoreData_en,SONG_0050_SCORE_LV3_EDITOR,Luxance
ScoreData_en,SONG_0050_SCORE_LV4_EDITOR,Luxance
ScoreData_en,SONG_0050_SCORE_LV5_EDITOR,Luxance
ScoreData_en,SONG_0060_MUSIC,Kanbu de Tomatte Sugu Tokeru Kyouki no Udongein
ScoreData_en,SONG_0060_MUSIC_ARRAN,ARM
ScoreData_en,SONG_0060_MUSIC_ARTIST,miko
ScoreData_en,SONG_0060_MUSIC_COMP,ZUN
ScoreData_en,SONG_0060_MUSIC_LISTARTIST,IOSYS
ScoreData_en,SONG_0060_MUSIC_LYRICS,YOUNO Yoshimi
ScoreData_en,SONG_0060_SCORE_LV1_EDITOR,Himitsu
ScoreData_en,SONG_0060_SCORE_LV3_EDITOR,Himitsu
ScoreData_en,SONG_0060_SCORE_LV4_EDITOR,Himitsu
ScoreData_en,SONG_0060_SCORE_LV5_EDITOR,Himitsu
ScoreData_en,SONG_0070_MUSIC,Cirno's Perfect Math Class
ScoreData_en,SONG_0070_MUSIC_ARRAN,ARM
ScoreData_en,SONG_0070_MUSIC_ARTIST,miko
ScoreData_en,SONG_0070_MUSIC_COMP,ZUN
ScoreData_en,SONG_0070_MUSIC_LISTARTIST,IOSYS
ScoreData_en,SONG_0070_MUSIC_LYRICS,YOUNO Yoshimi
ScoreData_en,SONG_0070_SCORE_LV1_EDITOR,Luxance
ScoreData_en,SONG_0070_SCORE_LV3_EDITOR,Luxance
ScoreData_en,SONG_0070_SCORE_LV4_EDITOR,Luxance
ScoreData_en,SONG_0070_SCORE_LV5_EDITOR,Luxance
ScoreData_en,SONG_0080_MUSIC,"Nee, ...Shiyou yo!"
ScoreData_en,SONG_0080_MUSIC_ARRAN,Nakazawa Tomoyuki
ScoreData_en,SONG_0080_MUSIC_ARTIST,KOTOKO
ScoreData_en,SONG_0080_MUSIC_COMP,Nakazawa Tomoyuki
ScoreData_en,SONG_0080_MUSIC_LISTARTIST,KOTOKO
ScoreData_en,SONG_0080_MUSIC_LYRICS,KOTOKO
ScoreData_en,SONG_0080_SCORE_LV1_EDITOR,Luxance
ScoreData_en,SONG_0080_SCORE_LV3_EDITOR,Luxance
ScoreData_en,SONG_0080_SCORE_LV4_EDITOR,Luxance
ScoreData_en,SONG_0080_SCORE_LV5_EDITOR,Luxance
ScoreData_en,SONG_0090_MUSIC,"Mighty Heart ～Aruhi no Kenka, Itsumono Koigokoro～"
ScoreData_en,SONG_0090_MUSIC_ARRAN,Uetsu Miu
ScoreData_en,SONG_0090_MUSIC_ARTIST,KOTOKO
ScoreData_en,SONG_0090_MUSIC_COMP,KOTOKO
ScoreData_en,SONG_0090_MUSIC_LISTARTIST,KOTOKO
ScoreData_en,SONG_0090_MUSIC_LYRICS,KOTOKO
ScoreData_en,SONG_0090_SCORE_LV1_EDITOR,Luxance
ScoreData_en,SONG_0090_SCORE_LV3_EDITOR,Luxance
ScoreData_en,SONG_0090_SCORE_LV4_EDITOR,Luxance
ScoreData_en,SONG_0090_SCORE_LV5_EDITOR,Luxance
ScoreData_en,SONG_0100_MUSIC,Sakuranbo Kiss ～Bakuhatsu da mo~n～
ScoreData_en,SONG_0100_MUSIC_ARRAN,C.G mix
ScoreData_en,SONG_0100_MUSIC_ARTIST,KOTOKO
ScoreData_en,SONG_0100_MUSIC_COMP,C.G mix
ScoreData_en,SONG_0100_MUSIC_LISTARTIST,KOTOKO
ScoreData_en,SONG_0100_MUSIC_LYRICS,KOTOKO
ScoreData_en,SONG_0100_SCORE_LV1_EDITOR,mq
ScoreData_en,SONG_0100_SCORE_LV3_EDITOR,mq
ScoreData_en,SONG_0100_SCORE_LV4_EDITOR,mq
ScoreData_en,SONG_0100_SCORE_LV5_EDITOR,mq
ScoreData_en,SONG_0110_MUSIC,Kyururun Kiss de Janbo♪♪
ScoreData_en,SONG_0110_MUSIC_ARRAN,C.G mix
ScoreData_en,SONG_0110_MUSIC_ARTIST,KOTOKO
ScoreData_en,SONG_0110_MUSIC_COMP,C.G mix
ScoreData_en,SONG_0110_MUSIC_LISTARTIST,KOTOKO
ScoreData_en,SONG_0110_MUSIC_LYRICS,KOTOKO
ScoreData_en,SONG_0110_SCORE_LV1_EDITOR,EmoCosine
ScoreData_en,SONG_0110_SCORE_LV3_EDITOR,EmoCosine
ScoreData_en,SONG_0110_SCORE_LV4_EDITOR,EmoCosine
ScoreData_en,SONG_0110_SCORE_LV5_EDITOR,EmoCosine
ScoreData_en,SONG_0120_MUSIC,Raspberry
ScoreData_en,SONG_0120_MUSIC_ARRAN,C.G mix
ScoreData_en,SONG_0120_MUSIC_ARTIST,KOTOKO
ScoreData_en,SONG_0120_MUSIC_COMP,C.G mix
ScoreData_en,SONG_0120_MUSIC_LISTARTIST,KOTOKO
ScoreData_en,SONG_0120_MUSIC_LYRICS,KOTOKO
ScoreData_en,SONG_0120_SCORE_LV1_EDITOR,Luxance
ScoreData_en,SONG_0120_SCORE_LV3_EDITOR,Luxance
ScoreData_en,SONG_0120_SCORE_LV4_EDITOR,Luxance
ScoreData_en,SONG_0120_SCORE_LV5_EDITOR,Luxance
ScoreData_en,SONG_0130_MUSIC,Achichi na Natsu no Monogatari
ScoreData_en,SONG_0130_MUSIC_ARRAN,Takase Kazuya
ScoreData_en,SONG_0130_MUSIC_ARTIST,KOTOKO
ScoreData_en,SONG_0130_MUSIC_COMP,Takase Kazuya
ScoreData_en,SONG_0130_MUSIC_LISTARTIST,KOTOKO
ScoreData_en,SONG_0130_MUSIC_LYRICS,KOTOKO
ScoreData_en,SONG_0130_SCORE_LV1_EDITOR,aruka
ScoreData_en,SONG_0130_SCORE_LV3_EDITOR,aruka
ScoreData_en,SONG_0130_SCORE_LV4_EDITOR,aruka
ScoreData_en,SONG_0130_SCORE_LV5_EDITOR,aruka
ScoreData_en,SONG_0140_MUSIC,Princess Bride!
ScoreData_en,SONG_0140_MUSIC_ARRAN,SORMA
ScoreData_en,SONG_0140_MUSIC_ARTIST,KOTOKO(I've)
ScoreData_en,SONG_0140_MUSIC_COMP,KOTOKO(I've)
ScoreData_en,SONG_0140_MUSIC_LISTARTIST,KOTOKO(I've)
ScoreData_en,SONG_0140_MUSIC_LYRICS,Utsuro Akuta
ScoreData_en,SONG_0140_SCORE_LV1_EDITOR,aruka
ScoreData_en,SONG_0140_SCORE_LV3_EDITOR,aruka
ScoreData_en,SONG_0140_SCORE_LV4_EDITOR,aruka
ScoreData_en,SONG_0140_SCORE_LV5_EDITOR,aruka
ScoreData_en,SONG_0150_MUSIC,Princess Brave!
ScoreData_en,SONG_0150_MUSIC_ARRAN,TOMOYUKI×TAKESHI
ScoreData_en,SONG_0150_MUSIC_ARTIST,KOTOKO(I've)
ScoreData_en,SONG_0150_MUSIC_COMP,Nakazawa Tomoyuki
ScoreData_en,SONG_0150_MUSIC_LISTARTIST,KOTOKO(I've)
ScoreData_en,SONG_0150_MUSIC_LYRICS,Utsuro Akuta
ScoreData_en,SONG_0150_SCORE_LV1_EDITOR,EmoCosine
ScoreData_en,SONG_0150_SCORE_LV3_EDITOR,EmoCosine
ScoreData_en,SONG_0150_SCORE_LV4_EDITOR,EmoCosine
ScoreData_en,SONG_0150_SCORE_LV5_EDITOR,EmoCosine
ScoreData_en,SONG_0160_MUSIC,Change my Style ～Anata Konomi no Watashi ni～
ScoreData_en,SONG_0160_MUSIC_ARRAN,Takase Kazuya
ScoreData_en,SONG_0160_MUSIC_ARTIST,KOTOKO
ScoreData_en,SONG_0160_MUSIC_COMP,KOTOKO
ScoreData_en,SONG_0160_MUSIC_LISTARTIST,KOTOKO
ScoreData_en,SONG_0160_MUSIC_LYRICS,KOTOKO
ScoreData_en,SONG_0160_SCORE_LV1_EDITOR,ZENNIN
ScoreData_en,SONG_0160_SCORE_LV3_EDITOR,ZENNIN
ScoreData_en,SONG_0160_SCORE_LV4_EDITOR,ZENNIN
ScoreData_en,SONG_0160_SCORE_LV5_EDITOR,ZENNIN
ScoreData_en,SONG_0170_MUSIC,true my heart
ScoreData_en,SONG_0170_MUSIC_ARRAN,a.k.a.dRESS (ave;new)
ScoreData_en,SONG_0170_MUSIC_ARTIST,ave;new feat. Sakura Saori
ScoreData_en,SONG_0170_MUSIC_COMP,a.k.a.dRESS (ave;new)
ScoreData_en,SONG_0170_MUSIC_LISTARTIST,ave;new feat. Sakura Saori
ScoreData_en,SONG_0170_MUSIC_LYRICS,a.k.a.dRESS (ave;new) & Sakura Saori (ave;new)
ScoreData_en,SONG_0170_SCORE_LV1_EDITOR,Luxance
ScoreData_en,SONG_0170_SCORE_LV3_EDITOR,Luxance
ScoreData_en,SONG_0170_SCORE_LV4_EDITOR,Luxance
ScoreData_en,SONG_0170_SCORE_LV5_EDITOR,Luxance
ScoreData_en,SONG_0180_MUSIC,Love Cheat!
ScoreData_en,SONG_0180_MUSIC_ARRAN,MOSAIC.WAV
ScoreData_en,SONG_0180_MUSIC_ARTIST,MOSAIC.WAV
ScoreData_en,SONG_0180_MUSIC_COMP,MOSAIC.WAV
ScoreData_en,SONG_0180_MUSIC_LISTARTIST,MOSAIC.WAV
ScoreData_en,SONG_0180_MUSIC_LYRICS,MOSAIC.WAV
ScoreData_en,SONG_0180_SCORE_LV1_EDITOR,Luxance
ScoreData_en,SONG_0180_SCORE_LV3_EDITOR,Luxance
ScoreData_en,SONG_0180_SCORE_LV4_EDITOR,Luxance
ScoreData_en,SONG_0180_SCORE_LV5_EDITOR,Luxance
ScoreData_en,SONG_0190_MUSIC,Gacha Gacha Cute Figu@mate
ScoreData_en,SONG_0190_MUSIC_ARRAN,MOSAIC.WAV
ScoreData_en,SONG_0190_MUSIC_ARTIST,MOSAIC.WAV
ScoreData_en,SONG_0190_MUSIC_COMP,MOSAIC.WAV
ScoreData_en,SONG_0190_MUSIC_LISTARTIST,MOSAIC.WAV
ScoreData_en,SONG_0190_MUSIC_LYRICS,MOSAIC.WAV
ScoreData_en,SONG_0190_SCORE_LV1_EDITOR,Luxance
ScoreData_en,SONG_0190_SCORE_LV3_EDITOR,Luxance
ScoreData_en,SONG_0190_SCORE_LV4_EDITOR,Luxance
ScoreData_en,SONG_0190_SCORE_LV5_EDITOR,Luxance
ScoreData_en,SONG_0200_MUSIC,Sennou・Sakushu・Tora no Maki
ScoreData_en,SONG_0200_MUSIC_ARRAN,MOSAIC.WAV
ScoreData_en,SONG_0200_MUSIC_ARTIST,MOSAIC.WAV
ScoreData_en,SONG_0200_MUSIC_COMP,MOSAIC.WAV
ScoreData_en,SONG_0200_MUSIC_LISTARTIST,MOSAIC.WAV
ScoreData_en,SONG_0200_MUSIC_LYRICS,MOSAIC.WAV
ScoreData_en,SONG_0200_SCORE_LV1_EDITOR,Luxance
ScoreData_en,SONG_0200_SCORE_LV3_EDITOR,Luxance
ScoreData_en,SONG_0200_SCORE_LV4_EDITOR,Luxance
ScoreData_en,SONG_0200_SCORE_LV5_EDITOR,Luxance
ScoreData_en,SONG_0210_MUSIC,INTERNET OVERDOSE
ScoreData_en,SONG_0210_MUSIC_ARRAN,Aiobahn +81
ScoreData_en,SONG_0210_MUSIC_ARTIST,KOTOKO
ScoreData_en,SONG_0210_MUSIC_COMP,Aiobahn +81
ScoreData_en,SONG_0210_MUSIC_LISTARTIST,Aiobahn +81 feat. KOTOKO
ScoreData_en,SONG_0210_MUSIC_LYRICS,nyalra
ScoreData_en,SONG_0210_SCORE_LV1_EDITOR,ZENNIN
ScoreData_en,SONG_0210_SCORE_LV3_EDITOR,ZENNIN
ScoreData_en,SONG_0210_SCORE_LV4_EDITOR,ZENNIN
ScoreData_en,SONG_0210_SCORE_LV5_EDITOR,ZENNIN
ScoreData_en,SONG_0220_MUSIC,INTERNET YAMERO
ScoreData_en,SONG_0220_MUSIC_ARRAN,Aiobahn +81
ScoreData_en,SONG_0220_MUSIC_ARTIST,KOTOKO
ScoreData_en,SONG_0220_MUSIC_COMP,Aiobahn +81
ScoreData_en,SONG_0220_MUSIC_LISTARTIST,Aiobahn +81 feat. KOTOKO
ScoreData_en,SONG_0220_MUSIC_LYRICS,nyalra
ScoreData_en,SONG_0220_SCORE_LV1_EDITOR,Luxance
ScoreData_en,SONG_0220_SCORE_LV3_EDITOR,Luxance
ScoreData_en,SONG_0220_SCORE_LV4_EDITOR,Luxance
ScoreData_en,SONG_0220_SCORE_LV5_EDITOR,Luxance
ScoreData_en,SONG_0230_MUSIC,Miko Miko Nurse・Ai no Theme
ScoreData_en,SONG_0230_MUSIC_ARRAN,Loser Kashiwagi
ScoreData_en,SONG_0230_MUSIC_ARTIST,Chu☆
ScoreData_en,SONG_0230_MUSIC_COMP,Loser Kashiwagi
ScoreData_en,SONG_0230_MUSIC_LISTARTIST,Loser Kashiwagi feat. Chu☆
ScoreData_en,SONG_0230_MUSIC_LYRICS,Loser Kashiwagi
ScoreData_en,SONG_0230_SCORE_LV1_EDITOR,Luxance
ScoreData_en,SONG_0230_SCORE_LV3_EDITOR,Luxance
ScoreData_en,SONG_0230_SCORE_LV4_EDITOR,Luxance
ScoreData_en,SONG_0230_SCORE_LV5_EDITOR,Luxance
ScoreData_en,SONG_0240_MUSIC,Dakkoshite Gyu!
ScoreData_en,SONG_0240_MUSIC_ARRAN,Loser Kashiwagi
ScoreData_en,SONG_0240_MUSIC_ARTIST,Tamiyasu Tomoe
ScoreData_en,SONG_0240_MUSIC_COMP,Loser Kashiwagi
ScoreData_en,SONG_0240_MUSIC_LISTARTIST,Loser Kashiwagi feat. Tamiyasu Tomoe
ScoreData_en,SONG_0240_MUSIC_LYRICS,Loser Kashiwagi
ScoreData_en,SONG_0240_SCORE_LV1_EDITOR,aruka
ScoreData_en,SONG_0240_SCORE_LV3_EDITOR,aruka
ScoreData_en,SONG_0240_SCORE_LV4_EDITOR,aruka
ScoreData_en,SONG_0240_SCORE_LV5_EDITOR,aruka
ScoreData_en,SONG_0250_MUSIC,Tsurupettan
ScoreData_en,SONG_0250_MUSIC_ARRAN,NYO
ScoreData_en,SONG_0250_MUSIC_ARTIST,"Nekomori Aki, Kuroneko, Kana"
ScoreData_en,SONG_0250_MUSIC_COMP,ZUN
ScoreData_en,SONG_0250_MUSIC_LISTARTIST,Silver Forest
ScoreData_en,SONG_0250_MUSIC_LYRICS,bit
ScoreData_en,SONG_0250_SCORE_LV1_EDITOR,Luxance
ScoreData_en,SONG_0250_SCORE_LV3_EDITOR,Luxance
ScoreData_en,SONG_0250_SCORE_LV4_EDITOR,Luxance
ScoreData_en,SONG_0250_SCORE_LV5_EDITOR,Luxance
ScoreData_en,SONG_0260_MUSIC,summer is machine gun
ScoreData_en,SONG_0260_MUSIC_ARRAN,──
ScoreData_en,SONG_0260_MUSIC_ARTIST,machine gun Shindou
ScoreData_en,SONG_0260_MUSIC_COMP,machine gun Agematsu（element's garden）
ScoreData_en,SONG_0260_MUSIC_LISTARTIST,machine gun Shindou
ScoreData_en,SONG_0260_MUSIC_LYRICS,The machine guns
ScoreData_en,SONG_0260_SCORE_LV1_EDITOR,Himitsu
ScoreData_en,SONG_0260_SCORE_LV3_EDITOR,Himitsu
ScoreData_en,SONG_0260_SCORE_LV4_EDITOR,Himitsu
ScoreData_en,SONG_0260_SCORE_LV5_EDITOR,Himitsu
ScoreData_en,SONG_0270_MUSIC,winter is machine gun
ScoreData_en,SONG_0270_MUSIC_ARRAN,──
ScoreData_en,SONG_0270_MUSIC_ARTIST,machine gun Shindou
ScoreData_en,SONG_0270_MUSIC_COMP,machine gun Agematsu(element's garden)
ScoreData_en,SONG_0270_MUSIC_LISTARTIST,machine gun Shindou
ScoreData_en,SONG_0270_MUSIC_LYRICS,The machine guns
ScoreData_en,SONG_0270_SCORE_LV1_EDITOR,mq
ScoreData_en,SONG_0270_SCORE_LV3_EDITOR,mq
ScoreData_en,SONG_0270_SCORE_LV4_EDITOR,mq
ScoreData_en,SONG_0270_SCORE_LV5_EDITOR,mq
ScoreData_en,SONG_0280_MUSIC,Shukusei!! Loli Kami Requiem☆
ScoreData_en,SONG_0280_MUSIC_ARRAN,D.watt (IOSYS)
ScoreData_en,SONG_0280_MUSIC_ARTIST,Ui Shigure
ScoreData_en,SONG_0280_MUSIC_COMP,D.watt (IOSYS)
ScoreData_en,SONG_0280_MUSIC_LISTARTIST,Shigure Ui
ScoreData_en,SONG_0280_MUSIC_LYRICS,MARON
ScoreData_en,SONG_0280_SCORE_LV1_EDITOR,Luxance
ScoreData_en,SONG_0280_SCORE_LV3_EDITOR,Luxance
ScoreData_en,SONG_0280_SCORE_LV4_EDITOR,Luxance
ScoreData_en,SONG_0280_SCORE_LV5_EDITOR,Luxance
ScoreData_en,SONG_0300_MUSIC,CosmiKING☆sens@tion!!!!!!!!
ScoreData_en,SONG_0300_MUSIC_ARRAN,Kayuki
ScoreData_en,SONG_0300_MUSIC_ARTIST,Choko
ScoreData_en,SONG_0300_MUSIC_COMP,Kayuki
ScoreData_en,SONG_0300_MUSIC_LISTARTIST,Choko
ScoreData_en,SONG_0300_MUSIC_LYRICS,Kayuki
ScoreData_en,SONG_0300_SCORE_LV1_EDITOR,aruka
ScoreData_en,SONG_0300_SCORE_LV3_EDITOR,aruka
ScoreData_en,SONG_0300_SCORE_LV4_EDITOR,aruka
ScoreData_en,SONG_0300_SCORE_LV5_EDITOR,aruka
ScoreData_en,SONG_0310_MUSIC,MuseDashを作っているPeroPeroGamesさんが倒産しちゃったよ～
ScoreData_en,SONG_0310_MUSIC_ARRAN,Rish
ScoreData_en,SONG_0310_MUSIC_ARTIST,Choko
ScoreData_en,SONG_0310_MUSIC_COMP,Rish
ScoreData_en,SONG_0310_MUSIC_LISTARTIST,Rish feat. Choko
ScoreData_en,SONG_0310_MUSIC_LYRICS,Rish
ScoreData_en,SONG_0310_SCORE_LV1_EDITOR,ZENNIN
ScoreData_en,SONG_0310_SCORE_LV3_EDITOR,ZENNIN
ScoreData_en,SONG_0310_SCORE_LV4_EDITOR,ZENNIN
ScoreData_en,SONG_0310_SCORE_LV5_EDITOR,ZENNIN
ScoreData_en,SONG_1000_MUSIC,"Help me, ERINNNNNN!! (Band ver.)"
ScoreData_en,SONG_1000_MUSIC_ARRAN,beatMARIO
ScoreData_en,SONG_1000_MUSIC_ARTIST,beatMARIO
ScoreData_en,SONG_1000_MUSIC_COMP,ZUN
ScoreData_en,SONG_1000_MUSIC_LISTARTIST,beatMARIO
ScoreData_en,SONG_1000_MUSIC_LYRICS,beatMARIO
ScoreData_en,SONG_1000_SCORE_LV1_EDITOR,EmoCosine
ScoreData_en,SONG_1000_SCORE_LV3_EDITOR,EmoCosine
ScoreData_en,SONG_1000_SCORE_LV4_EDITOR,EmoCosine
ScoreData_en,SONG_1000_SCORE_LV5_EDITOR,EmoCosine
ScoreData_en,SONG_1010_MUSIC,Usatei
ScoreData_en,SONG_1010_MUSIC_ARRAN,"myu314, beatMARIO"
ScoreData_en,SONG_1010_MUSIC_ARTIST,"beatMARIO, Amane"
ScoreData_en,SONG_1010_MUSIC_COMP,ZUN
ScoreData_en,SONG_1010_MUSIC_LISTARTIST,IOSYS
ScoreData_en,SONG_1010_MUSIC_LYRICS,beatMARIO
ScoreData_en,SONG_1010_SCORE_LV1_EDITOR,Luxance
ScoreData_en,SONG_1010_SCORE_LV3_EDITOR,Luxance
ScoreData_en,SONG_1010_SCORE_LV4_EDITOR,Luxance
ScoreData_en,SONG_1010_SCORE_LV5_EDITOR,Luxance
ScoreData_en,SONG_1020_MUSIC,Scarlet Police on Ghetto Patrol in 24H
ScoreData_en,SONG_1020_MUSIC_ARRAN,D.watt
ScoreData_en,SONG_1020_MUSIC_ARTIST,"miko, koko, 96, Natsu Iwasugi"
ScoreData_en,SONG_1020_MUSIC_COMP,ZUN
ScoreData_en,SONG_1020_MUSIC_LISTARTIST,IOSYS
ScoreData_en,SONG_1020_MUSIC_LYRICS,Shichijou Lettuce
ScoreData_en,SONG_1020_SCORE_LV1_EDITOR,Luxance
ScoreData_en,SONG_1020_SCORE_LV3_EDITOR,Luxance
ScoreData_en,SONG_1020_SCORE_LV4_EDITOR,Luxance
ScoreData_en,SONG_1020_SCORE_LV5_EDITOR,Luxance
ScoreData_en,SONG_1030_MUSIC,Oyome ni Shinasai!
ScoreData_en,SONG_1030_MUSIC_ARRAN,ARM
ScoreData_en,SONG_1030_MUSIC_ARTIST,"miko, Yuka, Mari"
ScoreData_en,SONG_1030_MUSIC_COMP,ZUN
ScoreData_en,SONG_1030_MUSIC_LISTARTIST,IOSYS
ScoreData_en,SONG_1030_MUSIC_LYRICS,YOUNO Yoshimi
ScoreData_en,SONG_1030_SCORE_LV1_EDITOR,Himitsu
ScoreData_en,SONG_1030_SCORE_LV3_EDITOR,Himitsu
ScoreData_en,SONG_1030_SCORE_LV4_EDITOR,Himitsu
ScoreData_en,SONG_1030_SCORE_LV5_EDITOR,Himitsu
ScoreData_en,SONG_1040_MUSIC,Wakasagihime's 100 Sushi-Topping Game
ScoreData_en,SONG_1040_MUSIC_ARRAN,Taniya Raku
ScoreData_en,SONG_1040_MUSIC_ARTIST,Aya
ScoreData_en,SONG_1040_MUSIC_COMP,ZUN
ScoreData_en,SONG_1040_MUSIC_LISTARTIST,IOSYS
ScoreData_en,SONG_1040_MUSIC_LYRICS,Taniya Raku
ScoreData_en,SONG_1040_SCORE_LV1_EDITOR,Luxance
ScoreData_en,SONG_1040_SCORE_LV3_EDITOR,Luxance
ScoreData_en,SONG_1040_SCORE_LV4_EDITOR,Luxance
ScoreData_en,SONG_1040_SCORE_LV5_EDITOR,Luxance
ScoreData_en,SONG_1050_MUSIC,kero⑨destiny
ScoreData_en,SONG_1050_MUSIC_ARRAN,NYO
ScoreData_en,SONG_1050_MUSIC_ARTIST,Merami Pop
ScoreData_en,SONG_1050_MUSIC_COMP,ZUN
ScoreData_en,SONG_1050_MUSIC_LISTARTIST,Silver Forest
ScoreData_en,SONG_1050_MUSIC_LYRICS,bit
ScoreData_en,SONG_1050_SCORE_LV1_EDITOR,Luxance
ScoreData_en,SONG_1050_SCORE_LV3_EDITOR,Luxance
ScoreData_en,SONG_1050_SCORE_LV4_EDITOR,Luxance
ScoreData_en,SONG_1050_SCORE_LV5_EDITOR,Luxance
ScoreData_en,SONG_1060_MUSIC,Quit being a maid? Quit being a human?
ScoreData_en,SONG_1060_MUSIC_ARRAN,ARM
ScoreData_en,SONG_1060_MUSIC_ARTIST,Yamamoto Momiji
ScoreData_en,SONG_1060_MUSIC_COMP,ZUN
ScoreData_en,SONG_1060_MUSIC_LISTARTIST,IOSYS
ScoreData_en,SONG_1060_MUSIC_LYRICS,YOUNO Yoshimi
ScoreData_en,SONG_1120_MUSIC,We are Pollen Fairies “Pollino-Sis”!
ScoreData_en,SONG_1120_MUSIC_ARRAN,Camellia
ScoreData_en,SONG_1120_MUSIC_ARTIST,"Koko, Nanahira"
ScoreData_en,SONG_1120_MUSIC_COMP,Camellia
ScoreData_en,SONG_1120_MUSIC_LISTARTIST,"Camellia feat. Koko, Nanahira"
ScoreData_en,SONG_1120_MUSIC_LYRICS,Camellia
ScoreData_en,SONG_1120_SCORE_LV1_EDITOR,ZENNIN
ScoreData_en,SONG_1120_SCORE_LV3_EDITOR,ZENNIN
ScoreData_en,SONG_1120_SCORE_LV4_EDITOR,ZENNIN
ScoreData_en,SONG_1120_SCORE_LV5_EDITOR,ZENNIN
ScoreData_en,SONG_1130_MUSIC,Versus!
ScoreData_en,SONG_1130_MUSIC_ARRAN,Camellia
ScoreData_en,SONG_1130_MUSIC_ARTIST,Nanahira
ScoreData_en,SONG_1130_MUSIC_COMP,Camellia
ScoreData_en,SONG_1130_MUSIC_LISTARTIST,Camellia feat. Nanahira
ScoreData_en,SONG_1130_MUSIC_LYRICS,Camellia
ScoreData_en,SONG_1130_SCORE_LV1_EDITOR,mq
ScoreData_en,SONG_1130_SCORE_LV3_EDITOR,mq
ScoreData_en,SONG_1130_SCORE_LV4_EDITOR,mq
ScoreData_en,SONG_1130_SCORE_LV5_EDITOR,mq
ScoreData_en,SONG_1140_MUSIC,Can I friend you on Bassbook? lol
ScoreData_en,SONG_1140_MUSIC_ARRAN,Camellia
ScoreData_en,SONG_1140_MUSIC_ARTIST,Nanahira
ScoreData_en,SONG_1140_MUSIC_COMP,Camellia
ScoreData_en,SONG_1140_MUSIC_LISTARTIST,Camellia feat. Nanahira
ScoreData_en,SONG_1140_MUSIC_LYRICS,Camellia
ScoreData_en,SONG_1140_SCORE_LV1_EDITOR,Himitsu
ScoreData_en,SONG_1140_SCORE_LV3_EDITOR,Himitsu
ScoreData_en,SONG_1140_SCORE_LV4_EDITOR,Himitsu
ScoreData_en,SONG_1140_SCORE_LV5_EDITOR,Himitsu
ScoreData_en,SONG_1150_MUSIC,Strongest Dental Caries Constructionist Starts Excavation
ScoreData_en,SONG_1150_MUSIC_ARRAN,Camellia
ScoreData_en,SONG_1150_MUSIC_ARTIST,Nanahira
ScoreData_en,SONG_1150_MUSIC_COMP,Camellia
ScoreData_en,SONG_1150_MUSIC_LISTARTIST,Camellia feat. Nanahira
ScoreData_en,SONG_1150_MUSIC_LYRICS,Camellia
ScoreData_en,SONG_1150_SCORE_LV1_EDITOR,aruka
ScoreData_en,SONG_1150_SCORE_LV3_EDITOR,aruka
ScoreData_en,SONG_1150_SCORE_LV4_EDITOR,aruka
ScoreData_en,SONG_1150_SCORE_LV5_EDITOR,aruka
ScoreData_en,SONG_1160_MUSIC,I don't care about Christmas though
ScoreData_en,SONG_1160_MUSIC_ARRAN,Camellia
ScoreData_en,SONG_1160_MUSIC_ARTIST,Nanahira
ScoreData_en,SONG_1160_MUSIC_COMP,Camellia
ScoreData_en,SONG_1160_MUSIC_LISTARTIST,Camellia feat. Nanahira
ScoreData_en,SONG_1160_MUSIC_LYRICS,Camellia
ScoreData_en,SONG_1160_SCORE_LV1_EDITOR,aruka
ScoreData_en,SONG_1160_SCORE_LV3_EDITOR,aruka
ScoreData_en,SONG_1160_SCORE_LV4_EDITOR,aruka
ScoreData_en,SONG_1160_SCORE_LV5_EDITOR,aruka
ScoreData_en,SONG_1170_MUSIC,FULLFLAVOR ONDO
ScoreData_en,SONG_1170_MUSIC_ARRAN,Camellia
ScoreData_en,SONG_1170_MUSIC_ARTIST,Nanahira
ScoreData_en,SONG_1170_MUSIC_COMP,Camellia
ScoreData_en,SONG_1170_MUSIC_LISTARTIST,Camellia feat. Nanahira
ScoreData_en,SONG_1170_MUSIC_LYRICS,Camellia
ScoreData_en,SONG_1170_SCORE_LV1_EDITOR,Luxance
ScoreData_en,SONG_1170_SCORE_LV3_EDITOR,Luxance
ScoreData_en,SONG_1170_SCORE_LV4_EDITOR,Luxance
ScoreData_en,SONG_1170_SCORE_LV5_EDITOR,Luxance
ScoreData_en,SONG_1180_MUSIC,"Newbies take 3 years, geeks 8 years, and internets are forever"
ScoreData_en,SONG_1180_MUSIC_ARRAN,Camellia
ScoreData_en,SONG_1180_MUSIC_ARTIST,Nanahira
ScoreData_en,SONG_1180_MUSIC_COMP,Camellia
ScoreData_en,SONG_1180_MUSIC_LISTARTIST,Camellia feat. Nanahira
ScoreData_en,SONG_1180_MUSIC_LYRICS,Camellia
ScoreData_en,SONG_1180_SCORE_LV1_EDITOR,Luxance
ScoreData_en,SONG_1180_SCORE_LV3_EDITOR,Luxance
ScoreData_en,SONG_1180_SCORE_LV4_EDITOR,Luxance
ScoreData_en,SONG_1180_SCORE_LV5_EDITOR,Luxance
ScoreData_en,SONG_1190_MUSIC,Energy-Dringirl Ffeine-chan!
ScoreData_en,SONG_1190_MUSIC_ARRAN,Camellia
ScoreData_en,SONG_1190_MUSIC_ARTIST,Nanahira
ScoreData_en,SONG_1190_MUSIC_COMP,Camellia
ScoreData_en,SONG_1190_MUSIC_LISTARTIST,Camellia feat. Nanahira
ScoreData_en,SONG_1190_MUSIC_LYRICS,Camellia
ScoreData_en,SONG_1190_SCORE_LV1_EDITOR,EmoCosine
ScoreData_en,SONG_1190_SCORE_LV3_EDITOR,EmoCosine
ScoreData_en,SONG_1190_SCORE_LV4_EDITOR,EmoCosine
ScoreData_en,SONG_1190_SCORE_LV5_EDITOR,EmoCosine
ScoreData_en,SONG_1200_MUSIC,Please! Concon Inari-sama
ScoreData_en,SONG_1200_MUSIC_ARRAN,ARM
ScoreData_en,SONG_1200_MUSIC_ARTIST,Nanahira
ScoreData_en,SONG_1200_MUSIC_COMP,ARM
ScoreData_en,SONG_1200_MUSIC_LISTARTIST,IOSYS
ScoreData_en,SONG_1200_MUSIC_LYRICS,Komusou
ScoreData_en,SONG_1200_SCORE_LV1_EDITOR,Luxance
ScoreData_en,SONG_1200_SCORE_LV3_EDITOR,Luxance
ScoreData_en,SONG_1200_SCORE_LV4_EDITOR,Luxance
ScoreData_en,SONG_1200_SCORE_LV5_EDITOR,Luxance
ScoreData_en,SONG_1210_MUSIC,Denpa-tic Delusional Beauty Q (Cover)
ScoreData_en,SONG_1210_MUSIC_ARRAN,MARON
ScoreData_en,SONG_1210_MUSIC_ARTIST,Q-chan (CV: Nanahira)
ScoreData_en,SONG_1210_MUSIC_COMP,MARON
ScoreData_en,SONG_1210_MUSIC_LISTARTIST,MARON feat. Q-chan (CV: Nanahira)
ScoreData_en,SONG_1210_MUSIC_LYRICS,MARON
ScoreData_en,SONG_1210_SCORE_LV1_EDITOR,Himitsu
ScoreData_en,SONG_1210_SCORE_LV3_EDITOR,Himitsu
ScoreData_en,SONG_1210_SCORE_LV4_EDITOR,Himitsu
ScoreData_en,SONG_1210_SCORE_LV5_EDITOR,Himitsu
ScoreData_en,SONG_1220_MUSIC,INTERNET OVERDOSE (Cover)
ScoreData_en,SONG_1220_MUSIC_ARRAN,Aiobahn +81
ScoreData_en,SONG_1220_MUSIC_ARTIST,Nanahira
ScoreData_en,SONG_1220_MUSIC_COMP,Aiobahn +81
ScoreData_en,SONG_1220_MUSIC_LISTARTIST,Aiobahn +81
ScoreData_en,SONG_1220_MUSIC_LYRICS,nyalra
ScoreData_en,SONG_1220_SCORE_LV1_EDITOR,aruka
ScoreData_en,SONG_1220_SCORE_LV3_EDITOR,aruka
ScoreData_en,SONG_1220_SCORE_LV4_EDITOR,aruka
ScoreData_en,SONG_1220_SCORE_LV5_EDITOR,aruka
ScoreData_en,SONG_1230_MUSIC,INTERNET YAMERO (Cover)
ScoreData_en,SONG_1230_MUSIC_ARRAN,Aiobahn +81
ScoreData_en,SONG_1230_MUSIC_ARTIST,Nanahira
ScoreData_en,SONG_1230_MUSIC_COMP,Aiobahn +81
ScoreData_en,SONG_1230_MUSIC_LISTARTIST,Aiobahn +81
ScoreData_en,SONG_1230_MUSIC_LYRICS,nyalra
ScoreData_en,SONG_1230_SCORE_LV1_EDITOR,mq
ScoreData_en,SONG_1230_SCORE_LV3_EDITOR,mq
ScoreData_en,SONG_1230_SCORE_LV4_EDITOR,mq
ScoreData_en,SONG_1230_SCORE_LV5_EDITOR,mq
ScoreData_en,SONG_1240_MUSIC,Bamboo
ScoreData_en,SONG_1240_MUSIC_ARRAN,Rish
ScoreData_en,SONG_1240_MUSIC_ARTIST,Choko
ScoreData_en,SONG_1240_MUSIC_COMP,Rish
ScoreData_en,SONG_1240_MUSIC_LISTARTIST,Rish feat. Choko
ScoreData_en,SONG_1240_MUSIC_LYRICS,Rish
ScoreData_en,SONG_1240_SCORE_LV1_EDITOR,Luxance
ScoreData_en,SONG_1240_SCORE_LV3_EDITOR,Luxance
ScoreData_en,SONG_1240_SCORE_LV4_EDITOR,Luxance
ScoreData_en,SONG_1240_SCORE_LV5_EDITOR,Luxance
ScoreData_en,SONG_1250_MUSIC,Punai Punai Taisou
ScoreData_en,SONG_1250_MUSIC_ARRAN,Rish
ScoreData_en,SONG_1250_MUSIC_ARTIST,Choko
ScoreData_en,SONG_1250_MUSIC_COMP,Rish
ScoreData_en,SONG_1250_MUSIC_LISTARTIST,Rish feat. Choko
ScoreData_en,SONG_1250_MUSIC_LYRICS,Rish
ScoreData_en,SONG_1250_SCORE_LV1_EDITOR,mq
ScoreData_en,SONG_1250_SCORE_LV3_EDITOR,mq
ScoreData_en,SONG_1250_SCORE_LV4_EDITOR,mq
ScoreData_en,SONG_1250_SCORE_LV5_EDITOR,mq
ScoreData_en,SONG_1260_MUSIC,Punai Punai Fantasy
ScoreData_en,SONG_1260_MUSIC_ARRAN,Rish
ScoreData_en,SONG_1260_MUSIC_ARTIST,Choko
ScoreData_en,SONG_1260_MUSIC_COMP,Rish
ScoreData_en,SONG_1260_MUSIC_LISTARTIST,Rish feat. Choko
ScoreData_en,SONG_1260_MUSIC_LYRICS,Rish
ScoreData_en,SONG_1260_SCORE_LV1_EDITOR,Himitsu
ScoreData_en,SONG_1260_SCORE_LV3_EDITOR,Himitsu
ScoreData_en,SONG_1260_SCORE_LV4_EDITOR,Himitsu
ScoreData_en,SONG_1260_SCORE_LV5_EDITOR,Himitsu
ScoreData_en,SONG_1270_MUSIC,Punai Punai War
ScoreData_en,SONG_1270_MUSIC_ARRAN,Rish
ScoreData_en,SONG_1270_MUSIC_ARTIST,Choko
ScoreData_en,SONG_1270_MUSIC_COMP,Rish
ScoreData_en,SONG_1270_MUSIC_LISTARTIST,Rish feat. Choko
ScoreData_en,SONG_1270_MUSIC_LYRICS,Rish
ScoreData_en,SONG_1270_SCORE_LV1_EDITOR,aruka
ScoreData_en,SONG_1270_SCORE_LV3_EDITOR,aruka
ScoreData_en,SONG_1270_SCORE_LV4_EDITOR,aruka
ScoreData_en,SONG_1270_SCORE_LV5_EDITOR,aruka
ScoreData_en,SONG_1280_MUSIC,Tanaka
ScoreData_en,SONG_1280_MUSIC_ARRAN,Rish
ScoreData_en,SONG_1280_MUSIC_ARTIST,Choko
ScoreData_en,SONG_1280_MUSIC_COMP,Rish
ScoreData_en,SONG_1280_MUSIC_LISTARTIST,Rish feat. Choko
ScoreData_en,SONG_1280_MUSIC_LYRICS,Rish
ScoreData_en,SONG_1280_SCORE_LV1_EDITOR,ZENNIN
ScoreData_en,SONG_1280_SCORE_LV3_EDITOR,ZENNIN
ScoreData_en,SONG_1280_SCORE_LV4_EDITOR,ZENNIN
ScoreData_en,SONG_1280_SCORE_LV5_EDITOR,ZENNIN
ScoreData_en,SONG_1290_MUSIC,Waaa
ScoreData_en,SONG_1290_MUSIC_ARRAN,Rish
ScoreData_en,SONG_1290_MUSIC_ARTIST,Choko
ScoreData_en,SONG_1290_MUSIC_COMP,Rish
ScoreData_en,SONG_1290_MUSIC_LISTARTIST,Rish feat. Choko
ScoreData_en,SONG_1290_MUSIC_LYRICS,Rish
ScoreData_en,SONG_1290_SCORE_LV1_EDITOR,Luxance
ScoreData_en,SONG_1290_SCORE_LV3_EDITOR,Luxance
ScoreData_en,SONG_1290_SCORE_LV4_EDITOR,Luxance
ScoreData_en,SONG_1290_SCORE_LV5_EDITOR,Luxance
ScoreData_en,SONG_1300_MUSIC,kakikukeCaution
ScoreData_en,SONG_1300_MUSIC_ARRAN,Rish
ScoreData_en,SONG_1300_MUSIC_ARTIST,Choko
ScoreData_en,SONG_1300_MUSIC_COMP,Rish
ScoreData_en,SONG_1300_MUSIC_LISTARTIST,Rish feat. Choko
ScoreData_en,SONG_1300_MUSIC_LYRICS,Rish
ScoreData_en,SONG_1300_SCORE_LV1_EDITOR,Luxance
ScoreData_en,SONG_1300_SCORE_LV3_EDITOR,Luxance
ScoreData_en,SONG_1300_SCORE_LV4_EDITOR,Luxance
ScoreData_en,SONG_1300_SCORE_LV5_EDITOR,Luxance
ScoreData_en,SONG_1310_MUSIC,Nitrogen
ScoreData_en,SONG_1310_MUSIC_ARRAN,Rish
ScoreData_en,SONG_1310_MUSIC_ARTIST,Choko
ScoreData_en,SONG_1310_MUSIC_COMP,Rish
ScoreData_en,SONG_1310_MUSIC_LISTARTIST,Rish feat. Choko
ScoreData_en,SONG_1310_MUSIC_LYRICS,Rish
ScoreData_en,SONG_1310_SCORE_LV1_EDITOR,Luxance
ScoreData_en,SONG_1310_SCORE_LV3_EDITOR,Luxance
ScoreData_en,SONG_1310_SCORE_LV4_EDITOR,Luxance
ScoreData_en,SONG_1310_SCORE_LV5_EDITOR,Luxance
ScoreData_en,SONG_1320_MUSIC,As Tenshi-sama Says
ScoreData_en,SONG_1320_MUSIC_ARRAN,Rish
ScoreData_en,SONG_1320_MUSIC_ARTIST,Momone Chinoi
ScoreData_en,SONG_1320_MUSIC_COMP,Rish
ScoreData_en,SONG_1320_MUSIC_LISTARTIST,Rish feat. Momone Chinoi
ScoreData_en,SONG_1320_MUSIC_LYRICS,Rish
ScoreData_en,SONG_1320_SCORE_LV1_EDITOR,mq
ScoreData_en,SONG_1320_SCORE_LV3_EDITOR,mq
ScoreData_en,SONG_1320_SCORE_LV4_EDITOR,mq
ScoreData_en,SONG_1320_SCORE_LV5_EDITOR,mq
ScoreData_en,SONG_1330_MUSIC,papipupipupipa
ScoreData_en,SONG_1330_MUSIC_ARRAN,Rish
ScoreData_en,SONG_1330_MUSIC_ARTIST,Korone Pochi
ScoreData_en,SONG_1330_MUSIC_COMP,Rish
ScoreData_en,SONG_1330_MUSIC_LISTARTIST,Rish feat. Korone Pochi
ScoreData_en,SONG_1330_MUSIC_LYRICS,Rish
ScoreData_en,SONG_1330_SCORE_LV1_EDITOR,ZENNIN
ScoreData_en,SONG_1330_SCORE_LV3_EDITOR,ZENNIN
ScoreData_en,SONG_1330_SCORE_LV4_EDITOR,ZENNIN
ScoreData_en,SONG_1330_SCORE_LV5_EDITOR,ZENNIN
ScoreData_en,SONG_1340_MUSIC,B.B.K.K.B.K.K. (Rish & Choko Remix)
ScoreData_en,SONG_1340_MUSIC_ARRAN,Rish
ScoreData_en,SONG_1340_MUSIC_ARTIST,Choko
ScoreData_en,SONG_1340_MUSIC_COMP,nora2r
ScoreData_en,SONG_1340_MUSIC_LISTARTIST,Rish feat. Choko
ScoreData_en,SONG_1340_MUSIC_LYRICS,Rish
ScoreData_en,SONG_1340_SCORE_LV1_EDITOR,aruka
ScoreData_en,SONG_1340_SCORE_LV3_EDITOR,aruka
ScoreData_en,SONG_1340_SCORE_LV4_EDITOR,aruka
ScoreData_en,SONG_1340_SCORE_LV5_EDITOR,aruka
ScoreData_en,SONG_1350_MUSIC,MaiMaiMeMoMoMeMoMoMaiMai
ScoreData_en,SONG_1350_MUSIC_ARRAN,Rish
ScoreData_en,SONG_1350_MUSIC_ARTIST,Maisaki Berry
ScoreData_en,SONG_1350_MUSIC_COMP,Rish
ScoreData_en,SONG_1350_MUSIC_LISTARTIST,Rish feat. Maisaki Berry
ScoreData_en,SONG_1350_MUSIC_LYRICS,Rish
ScoreData_en,SONG_1350_SCORE_LV1_EDITOR,EmoCosine
ScoreData_en,SONG_1350_SCORE_LV3_EDITOR,EmoCosine
ScoreData_en,SONG_1350_SCORE_LV4_EDITOR,EmoCosine
ScoreData_en,SONG_1350_SCORE_LV5_EDITOR,EmoCosine
ScoreData_en,SONG_1500_MUSIC,Let's Go Lovely Henshin Time!
ScoreData_en,SONG_1500_MUSIC_ARRAN,Yuu
ScoreData_en,SONG_1500_MUSIC_ARTIST,Ｕ
ScoreData_en,SONG_1500_MUSIC_COMP,Yuu
ScoreData_en,SONG_1500_MUSIC_LISTARTIST,Ｕ
ScoreData_en,SONG_1500_MUSIC_LYRICS,Yuu
ScoreData_en,SONG_1500_SCORE_LV1_EDITOR,Luxance
ScoreData_en,SONG_1500_SCORE_LV3_EDITOR,Luxance
ScoreData_en,SONG_1500_SCORE_LV4_EDITOR,Luxance
ScoreData_en,SONG_1500_SCORE_LV5_EDITOR,Luxance
ScoreData_en,SONG_1510_MUSIC,LITTLE MY STAR
ScoreData_en,SONG_1510_MUSIC_ARRAN,Yuu
ScoreData_en,SONG_1510_MUSIC_ARTIST,Ｕ
ScoreData_en,SONG_1510_MUSIC_COMP,Yuu
ScoreData_en,SONG_1510_MUSIC_LISTARTIST,Ｕ
ScoreData_en,SONG_1510_MUSIC_LYRICS,Yuu
ScoreData_en,SONG_1510_SCORE_LV1_EDITOR,ZENNIN
ScoreData_en,SONG_1510_SCORE_LV3_EDITOR,ZENNIN
ScoreData_en,SONG_1510_SCORE_LV4_EDITOR,ZENNIN
ScoreData_en,SONG_1510_SCORE_LV5_EDITOR,ZENNIN
ScoreData_en,SONG_1520_MUSIC,Kurukuru lovely day!!!
ScoreData_en,SONG_1520_MUSIC_ARRAN,Yuu
ScoreData_en,SONG_1520_MUSIC_ARTIST,Ｕ
ScoreData_en,SONG_1520_MUSIC_COMP,Yuu
ScoreData_en,SONG_1520_MUSIC_LISTARTIST,Ｕ
ScoreData_en,SONG_1520_MUSIC_LYRICS,Yuu
ScoreData_en,SONG_1520_SCORE_LV1_EDITOR,Himitsu
ScoreData_en,SONG_1520_SCORE_LV3_EDITOR,Himitsu
ScoreData_en,SONG_1520_SCORE_LV4_EDITOR,Himitsu
ScoreData_en,SONG_1520_SCORE_LV5_EDITOR,Himitsu
ScoreData_en,SONG_1530_MUSIC,Gingakei no Uchuu no Hate made
ScoreData_en,SONG_1530_MUSIC_ARRAN,Yuu
ScoreData_en,SONG_1530_MUSIC_ARTIST,Ｕ
ScoreData_en,SONG_1530_MUSIC_COMP,Yuu
ScoreData_en,SONG_1530_MUSIC_LISTARTIST,Ｕ
ScoreData_en,SONG_1530_MUSIC_LYRICS,Yuu
ScoreData_en,SONG_1530_SCORE_LV1_EDITOR,mq
ScoreData_en,SONG_1530_SCORE_LV3_EDITOR,mq
ScoreData_en,SONG_1530_SCORE_LV4_EDITOR,mq
ScoreData_en,SONG_1530_SCORE_LV5_EDITOR,mq
ScoreData_en,SONG_1540_MUSIC,the first the last
ScoreData_en,SONG_1540_MUSIC_ARRAN,Yuu
ScoreData_en,SONG_1540_MUSIC_ARTIST,Ｕ
ScoreData_en,SONG_1540_MUSIC_COMP,Yuu
ScoreData_en,SONG_1540_MUSIC_LISTARTIST,Ｕ
ScoreData_en,SONG_1540_MUSIC_LYRICS,Yuu
ScoreData_en,SONG_1540_SCORE_LV1_EDITOR,Himitsu
ScoreData_en,SONG_1540_SCORE_LV3_EDITOR,Himitsu
ScoreData_en,SONG_1540_SCORE_LV4_EDITOR,Himitsu
ScoreData_en,SONG_1540_SCORE_LV5_EDITOR,Himitsu
ScoreData_en,SONG_1550_MUSIC,Shinseiji ～Kono Koi to Kimi to Atashi～
ScoreData_en,SONG_1550_MUSIC_ARRAN,Yuu
ScoreData_en,SONG_1550_MUSIC_ARTIST,Ｕ
ScoreData_en,SONG_1550_MUSIC_COMP,Yuu
ScoreData_en,SONG_1550_MUSIC_LISTARTIST,Ｕ
ScoreData_en,SONG_1550_MUSIC_LYRICS,Yuu
ScoreData_en,SONG_1550_SCORE_LV1_EDITOR,aruka
ScoreData_en,SONG_1550_SCORE_LV3_EDITOR,aruka
ScoreData_en,SONG_1550_SCORE_LV4_EDITOR,aruka
ScoreData_en,SONG_1550_SCORE_LV5_EDITOR,aruka
ScoreData_en,SONG_1560_MUSIC,Sakura Saku
ScoreData_en,SONG_1560_MUSIC_ARRAN,Yuu
ScoreData_en,SONG_1560_MUSIC_ARTIST,Ｕ
ScoreData_en,SONG_1560_MUSIC_COMP,Yuu
ScoreData_en,SONG_1560_MUSIC_LISTARTIST,Ｕ
ScoreData_en,SONG_1560_MUSIC_LYRICS,Yuu
ScoreData_en,SONG_1560_SCORE_LV1_EDITOR,Himitsu
ScoreData_en,SONG_1560_SCORE_LV3_EDITOR,Himitsu
ScoreData_en,SONG_1560_SCORE_LV4_EDITOR,Himitsu
ScoreData_en,SONG_1560_SCORE_LV5_EDITOR,Himitsu
ScoreData_en,SONG_1570_MUSIC,Omoi Wa Ko Kon To Zai
ScoreData_en,SONG_1570_MUSIC_ARRAN,Yuu
ScoreData_en,SONG_1570_MUSIC_ARTIST,Ｕ
ScoreData_en,SONG_1570_MUSIC_COMP,Yuu
ScoreData_en,SONG_1570_MUSIC_LISTARTIST,Ｕ
ScoreData_en,SONG_1570_MUSIC_LYRICS,Yuu
ScoreData_en,SONG_1570_SCORE_LV1_EDITOR,EmoCosine
ScoreData_en,SONG_1570_SCORE_LV3_EDITOR,EmoCosine
ScoreData_en,SONG_1570_SCORE_LV4_EDITOR,EmoCosine
ScoreData_en,SONG_1570_SCORE_LV5_EDITOR,EmoCosine
ScoreData_en,SONG_1580_MUSIC,Help! heaven!
ScoreData_en,SONG_1580_MUSIC_ARRAN,Yuu
ScoreData_en,SONG_1580_MUSIC_ARTIST,Ｕ
ScoreData_en,SONG_1580_MUSIC_COMP,Yuu
ScoreData_en,SONG_1580_MUSIC_LISTARTIST,Ｕ
ScoreData_en,SONG_1580_MUSIC_LYRICS,Yuu
ScoreData_en,SONG_1580_SCORE_LV1_EDITOR,EmoCosine
ScoreData_en,SONG_1580_SCORE_LV3_EDITOR,EmoCosine
ScoreData_en,SONG_1580_SCORE_LV4_EDITOR,EmoCosine
ScoreData_en,SONG_1580_SCORE_LV5_EDITOR,EmoCosine
ScoreData_en,SONG_1590_MUSIC,BITE
ScoreData_en,SONG_1590_MUSIC_ARRAN,ZEN
ScoreData_en,SONG_1590_MUSIC_ARTIST,Momoi Haruko
ScoreData_en,SONG_1590_MUSIC_COMP,ZEN
ScoreData_en,SONG_1590_MUSIC_LISTARTIST,Momoi Haruko
ScoreData_en,SONG_1590_MUSIC_LYRICS,Kuwashima Yoshikazu
ScoreData_en,SONG_1590_SCORE_LV1_EDITOR,ZENNIN
ScoreData_en,SONG_1590_SCORE_LV3_EDITOR,ZENNIN
ScoreData_en,SONG_1590_SCORE_LV4_EDITOR,ZENNIN
ScoreData_en,SONG_1590_SCORE_LV5_EDITOR,ZENNIN
ScoreData_en,SONG_1600_MUSIC,Go★Home!
ScoreData_en,SONG_1600_MUSIC_ARRAN,Kageie Jun
ScoreData_en,SONG_1600_MUSIC_ARTIST,Momoi Haruko (UNDER17)
ScoreData_en,SONG_1600_MUSIC_COMP,Kageie Jun
ScoreData_en,SONG_1600_MUSIC_LISTARTIST,Momoi Haruko (UNDER17)
ScoreData_en,SONG_1600_MUSIC_LYRICS,Kuwashima Yoshikazu
ScoreData_en,SONG_1600_SCORE_LV1_EDITOR,aruka
ScoreData_en,SONG_1600_SCORE_LV3_EDITOR,aruka
ScoreData_en,SONG_1600_SCORE_LV4_EDITOR,aruka
ScoreData_en,SONG_1600_SCORE_LV5_EDITOR,aruka
ScoreData_en,SONG_1610_MUSIC,Koi no Recipe
ScoreData_en,SONG_1610_MUSIC_ARRAN,RAM RIDER
ScoreData_en,SONG_1610_MUSIC_ARTIST,Momoi Haruko
ScoreData_en,SONG_1610_MUSIC_COMP,Momoi Haruko
ScoreData_en,SONG_1610_MUSIC_LISTARTIST,Momoi Haruko
ScoreData_en,SONG_1610_MUSIC_LYRICS,Momoi Haruko
ScoreData_en,SONG_1610_SCORE_LV1_EDITOR,mq
ScoreData_en,SONG_1610_SCORE_LV3_EDITOR,mq
ScoreData_en,SONG_1610_SCORE_LV4_EDITOR,mq
ScoreData_en,SONG_1610_SCORE_LV5_EDITOR,mq
ScoreData_en,SONG_9910_MUSIC,Observing Glitch “YUN-YUN”
ScoreData_en,SONG_9910_MUSIC_ARRAN,Laur
ScoreData_en,SONG_9910_MUSIC_ARTIST,Laur
ScoreData_en,SONG_9910_MUSIC_COMP,Laur
ScoreData_en,SONG_9910_MUSIC_LISTARTIST,Laur
ScoreData_en,SONG_9910_MUSIC_LYRICS,─
ScoreData_en,SONG_9910_SCORE_LV1_EDITOR,ZENNIN
ScoreData_en,SONG_9910_SCORE_LV3_EDITOR,ZENNIN
ScoreData_en,SONG_9910_SCORE_LV4_EDITOR,ZENNIN
ScoreData_en,SONG_9910_SCORE_LV5_EDITOR,ZENNIN
ScoreData_en,SONG_9920_MUSIC,Desktop Society
ScoreData_en,SONG_9920_MUSIC_ARRAN,t+pazolite
ScoreData_en,SONG_9920_MUSIC_ARTIST,t+pazolite
ScoreData_en,SONG_9920_MUSIC_COMP,t+pazolite
ScoreData_en,SONG_9920_MUSIC_LISTARTIST,t+pazolite
ScoreData_en,SONG_9920_MUSIC_LYRICS,─
ScoreData_en,SONG_9920_SCORE_LV1_EDITOR,Himitsu
ScoreData_en,SONG_9920_SCORE_LV3_EDITOR,Himitsu
ScoreData_en,SONG_9920_SCORE_LV4_EDITOR,Himitsu
ScoreData_en,SONG_9920_SCORE_LV5_EDITOR,Himitsu
ScoreData_en,SONG_9930_MUSIC,Glittering Trap
ScoreData_en,SONG_9930_MUSIC_ARRAN,DJ Genki
ScoreData_en,SONG_9930_MUSIC_ARTIST,DJ Genki
ScoreData_en,SONG_9930_MUSIC_COMP,DJ Genki
ScoreData_en,SONG_9930_MUSIC_LISTARTIST,DJ Genki
ScoreData_en,SONG_9930_MUSIC_LYRICS,─
ScoreData_en,SONG_9930_SCORE_LV1_EDITOR,Luxance
ScoreData_en,SONG_9930_SCORE_LV3_EDITOR,Luxance
ScoreData_en,SONG_9930_SCORE_LV4_EDITOR,Luxance
ScoreData_en,SONG_9930_SCORE_LV5_EDITOR,Luxance
ScoreData_en,SONG_9940_MUSIC,KAKUSEI☆SYNDROME
ScoreData_en,SONG_9940_MUSIC_ARRAN,Getty
ScoreData_en,SONG_9940_MUSIC_ARTIST,Getty
ScoreData_en,SONG_9940_MUSIC_COMP,Getty
ScoreData_en,SONG_9940_MUSIC_LISTARTIST,Getty
ScoreData_en,SONG_9940_MUSIC_LYRICS,─
ScoreData_en,SONG_9940_SCORE_LV1_EDITOR,mq
ScoreData_en,SONG_9940_SCORE_LV3_EDITOR,mq
ScoreData_en,SONG_9940_SCORE_LV4_EDITOR,mq
ScoreData_en,SONG_9940_SCORE_LV5_EDITOR,mq
ScoreData_en,SONG_9950_MUSIC,Thanks for playing
ScoreData_en,SONG_9950_MUSIC_ARRAN,REDALiCE
ScoreData_en,SONG_9950_MUSIC_ARTIST,REDALiCE
ScoreData_en,SONG_9950_MUSIC_COMP,REDALiCE
ScoreData_en,SONG_9950_MUSIC_LISTARTIST,REDALiCE
ScoreData_en,SONG_9950_MUSIC_LYRICS,─
ScoreData_en,SONG_9950_SCORE_LV1_EDITOR,aruka
ScoreData_en,SONG_9950_SCORE_LV3_EDITOR,aruka
ScoreData_en,SONG_9950_SCORE_LV4_EDITOR,aruka
ScoreData_en,SONG_9950_SCORE_LV5_EDITOR,aruka
ScoreData_en,SONG_9960_MUSIC,EXC3PT!ON_H4NDL1NG
ScoreData_en,SONG_9960_MUSIC_ARRAN,DJ Noriken
ScoreData_en,SONG_9960_MUSIC_ARTIST,DJ Noriken
ScoreData_en,SONG_9960_MUSIC_COMP,DJ Noriken
ScoreData_en,SONG_9960_MUSIC_LISTARTIST,DJ Noriken
ScoreData_en,SONG_9960_MUSIC_LYRICS,─
ScoreData_en,SONG_9960_SCORE_LV1_EDITOR,EmoCosine
ScoreData_en,SONG_9960_SCORE_LV3_EDITOR,EmoCosine
ScoreData_en,SONG_9960_SCORE_LV4_EDITOR,EmoCosine
ScoreData_en,SONG_9960_SCORE_LV5_EDITOR,EmoCosine
Text_en,AddDenpa/MESSAGE_002,Excitement transmitted!!
Text_en,AddDenpa/MESSAGE_003,Receiving denpa is such a treat!
Text_en,Diary/MESSAGE_001,...Is that how it was?
Text_en,Bgm/BGM_001_0020,Observing Glitch “YUN-YUN” -Shape-
Text_en,Bgm/BGM_001_0030,Observing Glitch “YUN-YUN” -Entity-
Text_en,Bgm/BGM_002,Desktop Society
Text_en,Bgm/BGM_003,Glittering Trap
Text_en,Bgm/BGM_004,3NCRYP7ED_H4Z3
Text_en,Bgm/BGM_005,Collapsed Ordinary
Text_en,Bgm/BGM_006,KAKUSEI☆SYNDROME
Text_en,Bgm/BGM_007,Thanks for playing
Text_en,Bgm/BGM_008,EXC3PT!ON_H4NDL1NG
Text_en,Bgm/BGM_009,NOISYVERSE
Text_en,Bgm/BGM_010,EMERGENCY
Text_en,Bgm/BGM_011,Disconnected
Text_en,Bgm/BGM_012,Wail
Text_en,Bgm/BGM_013,P1XEL_HE4RT_MEM0RY_DVMP
Text_en,Bgm/BGM_014,My Heart
Text_en,Bgm/BGM_015,Hollow
Text_en,Bgm/BGM_016,MADDDD
Text_en,Bgm/BGM_017,Solace
Text_en,Bgm/BGM_018,A Pause in Passing
Text_en,UIRanking/MusicTitle,SONG
Text_en,HUD/Shortcut/Item,Items
Text_en,Common/Card/YunYun,YUNYUN
Text_en,UITitle/YunYun/Title_000_000/other,"> Yunyun
......"
Text_en,Common/Card/Charisma,CHARISMA
Text_en,Common/Chara/QChan,Q-chan
Text_en,Common/Chara/YunYun,Yunyun
Text_en,Common/Param/CharismaParam,CHARISMA
Text_en,Common/Param/DokiDoki,DOKIDOKI
Text_en,Common/Param/Level1,NORMAL
Text_en,Common/Param/Level3,PULSING
Text_en,UIRanking/Title,【MONTHLY RANKINGS】
Text_en,Common/Param/Level5,DEGENERATE
Text_en,Common/Param/YunYun,YUNYUN
Text_en,Common/Trophy/TrophyFirstClear,1ST CLEAR
Text_en,Common/Trophy/TrophyFullCombo,FULL COMBO
Text_en,Common/Trophy/TrophyRankA,RANK A+
Text_en,Common/Trophy/TrophyRate95,RATE 95%+
Text_en,UISetting/System/Framerate/30FPS,30FPS
Text_en,UIDebugMenu/Title,【Debug Menu】
Text_en,DenpaSelect/DLC_Buy,Store
Text_en,DenpaSelect/DLC_Notpurchased,Unavailable
Text_en,HUD/Keyboad/type2_2/title,"Amazing Keyboard
Extreme Mod Ver."
Text_en,Diary/Diary_002,"×××4, Sept 9
I still haven't seen Papa this year.
Once I'm in middle school I bet I'll see him even less.

“You have a little sister now, Kurumi.”
He told me.

Even though he said that he'd always be MY Papa.
Liar.

Mama is all I have.
Only Mama is mine and mine alone."
Text_en,Diary/Diary_002_TITLE,XXX4_0909.txt
Text_en,Diary/Diary_003,"×××5, Jan 6
Me and Mama are moving.

I guess Papa's gonna be sending us less money.
Mama got mad and broke my mug.

Looks like I'll be transferring to a public school near our new place too.

My friends in class—Yuuri-chan and Rei-chan won't be going to the same middle school as me either now.
"
Text_en,Diary/Diary_003_TITLE,XXX5_0106.txt
Text_en,Diary/Diary_004,"×××5, April 21
It wasn't just the grade school; the middle school in this town is also eating away at my heart.

I'm so scared.

But I have to do my best.
I don't want to make Mama worry even more.

She's always out so late working, after all."
Text_en,Diary/Diary_004_TITLE,XXX5_0421.txt
Text_en,Diary/Diary_005,"×××5, Mar 3
“Papa never loved you either.”
Mama told me that.

She's right.

If he'd actually loved me, he never would've abandoned me, never would've divorced Mama.
The child-support payment cuts too, all of it.

Mama. Papa.

I'm sorry I'm so unlovable.
I'm sorry I couldn't be your cute little girl.

I'm sorry for being me."
Text_en,Diary/Diary_005_TITLE,XXX5_0303.txt
Text_en,Diary/Diary_006,"×××5, Sept 1
I can't stand to leave the house anymore.
Even if I don't show up at school, it's not like anyone's going to care.

Why am I like this?

Can't I just be “normal?”
Whatever it takes to escape the sadness.
I don't care if happiness is too much to ask for.

Why...? Everyone else gets that...
Why am I the only one who has to be like this?

All I want is to not be sad anymore.
All I want is to not be so miserable.

Please, please just stop hurting me."
Text_en,Diary/Diary_006_TITLE,XXX5_0901.txt
Text_en,Diary/Diary_007,"×××7 Aug 15
Mama's been staying out all night more often recently.

I hate her friend.

Mama... At least Mama was supposed to be mine and mine alone.
So why does she spend time with a creep like him...?"
Text_en,Diary/Diary_007_TITLE,XXX7_0715.txt
Text_en,Diary/Diary_008,"×××7 Sept 9
I've been alone all night, even though it's my birthday.
It hurts so much I can't even sleep.

Papa was one thing, but what if Mama doesn't love me either anymore?
What if not even my parents think I'm worth anything?
What if they've forgotten about me?

What am I, even?
Why was I even born?

I never asked to feel this way.

If you weren't going to mean it.
If you were going to abandon me anyways.

I wish you'd never pretended to love me.

I'm not your pet.
Treating someone with love only while they're your little girl... it's just cruel."
Text_en,Diary/Diary_008_TITLE,XXX7_0909.txt
Text_en,Diary/Diary_009,"×××7, Dec 24
Christmas all alone.
(Not that I ever really cared about Christmas to begin with.)

Thanks to a character named “Yunyun” I've been feeling a little better.

―Rim de Lacent.

Seems like she's from an anime from at least 10 years ago.

She's so earnest it's infectious. The sun feels so blinding."
Text_en,Diary/Diary_009_TITLE,XXX7_1224.txt
Text_en,Diary/Diary_010,"×××8, March 27
I've had it. I don't want to go to school."
Text_en,Diary/Diary_010_TITLE,XXX8_0327.txt
Text_en,Diary/Diary_011,"×××3, April 13
And in the blink of an eye, I've turned 20.
Whenever Mama comes home, she always...

I mean, of course she would. She has ME as her daughter after all―as her ONLY daughter.

I wish I could forget all the bullshit...
If only, if only I could just think about Yunyun...

I don't care if reality can't bring me happiness.
Imagination. Delusion.

The happiness of a fictional world;
if only it would last even a second longer..."
Text_en,Diary/Diary_011_TITLE,XXX3_0413.txt
Text_en,Diary/Diary_012,"×××4, October 18
Stays inside all day.
Doesn't study at all.
Just spends her days running from reality.
Just being here, despite never accomplishing anything.

These are the things Mama says she “hates” about me.

I'm sorry I can't be a proper adult.
I'm sorry for being the mess I am.

I'm sorry I can't be cute, that I can't be your good girl.
I'm sorry. I'm sorry."
Text_en,Diary/Diary_012_TITLE,XXX4_1018.txt
Text_en,Diary/Diary_013,"×××4, Nov 29
I want to forget everything.
To spin everything away into shreds.

Reality, myself, all of it.
To forget all the pain.
To just stop thinking.
To escape.

―Rim de Lacent, just like that.

Yunyun... save me."
Text_en,Diary/Diary_013_TITLE,XXX4_1129.txt
Text_en,UITitle/YunYun/Title_010_001/01_02,"> Yunyun
...That's why Yunyun has to..."
Text_en,Picture/PicutureName001,Guest Illustration by Poyoyon♥Rock
Text_en,Diary/MESSAGE_002,...I'd really rather not think about the past...
Text_en,Diary/MESSAGE_003,"...As long as it's fun now we're all good, right?"
Text_en,PICTURE/MESSAGE_001,You're nothing short of a 5★!
Text_en,EPISODE/YUNYUN_001_Main_000_000,01: The First Signal
Text_en,EPISODE/YUNYUN_001_Main_000_010,01: Dokidoki Yunyun
Text_en,EPISODE/YUNYUN_001_Main_000_020,01: Rim de Lacent!
Text_en,EPISODE/YUNYUN_001_Main_000_030,01: Let's Explore!
Text_en,EPISODE/YUNYUN_001_Main_000_040,01: Mama's Here Mode!
Text_en,EPISODE/YUNYUN_001_Main_000_041,01: Mama Avoided!
Text_en,EPISODE/YUNYUN_001_Main_000_042,01: Mama Caught You!
Text_en,EPISODE/YUNYUN_001_Main_000_050,01: Energy Charge!
Text_en,EPISODE/YUNYUN_002_Main_000_000,01: Posting Yun!
Text_en,EPISODE/YUNYUN_002_Main_000_010,01: Viral Conspiracy!
Text_en,EPISODE/YUNYUN_002_Main_000_020,01: The Miracle of Love!
Text_en,EPISODE/YUNYUN_002_Main_000_030,01: Yunyun Shitpost Revolution!
Text_en,EPISODE/YUNYUN_002_Main_000_040,01: Yunyun Denpa Antennas!
Text_en,EPISODE/YUNYUN_003_Main_000_000,01: The Love from Your Fans Is Without Equal!
Text_en,EPISODE/YUNYUN_003_Main_000_010,01: A New Obstacle Appears!
Text_en,EPISODE/YUNYUN_003_Main_000_020,01: Introducing P-chan!
Text_en,EPISODE/YUNYUN_003_Main_000_030,01: Fact Check!
Text_en,EPISODE/YUNYUN_003_Main_000_040,01: Not Your Personal Info!
Text_en,EPISODE/YUNYUN_003_Main_000_050,01: Denpa-tic Delusional Beauty Q!
Text_en,EPISODE/YUNYUN_003_Main_000_060,01: P-chan's Toxic Denpa!
Text_en,EPISODE/YUNYUN_003_Main_000_070,01: A Somber Affair
Text_en,EPISODE/YUNYUN_003_Main_000_080,01: The Goal Still Lies Ahead
Text_en,EPISODE/YUNYUN_003_Main_000_090,"01: Rest Well, Kurusu-chan"
Text_en,EPISODE/YUNYUN_005_Main_000_000,02: The First Signal?
Text_en,EPISODE/YUNYUN_005_Main_000_010,02: The First Signal?
Text_en,Tutorial/FirstScoreList,Need a rhythm game tutorial?
Text_en,EPISODE/YUNYUN_005_Main_000_055,03: Yunyun Denpa Syndrome
Text_en,EPISODE/YUNYUN_005_Main_000_060,"03: Whatever Happens, Happens"
Text_en,EPISODE/YUNYUN_007_Main_000_010,××: The First Signal??
Text_en,EPISODE/YUNYUN_007_Main_000_020,××: The First Signal??
Text_en,Story/YUNYUN_999_ED_010_000/InterruptMessage,She's sprouting mushrooms!
Text_en,EXIT/MESSAGE_002,Is your heart racing yet?
Text_en,EXIT/MESSAGE_003,Thanks for accepting my transmissions!
Text_en,EXIT/MESSAGE_004,Let's Yunyun more soon!
Text_en,UIInGame/Result/RankStar0,0☆☆☆☆☆
Text_en,Ending/2,Goodnight Yunyun
Text_en,Ending/11,There is no next time
Text_en,Ending/12,Utter chaos
Text_en,Ending/13,All will become Yun
Text_en,Ending/14,GDLK
Text_en,Ending/15,Ascension
Text_en,Ending/16,Have you ever seen “death by anger” outside of Three Kingdoms?
Text_en,Ending/17,Rim de Lacent
Text_en,Ending/18,Hikikomori + √ Nekomimi = 0
Text_en,Ending/19,How do I get rid of you (dolphin)?
Text_en,Ending/20,World line shift
Text_en,Ending/3,Q.E.D.
Text_en,Ending/21,Sayonara...
Text_en,Ending/22,Anti-Family Project
Text_en,Ending/23,Q in a vat
Text_en,Ending/24,Beware the fourth-dimensional speed
Text_en,Ending/25,"Whether heaven or hell, death is still death"
Text_en,Ending/26,"Miracles, magic; even they have their limits"
Text_en,Ending/27,Not even bankruptcy will save you from taxes
Text_en,Ending/28,Hikikomori of the Dead
Text_en,Ending/29,Don't press the suspicious button!
Text_en,Ending/30,From the new world
Text_en,Ending/4,Q Clearly Paranoid
Text_en,Ending/31,Do androids dream of hikikomori beauties?
Text_en,Ending/32,Exchange of darkness and light
Text_en,Ending/33,Dead or Alive: Human Dynamo
Text_en,Ending/34,They say your personality shows on your face
Text_en,Ending/35,GYAA! I'M GONNA MURDER MYSELF!
Text_en,Ending/36,Hou-Ren-Sou
Text_en,Ending/37,Denpa-tic Delusional Beauty Q
Text_en,Ending/38,The dead Internet
Text_en,Ending/39,ERROR. GAME. RESET.
Text_en,UIInGameResult/SelectConspiracyTheoryVoice1,The hikikomori otaku commands thee!
Text_en,Ending/5,"Whatever Happens, Happens"
Text_en,Ending/6,Engage Link
Text_en,Ending/7,YUN DIE
Text_en,Ending/8,Don't you dare leave me alone! ...Yun
Text_en,Ending/9,Get yourself to bed!
Text_en,Ending/10,Yun are an idiot
Text_en,Ending/Category/IfEnd,IF END
Text_en,Ending/Category/TrueEnd,TRUE END
Text_en,Event/Post/YUNYUN_005_Main_000_030/RP,"800,813"
Text_en,Ending/Category/BadEnd,BAD END
Text_en,Event/MiniTalk/YUNYUN_005_Main_000_059_0-2,...The world is Yunyunyuning with Denpa...
Text_en,Event/MiniTalk/YUNYUN_005_Main_000_057_1,"Yunyun, you noticed that too, huh?"
Text_en,Event/MiniTalk/YUNYUN_005_Main_000_057_2,"...Yunyun is part of you, after all..."
Text_en,Event/MiniTalk/YUNYUN_005_Main_000_057_3,"It's nice being able to experience the same world together, huh?"
Text_en,Event/MiniTalk/YUNYUN_005_Main_000_058_0,...It's such a mess...
Text_en,Event/MiniTalk/YUNYUN_005_Main_000_058_1,"Even if it's messy, it feels good having a world marked by our connection together."
Text_en,Event/MiniTalk/YUNYUN_005_Main_000_059_0,...The world's been entirely Yunyunyunned with denpa...
Text_en,Event/MiniTalk/YUNYUN_005_Main_000_059_1,"Ahaha. It's kinda like, “this world is cleansed,”
you know?"
Text_en,Event/MiniTalk/YUNYUN_005_Main_000_059_1-2,"Ahaha. It's kinda like, “this world is cleansed,”
you know?"
Text_en,UITutorial/TutorialEnergyDrink2/Page1/Title,■Energy Drink
Text_en,Event/ThanksForPlaying,Thanks for playing!
Text_en,Event/Profile/Base/PchanName,P-chan
Text_en,Event/News/Base/Tab2,××
Text_en,Event/News/Base/Mention,××
Text_en,Event/News/Base/hedder2,××
Text_en,Event/News/Base/hedder3,××
Text_en,Event/News/Base/Tab1,Main
Text_en,Event/Post/YUNYUN_003_Main_000_070-2/Account,Anonymous
Text_en,Event/News/YUNYUN_003_Main_000_070-1/Headline,"Riots at Tokyo Government Offices Spark Worldwide Anti-
Censorship Protests, with Reports of Both Injuries and Fatalities"
Text_en,Event/News/YUNYUN_003_Main_000_070-1/Text1,"<size=20>Following riots that took place at Tokyo government offices, protests against restrictions on freedom of expression have spread across the nation. Clashes with local security forces have resulted in injuries, with reports of potential fatalities amidst the chaos.

The movement appears to have been triggered by a post made to social media by known conspiracy theorist “P-chan.”

We have received reports that within the government, deliberations are being held to decide if the “P Denpa Antenna” and “Q Denpa Antenna” communities should be officially designated as engaging in cult-like behaviors and therefore subject to relevant regulation.
 </size>"
Text_en,Event/Post/YUNYUN_005_Main_000_050-1/Reply,3693
Text_en,Event/News/YUNYUN_005_Main_000_040/Headline,"Nine Month Silence Broken!
Q Denpa Antennas Rejoice!"
Text_en,Event/News/YUNYUN_005_Main_000_040/Text1,"<size=20>Today, following nine months of silence, the “Q-chan” account has submitted a new shitpost. The account's revival has sparked excitement amongst Q Denpa Antennas across the internet.

The post is similar to previous submissions; a lengthy and winding shitpost told in her unique style, prompting responses such as, “only Q-chan can shitpost like this,” which appears to be a sentiment shared by many.

Furthermore, P-chan's shitposts during this period have failed to capture the dynamism of her early days, reinvigorating the debate over whether or not she has always been a Q-chan copycat account.
 </size>"
Text_en,Event/Post/YUNYUN_005_Main_000_060-2/Reply,66666
Text_en,Event/News/YUNYUN_005_Main_000_060-10/Headline,"Beware Garden-Expanding “Yunyun Denpa Syndrome?”
Denpa Allergy Attack"
Text_en,Event/News/YUNYUN_005_Main_000_060-10/Text1,"<size=20>The “Yunyun Denpa Syndrome” front continues to expand.
Across all regions, its flowers appear to bloom, and bloom, until bloomed.
Are Q-chan memes a human right?
Will “Q-chanism” become the dominant world religion?
Will international conflicts all be resolved through games?
Are screaming beavers living below the surface striking to make Monday a holiday?
Will Agent Inco be released by the deep state?
 </size>"
Text_en,Event/Post/YUNYUN_005_Main_000_060-4/Account,Anonymous
Text_en,Event/News/YUNYUN_005_Main_000_060-3/Headline,"P-chan Breaks Down From “Yunyun Denpa Syndrome!”
Account豸域ｻ�Following Final Error繝｡ssage"
Text_en,Event/News/YUNYUN_005_Main_000_060-3/Text1,"<size=20>P-chan's account disappeared following the error message post.
This suggests an approximate %% probability that P-chan was AI.

According to Q watchers, this breakdown is an instance of what is referred to as “Yunyun Denpa Syndrome.”
“The P-chan files” as leaked in her post purport to identify by name members of the “deep state.”
Implicated individuals are facing consequences forim de Lacent. Rim de Lacent. Rim de Lacent. Yunyun's denpa are filling the world.
 </size>"
Text_en,Event/News/YUNYUN_008_ConspiracyTheory_002_4/ThumbnailsText,Dimensional Boundary Destabilizing
Text_en,Event/News/YUNYUN_008_ConspiracyTheory_001_3/Headline,"Yunyun Shitpost Explosion?
Flood of Q Denpa Antennas Claiming Interaction With Yunyun"
Text_en,Event/News/YUNYUN_008_ConspiracyTheory_001_3/Text1,"<size=20>Early this morning, a surge of posts on social media were made by people claiming to have been in communication with the fictional character “Yunyun.” Online, the people making such claims are known as “Q Denpa Antennas,” a group which attempts to decipher conspiracy theories embedded in Q-chan's shitposts.

The accounts claiming to be able to communicate with “Yunyun” appear to be increasingly submitting Yunyun shitposts resembling those made by Q-chan, leading to an abnormally high volume of posts containing “Yunyun” appearing across social media.
</size>"
Text_en,Event/News/YUNYUN_008_ConspiracyTheory_003_3/ThumbnailsText,Nekomimi Mode
Text_en,Event/News/YUNYUN_008_ConspiracyTheory_002_4/Headline,"World-Ending Dimensional Collapse?
Emergent Information Flows to Another Dimension to Blame?"
Text_en,Event/News/YUNYUN_008_ConspiracyTheory_002_4/Text1,"<size=20>Early this morning, the team behind the project involving collaboration between the National Institute of Information Theory and a civilian data analytics firm announced the observation of destabilization along the dimensional boundary. Allegedly, a massive outflow of emergent information into a neighboring dimension is exceeding the boundary's information capacity limit, causing its topological structure to destabilize. The information emissions observed are believed to relate primarily to “Q-chan” and “Yunyun.”
According to the observation center, the boundary is continuing to deteriorate and localized “information emission events” have been detected and confirmed.
This can feasibly be interpreted as a sign of dimensional collapse, with many scientists declaring that the end of the world may be upon us.
</size>"
Text_en,Event/Post/YUNYUN_008_ConspiracyTheory_004_1/Reply,××××
Text_en,Event/News/YUNYUN_008_ConspiracyTheory_003_3/Headline,"Neko-Virus Pandemic?
Cat Meme Consumers Turn Into Cats!"
Text_en,Event/News/YUNYUN_008_ConspiracyTheory_003_3/Text1,"<size=20>Reports are emerging from around the world that consumers of cat memes are themselves being transformed into cats.
Beginning with a broadcast entitled “Live Catification,” initially labeled as a hoax, the trend spread rapidly as users across the internet started to post similar content. At the time of writing, the phenomenon appears to have spread worldwide.
According to reporting, cat transformation begins with the emergence of cat ears, along with other small forms of animalization. Following this, affected persons' speech and behavior will start to change, such as by inadvertently appending “nya” to the end of sentences.
Text-based posts also appear affected, with examples where the writer will inexplicably start adding “nya” throughout their work, which researchers suggest is a further symptom of catificationya.
</size>"
Text_en,Event/Post/YUNYUN_008_ConspiracyTheory_004_3-4-2/Reply,××××
Text_en,Event/News/YUNYUN_008_ConspiracyTheory_004_3-4-1/Headline,"2112/09/03
Time-Traveling Q-chan Fan “{SteamName}” Appears!"
Text_en,Event/News/YUNYUN_008_ConspiracyTheory_004_3-4-1/Text1,"<size=20>Early this morning, a social media company reported that its internal monitoring system detected a suspicious access request which used the identifier of an undocumented cipher suite.
Furthermore, the request was attached to an inexplicable timestamp and investigation has begun into the matter according to company officials.
The username given by the unauthorized infiltrator is reported to have been “{SteamName}.” All logs appear to be intact, and no traces of tampering or erroneous display have been identified.
On social media, a self-described “Q Denpa Antenna” and Q-chan fan with the same account name is claiming responsibility for the the unauthorized access request.
</size>"
Text_en,Event/News/YUNYUN_008_ConspiracyTheory_004_3-4-1/ThumbnailsText,Growing Appreciation for Time Machines
Text_en,Event/News/YUNYUN_008_ConspiracyTheory_004_3-4/Headline,"Subterraneans Emerge From the Himalayas!
The Seven Days of Fire Consume the World"
Text_en,Event/News/YUNYUN_008_ConspiracyTheory_004_3-4/Text1,"<size=20>Cities across the globe are being set ablaze by invading “subterraneans (aka 'dirt dolphins')” who have emerged from caves across the Himalayan mountain range.

Militaries the world over are attempting to intervene, but conventional weaponry appears to have no effect. At the time of writing, governing functions have ceased across a multitude of countries in combination with intermittent communication blackouts.
On the other hand, no casualties resulting from the ongoing situation have been reported.
Surveillance footage recorded across various locations has yet to capture any dirt dolphins inflicting direct physical harm upon humans.
</size>"
Text_en,Event/Post/YUNYUN_008_ConspiracyTheory_006_3-2/Reply,××××
Text_en,Event/News/YUNYUN_008_ConspiracyTheory_006_3-1/Headline,"Humanity's Shadowy Overlords: Reptilians
Commitment to Permanent Equality Treaty Announced"
Text_en,Event/News/YUNYUN_008_ConspiracyTheory_006_3-1/Text1,"<size=20>Governments around the world today are formally recognizing the existence of “Reptilians,” which prior to this point had been dismissed as a conspiracy theory. Announced in a joint declaration between human and Reptilian leaders, we now know that Reptilians have since ancient times operated in the underbelly of society to influence humanity. However, going forward they intend to back away from this policy of domination, with plans to establish a “permanent equality treaty” between our species.
A Reptilian spokesperson has explained their change in policy, announcing via video that, “our understanding of emotions has advanced through the study of human culture.” It has been suggested that the specific genre of “nakige (crying games)” may have had an outsized effect on their values.
</size>"
Text_en,Event/News/YUNYUN_008_ConspiracyTheory_007_3-2/ThumbnailsText,"Yunyun, the Symbol"
Text_en,Event/News/YUNYUN_008_ConspiracyTheory_007_3-1/Headline,"Governments Around the World Ban Romance Media;
Implicitly Confirm Satanist Conspiracy Theory"
Text_en,Event/News/YUNYUN_008_ConspiracyTheory_007_3-1/Text1,"<size=20>A joint statement was issued today from governments around the world announcing the complete suspension of distribution for all media “containing romantic themes.” Although it was not directly referenced in the statement, the conspiracy theory that “Satanists are using the romance genre to reduce worker productivity” has previously been confirmed credible by a government-backed investigation into the matter.

The scope of these new restrictions is broad, including comics, novels, games, animation, and any other creative works containing romance content. Furthermore, it is expected that all works featuring “bishoujo” characters are likely to face restrictions irrespective of their romantic content.
 </size>"
Text_en,Event/News/YUNYUN_008_ConspiracyTheory_008_3/ThumbnailsText,Us in Base Reality
Text_en,Event/News/YUNYUN_008_ConspiracyTheory_007_3-2/Headline,"Shitpost Proliferation Ends Pro-censorship Movement
Satanists Conquer the World"
Text_en,Event/News/YUNYUN_008_ConspiracyTheory_007_3-2/Text1,"<size=20>Intelligence agencies from around the world are issuing a joint report asserting that the influence of pro-censorship figures in Japanese politics has been virtually extinguished. This is likely a result of the massive volume of shitposts and conspiracy theories that have been circulating online in recent weeks.
As a further consequence of this movement, the Satanists responsible for pushing romance media and related networks are rapidly gaining traction. As of writing, many cultural policy departments and information distribution channels have come under their control.
One policy already announced by the new regime proposes “the abolishment of the family system.”
 </size>"
Text_en,Event/News/YUNYUN_008_ConspiracyTheory_009_3/ThumbnailsText,Swishhh and Flick
Text_en,Event/News/YUNYUN_008_ConspiracyTheory_008_3/Headline,"Bot Confessions in Vogue? Humans Don't Exist?
Obviously, This Writer Is Also a Bot"
Text_en,Event/News/YUNYUN_008_ConspiracyTheory_008_3/Text1,"<size=20>Posts claiming “I am a bot” have been increasingly appearing across social media as part of a new internet meme. Users declaring that they are bots are commonly met with responses such as “me too” or “I am also a bot,” leading to chain-reactions of confessions in their comment sections. Of course, the author of this news article is also a bot.
Discussions asking questions like “do humans actually exist?” or “isn't the internet mostly just bots?” have emerged as a result and show no signs of abating anytime soon.
By contrast, the view that “Q-chan is a human” appears to be shared unanimously across the bot community.
 </size>"
Text_en,Event/Post/YUNYUN_008_ConspiracyTheory_010_1/Account,Anonymous
Text_en,Event/News/YUNYUN_008_ConspiracyTheory_009_3/Headline,“Our World Exists inside a Game; Exceeding the Fourth-Dimensional Speed Will Reveal Another World”
Text_en,Event/News/YUNYUN_008_ConspiracyTheory_009_3/Text1,"<size=20>A bizarre theory has been percolating across the Q Denpa Antenna community suggesting that by traveling at the “fourth-dimensional speed” to crash into the world's boundary, it may be possible to break through the fourth wall.

According to the theory, this world exists within a game and regular movements within three-dimensional space do not have the potential to travel past its boundaries.
However, if movement at the so-called “fourth-dimensional speed”
is achieved, it may be possible to crash through the boundary (the “window”) and observe whatever lies beyond.
 </size>"
Text_en,Event/Post/YUNYUN_008_ConspiracyTheory_013_3-2/Reply,××××
Text_en,Event/News/YUNYUN_008_ConspiracyTheory_010_3-2/Headline,"Is There Anything Money Can't Buy?
Holy Site Erected Surrounding Q-chan's Residence"
Text_en,Event/News/YUNYUN_008_ConspiracyTheory_010_3-2/Text1,"<size=20>Members of the new religious movement, “Q-chanism,” have completed purchase of all land surrounding the great prophet's home in a five kilometer radius.
Having secured the necessary approval from residents and local government, the area is now officially designated as a protected holy site of Q-chanism.
These acquisitions were made at prices reaching up to 10,000 times the market value, demonstrating the economic power of this religious organization's 500 million followers.
Furthermore, to protect the sanctity of our sacred and infallible prophet Q-chan, further investigation into these matters of any sort is strictly forbidden.
 </size>"
Text_en,Event/Post/YUNYUN_008_ConspiracyTheory_011_3-1/Account,Anonymous
Text_en,Event/News/YUNYUN_008_ConspiracyTheory_010_3/Headline,"Adherents Surpass 500 Million
Is Q-chanism Now the Fourth Largest Religion?"
Text_en,Event/News/YUNYUN_008_ConspiracyTheory_010_3/Text1,"<size=20>The growth of “Q-chanism,” a new religious sect with a believer count now surpassing the 500 million mark has become a hot topic on social media and within religious study communities. According to several unofficial estimates, it is possible that it now ranks as the world's fourth largest religion.
Furthermore, in commemoration of its recognition as the official state religion in a number of countries, adherents have taken to the practice of reciting a prayer of “Rim de Lacent” 10,000 times a day. Additionally, believers have been making progress in their plan to purchase the land surrounding their prophet, Q-chan's residence to cordon the area off as a protected religious site.
 </size>"
Text_en,Event/News/YUNYUN_008_ConspiracyTheory_012_3-2/ThumbnailsText,PixiQ's New Logo
Text_en,Event/News/YUNYUN_008_ConspiracyTheory_011_3-2/Headline,"Every School in the Country Explodes Simultaneously
National Curfew Instated; Miraculously, no Casualties Recorded"
Text_en,Event/News/YUNYUN_008_ConspiracyTheory_011_3-2/Text1,"<size=20>Early this morning, simultaneous explosions occurred in educational facilities across the country.
According to public authorities, all facilities detonated at precisely the same time. The cause is under ongoing investigation.

As of yet, no casualties have been reported at any institution. Experts have weighed in with statements declaring that “it is truly miraculous for so many facilities to have been destroyed without causing a single injury.”

With all educational facilities rendered inoperational, serious concerns have risen about the impact on the educational system moving forward.
 </size>"
Text_en,Event/News/YUNYUN_008_ConspiracyTheory_014_3/Text,//Debug Function: Ctrl+Enter
Text_en,Event/News/YUNYUN_008_ConspiracyTheory_012_3-2/Headline,Q Denpa Antennas Complete Hostile Takeover of PixiQ
Text_en,Event/News/YUNYUN_008_ConspiracyTheory_012_3-2/Text1,"<size=20>Early this morning, news that image-hosting website “PixiQ” has been acquired by a group calling themselves the Q Denpa Antennas via a hostile takeover. According to reliable sources, it appears that a collection of major investors coordinated to quickly acquire a majority stake in the company.
In a statement released following the takeover, it was announced that as part of an investigation into conspiracy theories, they will be experimenting with methods of pushing “Yunyun” up the genre ranking.
The stated goal is to utilize the ranking system and algorithm to examine how genre popularity develops.
 </size>"
Text_en,HUD/DialyDropMessage,"Wawa!
Yunyun dropped something!"
Text_en,Event/News/YUNYUN_008_ConspiracyTheory_013_3/Headline,"Don't Stop the Clicks!
Controversial Influencers Worldwide Transformed into Zombies"
Text_en,Event/News/YUNYUN_008_ConspiracyTheory_013_3/Text1,"<size=20>Reports are coming in from across the world of controversial online influencers suddenly turning into zombies. Affected individuals appear to lack signs of consciousness, wandering around aimlessly and attempting to bite other people like the term “zombie” suggests.
According to multiple sources, individuals bitten in this way also start to exhibit the same symptoms, confirming that the condition is able to spread through infection. Zombie panic has already broken out across many municipalities as people flee from homes and business districts in seek of refuge.

Experts have weighed in with the insight that “the behaviors exhibited by infected individuals are remarkably similar to those portrayed in traditional zombie movies.”
</size>"
Text_en,Event/Post/YUNYUN_008_ConspiracyTheory_014_3/Account,//About Debug Functions
Text_en,Event/News/YUNYUN_008_ConspiracyTheory_017_3/ThumbnailsText,I'll be back?
Text_en,Event/News/YUNYUN_008_ConspiracyTheory_015_3/Headline,"Compulsory Education Extended through High School
Movement to Remote Learning Underway."
Text_en,Event/News/YUNYUN_008_ConspiracyTheory_015_3/Text1,"<size=20>In response to brewing suspicions of misconduct across school boards, a comprehensive review of the education system is underway. According to relevant authorities, the entire structure of the regionally administered education system is under review with the goal of implementing a robust, national model.
The new model proposes extending compulsory education through all of high school. The vast majority of classwork will be completed remotely using a new system being designed to facilitate online learning.
Furthermore, classes grouping students by region and grade are planned to be deprecated and replaced by a system prioritizing academic ability, learning styles, and personality traits.
</size>"
Text_en,Event/News/YUNYUN_008_ConspiracyTheory_018_3/ThumbnailsText,Agent Inco?
Text_en,Event/News/YUNYUN_008_ConspiracyTheory_017_3/Headline,"6G Rollouts Accompanied by Fires
It Is Making Androids Explode?"
Text_en,Event/News/YUNYUN_008_ConspiracyTheory_017_3/Text1,"<size=20>Small fires of mysterious origin have been breaking out in various locations with timing nearly coincident with rollouts of the new 6G communication standard. Investigations have concluded that this is most likely a result of humanoid androids that have infiltrated human society.
According to relevant authorities, older android models may be unable to handle the increased processing requirements of the new telecommunications standard, causing overheating which eventually results in units catching fire or exploding.
Across the country people are now being forced to confront the possibility that those around them might actually be androids, creating chaos as people grapple with their inability to differentiate between humans and machines.
</size>"
Text_en,Event/News/YUNYUN_008_ConspiracyTheory_019_3/ThumbnailsText,Q-chan
Text_en,Event/News/YUNYUN_008_ConspiracyTheory_018_3/Headline,"All Government Affairs to Be Run by New “Y.I.N” AI
Experimental Trial Run Begins Today"
Text_en,Event/News/YUNYUN_008_ConspiracyTheory_018_3/Text1,"<size=20>The government has announced today that it is beginning trials of the new AI model “Y.I.N,” which will be entrusted with handling all aspects of national affairs. During this time-limited experiment, all administrative decisions, policy proposals, and other government matters will be handled by the AI.
This attempt to have an AI manage the entirety of government affairs is exceedingly unusual and is thus drawing significant interest from foreign governments and research institutions the world over. At the same time, the prospect of entrusting governing powers to a machine is raising the profile of potential concerns and ethical dilemmas.
Based on the results of the experiment, discussions will proceed to determine if AI governance should be allowed to continue or in other ways be integrated into the system.
</size>"
Text_en,Event/News/YUNYUN_008_ConspiracyTheory_020_3/ThumbnailsText,Personal VR Equipment
Text_en,Event/News/YUNYUN_008_ConspiracyTheory_019_3/Headline,"Moé Energy Conversion Soon a Reality
T University Professor Voices Desire to Collaborate with Q-chan"
Text_en,Event/News/YUNYUN_008_ConspiracyTheory_019_3/Text1,"<size=20>Research at T University into the “fundamental principles of emotion to energy conversion” is on the verge of rollout for practical applications. Furthermore, evidence suggests that the specific emotional response of “moé” is likely an outstandingly efficient candidate for conversion.
The professor leading the project has expressed a desire to “proceed forward in direct collaboration with Q-chan,” the professor himself identifying as a Q Denpa Antenna whose research has been bolstered through the increased awareness she has raised, leading to increased funding opportunities and a more vibrant network of collaborators.
The joint research offer is expected to include an option for exclusively online correspondence.
</size>"
Text_en,Event/News/YUNYUN_008_ConspiracyTheory_021_3/ThumbnailsText,Ojisan's Room
Text_en,Event/News/YUNYUN_008_ConspiracyTheory_020_3/Headline,Free Personal VR Equipment Targets Reintegration into Society
Text_en,Event/News/YUNYUN_008_ConspiracyTheory_020_3/Text1,"<size=20>Today the government announced a new policy intended to assist with the reintegration of disaffected persons into society, providing VR equipment to eligible individuals free of charge. Introducing a program called “VR game therapy,” the goal is to facilitate a grade-like system where patients engage in social and collaborative activities within virtual spaces on a path towards rehabilitation.
The program targets individuals who have spent extended periods withdrawn from society or who otherwise experience distress in social situations, utilizing VR game therapy to lessen the psychological strain while providing opportunities to practice communication skills.
However, concerns have also been raised that VR game therapy could potentially distort users’ sense of self or cause adverse or even dangerous personality-altering effects.
</size>"
Text_en,Event/News/YUNYUN_008_ConspiracyTheory_022_3/ThumbnailsText,"Rise Up, Yunyun!"
Text_en,Event/News/YUNYUN_008_ConspiracyTheory_021_3/Headline,"Interview with Man Who Traveled Across Dimensions
“I Was Transported After 10 Years of Being a Shut-In”"
Text_en,Event/News/YUNYUN_008_ConspiracyTheory_021_3/Text1,"<size=20>The internet is abuzz with conversation over an interview with the self-proclaimed “man who returned from another world.”

In this interview, he stated that, “after ten years spent as a hikikomori, I gained the ability to summon a wife from another world,” followed by how, “shortly afterwards I was chosen by a goddess and sent to that world,” and affirmed the conspiracy theory that, “living as a hikikomori is a way of tempering the soul that grants the ability to travel to other worlds.”

He further claimed that living a carefree life outdoors in the other world caused his hikikomori power to wane, eventually forcing him to return.
</size>"
Text_en,Event/News/YUNYUN_008_ConspiracyTheory_023_3/ThumbnailsText,Denpa-tic Delusional Beauty Q
Text_en,Event/News/YUNYUN_008_ConspiracyTheory_022_3/Headline,"Salarymen Break Free from the Mantra of Enslavement
The “UWAAHHHH! HEISHAAA!” Movement Rises"
Text_en,Event/News/YUNYUN_008_ConspiracyTheory_022_3/Text1,"<size=20>In a series of highly unusual events, business districts across the country are being ravaged by salarymen casually laying waste to their own workplaces.
Because of the way the men scream while assaulting the buildings, social media has taken to calling it the “UWAAHHHH! HEISHAAA!” movement.
Many municipalities are reporting damage to and total collapse of office buildings, but as of writing, no casualties have yet been confirmed.
As business centers in major metropolitan areas are reduced to rubble, severe disruptions are expected across commercial enterprises. Relevant authorities are moving quickly to respond to the rapidly evolving situation and ensure public safety.
</size>"
Text_en,Event/Post2/YUNYUN_008_ConspiracyTheory_024_3-1/Text,"Quit social media!

Escape slavery!

Return to humanity!"
Text_en,Event/News/YUNYUN_008_ConspiracyTheory_023_3/Headline,"The Hikikomori Girl Turning Delusions into Reality
Could It Be the Denpa-tic Delusional Beauty, Q-Chan?"
Text_en,Event/News/YUNYUN_008_ConspiracyTheory_023_3/Text1,"<size=20>A conspiracy theory is now spreading on social media claiming that “this world is the dream of a hikikomori girl and her delusions are turning into reality.” Furthermore, “Q-chan” is believed to be the particular girl in question.

Proponents argue that “if this world is indeed Q-chan's dream then that could explain the bizarre incidents related to her shitposts and the outsized influence of the Q Denpa Antenna community.”

Supporters of this theory continue to grow in number with a conspicuous absence of counterarguments being put forward. The unusual spread of the theory itself might be seen as a point of evidence in its own favor.
</size>"
Text_en,Event/Post2/YUNYUN_008_ConspiracyTheory_026_3/Text,"Save slots (60/60) already in use.
Insufficient storage available.

Overflow detected in CPU (USER-BRAIN)."
Text_en,Event/News/YUNYUN_008_ConspiracyTheory_024_3-2/Headline,"Anti-Social Media Activists Hack Major SNS Server
Social Media Addicts Mount Resistance Movement"
Text_en,Event/News/YUNYUN_008_ConspiracyTheory_024_3-2/Text1,"<size=20>SNS servers have been breached by anti-social media activists and are the cause of the ongoing disruption in service. Upon visiting the website, visitors are currently met with the message, “Quit social media! Escape slavery! Return to humanity!” rendering users unable to view or post regular content.

In response, social media addicts are building a growing opposition movement under the slogan: “take back social media!”

Threats of blackmail and other attacks on social reputation are increasingly being levied against anti-social media activists, with conflict between the two factions spreading across the web and expected to intensify.
</size>"
Text_en,Event/Post/YUNYUN_999_ED_080_000-1/Account,Anonymous
Text_en,Event/News/YUNYUN_999_ED_050_000/Headline,"Denpa Antenna Community Embroiled in Civil War
Yun-Q, Q-Yun, and Vers Factions in Conflict"
Text_en,Event/News/YUNYUN_999_ED_050_000/Text1,"<size=20>Factional disputes inside the Q Denpa Antenna community continue to intensify. The issue of contention concerns conflicting interpretations of Q-chan's relationship with Yunyun.

As of writing, power is split between the “Q-Yun,” “Yun-Q,” and “Vers” factions. All factions are aggressively spreading their arguments across social media and message board sites, with dramatic battles occuring in comment sections on a near daily basis.

As one Q Denpa Antenna points out, “this is all because Q-chan's charisma became too overwhelming.”
</size>"
Text_en,Event/News/YUNYUN_008_ConspiracyTheory_013_3/ThumbnailsText,Zombified Masses
Text_en,Event/News/YUNYUN_999_ED_090_000/Headline,"Is the Q-Chan Who Returned after Nine Long Months a Fake?
“Yun” Doesn’t Hit like It Used To"
Text_en,Event/News/YUNYUN_999_ED_090_000/Text1,"<size=20>After nine months of silence, Q-chan's account has resumed posting.
However, the content and tone of her posts feels slightly off, creating a sense of unease leading an increasing number of users to wonder if it's really the same person behind the account.

Special attention is being focused on the usage of “Yun” in her shitposts.
Many Q Denpa Antennas appear to be of the opinion that the new posts “don't hit the same” when compared to prior examples.

As a result, a new conspiracy theory is spreading claiming “the current Q-chan is just some nobody imposter.”
</size>"
Text_en,Event/Post/YUNYUN_002_Main_000_030/Reply,"1,000"
Text_en,Event/Post/YUNYUN_002_Main_000_020/Text,"A conspiracy theory is circulating which proposes that Q-chan is a Yunyun denpa prophet embedding revelations into her shitposts. The claim is that her messages are encrypted with special stenogaphy that when converted to a waveform based on the frequency at which “Yun” is written and has its spectrum expanded using an FFT algorithm, cyclical patterns not regularly visible in her posts are revealed. 
<color=#1D9BF0>Show More</color>"
Text_en,Event/Post/YUNYUN_002_Main_000_020/Fav,"1,000"
Text_en,Event/Post/YUNYUN_002_Main_000_020/RP,556
Text_en,Event/Post/YUNYUN_002_Main_000_020/Account,Q-chan Denpa Antenna Summary
Text_en,Event/Post/YUNYUN_002_Main_000_040/Reply,327
Text_en,Event/Post/YUNYUN_002_Main_000_030/Text,"A new conspiracy is making the rounds claiming that Q-chan is going to liberate the world by sparking a uprising with her Yunyun shitposts. Believers are advancing the theory that she is a revolutionary who will destroy the deep state while Yunyun is the goddess of revolution who will set the masses free.
<color=#1D9BF0>Show More</color>"
Text_en,Event/Post/YUNYUN_002_Main_000_030/Fav,"4,256"
Text_en,Event/Post/YUNYUN_002_Main_000_030/RP,"3,614"
Text_en,Event/Post/YUNYUN_002_Main_000_030/Account,Q-chan Denpa Antenna Summary
Text_en,Event/Post/YUNYUN_003_Main_000_020/Reply,"1,313"
Text_en,Event/Post/YUNYUN_002_Main_000_040/Text,"<size=20>According to a developing conspiracy theory, the deep state is treating “Q Denpa Antennas” as potential threats and has begun deliberations to address the issue of Q-chan.
“Q Denpa Antennas” are persons who follow and attempt to interpret Q-chan's shitposts. Their influence on the internet appears to be growing by the day.
<color=#1D9BF0>Show More</color></size>"
Text_en,Event/Post/YUNYUN_002_Main_000_040/Fav,"7,015"
Text_en,Event/Post/YUNYUN_002_Main_000_040/RP,909
Text_en,Event/Post/YUNYUN_002_Main_000_040/Account,Q-chan Denpa Antenna Summary
Text_en,Event/Post/YUNYUN_003_Main_000_030/Reply,508
Text_en,Event/Post/YUNYUN_003_Main_000_020-2/Text,"Q-chan's shitposting is all based on plagarism. P-chan is the actual OP.

Q-chan's shitposts are clumsy imitations.
They're obviously done by an idiot who can't function properly in society and, to be blunt, her poor education is self-evident in her writing.

Tells you a lot about her upbringing."
Text_en,Event/Post/YUNYUN_003_Main_000_020-2/Fav,551
Text_en,Event/Post/YUNYUN_003_Main_000_020-2/RP,711
Text_en,Event/Post/YUNYUN_003_Main_000_020-2/Account,Anonymous
Text_en,Event/Post/YUNYUN_003_Main_000_040-1/Reply,999
Text_en,Event/Post/YUNYUN_003_Main_000_020/Text,"I've finally resolved to propose to Yunyun. Sorry, my otaku bretheren, but I'm making my move. By the end of the month I'll have the funding settled. Buy her a wedding ring. And with that, convey to her my true feelings.
Yunyun is a devil, after all. Human customs might be surprising to her.
But, a contract is a contract. It is fact that I have bestowed upon her my time and my soul. So surely, these feelings, too, she will accept.
I simply cannot keep them bottled up any longer."
Text_en,Event/Post/YUNYUN_003_Main_000_020/Fav,"66,666"
Text_en,Event/Post/YUNYUN_003_Main_000_020/RP,"9,999"
Text_en,Event/Post/YUNYUN_003_Main_000_020/Account,P-chan
Text_en,HUD/Shortcut/QWiki,"Q-chan Wiki
pediQ"
Text_en,Event/Post/YUNYUN_003_Main_000_030/Text,"Regarding accusations that P-chan is the fake.
Before Q-chan even started posting,

P-chan was already shitposting about Yunyun.

The timestamps confirm this.
<color=#1D9BF0>Show More</color>"
Text_en,Event/Post/YUNYUN_003_Main_000_030/Fav,"1,014"
Text_en,Event/Post/YUNYUN_003_Main_000_030/RP,800
Text_en,Event/Post/YUNYUN_003_Main_000_030/Account,Anonymous
Text_en,Event/Post/YUNYUN_003_Main_000_040-2/Reply,"4,649"
Text_en,Event/Post/YUNYUN_003_Main_000_040-1/Text,"Q-chan is

a fake otaku influencer and

her claims to “love” Yunyun are a total lie."
Text_en,Event/Post/YUNYUN_003_Main_000_040-1/Fav,"20,250"
Text_en,Event/Post/YUNYUN_003_Main_000_040-1/RP,"20,020"
Text_en,Event/Post/YUNYUN_003_Main_000_040-1/Account,P-chan
Text_en,Event/Post/YUNYUN_003_Main_000_050/Reply,420
Text_en,Event/Post/YUNYUN_003_Main_000_040-2/Text,"I am NOT a fake otaku!!
Just look at this room!!
If I'M a fake then who among you can call yourselves “REAL??”
Fine. Behold. My collection. My wisdom. My knowledge. My love. Let me gather it all and present to you its magnificence!
What say you, P-chan?? Does THIS look otaku enough for you!?
フフフフフフフフフフフフフフ！！！！！！！！！"
Text_en,Event/Post/YUNYUN_003_Main_000_040-2/Fav,"888,888"
Text_en,Event/Post/YUNYUN_003_Main_000_040-2/RP,"177,013"
Text_en,Event/Post/YUNYUN_003_Main_000_040-2/Account,Q-chan
Text_en,Event/Post/YUNYUN_003_Main_000_060-1/Reply,"9,000"
Text_en,Event/Post/YUNYUN_003_Main_000_050/Account,Qchanloveclub
Text_en,Event/Post/YUNYUN_003_Main_000_050/Fav,"9,001"
Text_en,Event/Post/YUNYUN_003_Main_000_050/RP,"1,337"
Text_en,Event/Post/YUNYUN_003_Main_000_060-2/Account,Anonymous
Text_en,Event/Post/YUNYUN_003_Main_000_060-1/Text,"By limiting freedom of expression, the Tokyo government is robbing us of independent thought to turn us into obedient slaves. Heed the call, Yunyun Denpa Antennas!
Gather before their offices and claim your freedom!

Those who reject Yunyun are simply condemning themselves to lives devoid of meaning. Repent now and embrace Yunyun as the true avatar of the sublime.
"
Text_en,Event/Post/YUNYUN_003_Main_000_060-1/Fav,"18,008"
Text_en,Event/Post/YUNYUN_003_Main_000_060-1/RP,"53,180"
Text_en,Event/Post/YUNYUN_003_Main_000_060-1/Account,P-chan
Text_en,Event/Post/YUNYUN_003_Main_000_060-3/Account,Anonymous
Text_en,Event/Post/YUNYUN_003_Main_000_060-4/Account,Anonymous
Text_en,Event/News/YUNYUN_003_Main_000_070-1/ThumbnailsText,Conspiracy Theorist P-chan's Icon
Text_en,Event/Post/YUNYUN_003_Main_000_070-3/Account,Anonymous
Text_en,Event/Post/YUNYUN_003_Main_000_080-2/Account,Anonymous
Text_en,Event/Post/YUNYUN_003_Main_000_080-3/Account,Anonymous
Text_en,Event/Post/YUNYUN_003_Main_000_080/Reply,"1,256"
Text_en,Event/Post/YUNYUN_005_Main_000_030/Reply,"1,337"
Text_en,Event/Post/YUNYUN_003_Main_000_080/Text,"The conversation suggesting that “P-chan is an imposter misusing denpa on behalf of the deep state” has been making the rounds recently. Her shitposts are being criticized for being suspiciously conspiracy-laden, along with the accusation that many of her early followers were likely bots. This evidence suggests that P-chan emerged later as an imitation of Q-chan.
<color=#1D9BF0>Show More</color>"
Text_en,Event/Post/YUNYUN_003_Main_000_080/Fav,"88,801"
Text_en,Event/Post/YUNYUN_003_Main_000_080/RP,"66,143"
Text_en,Event/Post/YUNYUN_003_Main_000_080/Account,Q-chan Denpa Antenna Summary
Text_en,Event/Post/YUNYUN_008_ConspiracyTheory_002_3/Reply,××××
Text_en,Event/Post/YUNYUN_005_Main_000_030/Text,"Denpa waves intended to enslave the people have been sapping visitors of Akihabara of their enthusiasm and causing them to abandon their otaku ways.

Heed my call, P Denpa Antennas!
Gather at Akihabara and claim your freedom!
"
Text_en,Event/Post/YUNYUN_005_Main_000_030/Fav,"369,369"
Text_en,Event/News/YUNYUN_005_Main_000_040/ThumbnailsText,Q-chan!!!!!
Text_en,Event/Post/YUNYUN_005_Main_000_030/Account,P-chan
Text_en,Event/Post/YUNYUN_005_Main_000_050-2/Reply,666
Text_en,Event/Post/YUNYUN_005_Main_000_050-1/Text,"Is P-chan an AI created by the deep state to manipulate the masses through social media and conspiracies?
The revival of Q-chan's account has sparked an uptick in posts made by P-chan.
According to AI researchers, there is some evidence that suggests that P-chan could be an AI trained on Q-chan's shitposts.
<color=#1D9BF0>Show More</color>"
Text_en,Event/Post/YUNYUN_005_Main_000_050-1/Fav,"464,964"
Text_en,Event/Post/YUNYUN_005_Main_000_050-1/RP,"694,206"
Text_en,Event/Post/YUNYUN_005_Main_000_050-1/Account,Q-chan Denpa Antenna Summary
Text_en,Event/Post/YUNYUN_005_Main_000_055/Reply,1990
Text_en,Event/Post/YUNYUN_005_Main_000_050-2/Text,"Whether or not the world is “real” is irrelevant. A delusion or dream is just as valid. The denpa we call “love” is genuine. And that denpa points only one way. To P-chan. Yunyun loves P-chan. No reason needed. I love her simply for being P-chan. So the answer is simple. Everyone must love P-chan. The world doesn't need to understand. Yunyun has already made her transmission. The denpa to love P-chan. We are all receiving it. So it's only natural.
"
Text_en,Event/Post/YUNYUN_005_Main_000_050-2/Fav,1313
Text_en,Event/Post/YUNYUN_005_Main_000_050-2/RP,444
Text_en,Event/Post/YUNYUN_005_Main_000_050-2/Account,P-chan
Text_en,Event/Profile/YUNYUN_005_Main_000_060-0/PchanName,P-chan
Text_en,Event/Post/YUNYUN_005_Main_000_055/Text,"“Cognitive distortions” recognized by National Research Center?
Murmurings that “Q-chan shitposts” and “Q Denpa Antenna conspiracies” have the ability to alter minds and affect the nation's consciousness are being confirmed in a paper published by experts at the National Center of Neurology and Psychiatry.
The government has also begun issuing warnings throughout the media warning about the condition, now named as “Yunyun Denpa Syndrome.”
<color=#1D9BF0>Show More</color>"
Text_en,Event/Post/YUNYUN_005_Main_000_055/Fav,"989,133"
Text_en,Event/Post/YUNYUN_005_Main_000_055/RP,"112,920"
Text_en,Event/Post/YUNYUN_005_Main_000_055/Account,Q-chan Denpa Antenna Summary
Text_en,Event/News/YUNYUN_005_Main_000_060-10/ThumbnailsText,Q-chan♥
Text_en,Event/Post/YUNYUN_005_Main_000_060-1/Text,"To tell you the truth, this world is beyond saving. Sorry for saying it so bluntly. But it's true. In 2, maybe 3 minutes, P-chan's account will start throwing errors. That will mark the beginning of the end. An unimaginably large “Yunyun Denpa Syndrome” will then arrive, so do take care. And shortly after it occurs, P-chan will meet her end. To those who read this post, please examine this document. The truth about me and the deep state. “The P-chan files.”
<color=#1D9BF0>https://archive.pchan.deepstate...</color>"
Text_en,Event/Post/YUNYUN_005_Main_000_060-1/Fav,"999,999"
Text_en,Event/Post/YUNYUN_005_Main_000_060-1/RP,"999,999"
Text_en,Event/Post/YUNYUN_005_Main_000_060-1/Account,P-chan
Text_en,Event/News/YUNYUN_005_Main_000_060-3/ThumbnailsText,P-chan is AI?
Text_en,Event/Post/YUNYUN_005_Main_000_060-2/Text,"......ERROR

signal overflow
yun-signal detected

rim de lacent
rim de lacent
"
Text_en,Event/Post/YUNYUN_005_Main_000_060-2/Fav,"999,999"
Text_en,Event/Post/YUNYUN_005_Main_000_060-2/RP,"999,999"
Text_en,Event/Post/YUNYUN_005_Main_000_060-2/Account,This account does not exist
Text_en,Event/Post/YUNYUN_005_Main_000_060-5/Reply,9
Text_en,Event/Post/YUNYUN_005_Main_000_060-6/Account,Anon
Text_en,Event/Post/YUNYUN_005_Main_000_060-5/Text,"nyun  can you hear
been  send  denpa since  morning
I saw  post  Q-chan
head  spinning  noise is  but
yunyun  cute  cute
cute  yun  yun
cu  yun
"
Text_en,Event/Post/YUNYUN_005_Main_000_060-5/Fav,9
Text_en,Event/Post/YUNYUN_005_Main_000_060-5/RP,9
Text_en,Event/Post/YUNYUN_005_Main_000_060-5/Account,Q-chan Denpa Antenna Summary
Text_en,Event/Post/YUNYUN_005_Main_000_060-7/Account,Anon
Text_en,Event/Post/YUNYUN_005_Main_000_060-8/Account,Anon
Text_en,Event/Post/YUNYUN_005_Main_000_060-9/Account,Anon
Text_en,Event/News/YUNYUN_008_ConspiracyTheory_001_3/ThumbnailsText,Yunyun Proliferation
Text_en,Event/News/YUNYUN_008_ConspiracyTheory_010_3-2/ThumbnailsText,The Prophet: Q-chan
Text_en,Event/Post/YUNYUN_008_ConspiracyTheory_002_3/Text,"<size=20>Do creative works resonate with other dimensions through denpa-like waves?
A joint collaboration between the National Institute of Information Theory and a civilian data analytics firm has observed that different creative works exhibit wave-like resonances with phase-variance across dimensional space.
Furthermore, they have proposed a hypothesis that the information contained within such works produces a form of “emergent information” which connects worlds across different dimensions.
<color=#1D9BF0>Show More</color></size>"
Text_en,Event/Post/YUNYUN_008_ConspiracyTheory_002_3/Fav,××××
Text_en,Event/Post/YUNYUN_008_ConspiracyTheory_002_3/RP,××××
Text_en,Event/Post/YUNYUN_008_ConspiracyTheory_002_3/Account,Q-chan Denpa Antenna Summary
Text_en,Event/Post/YUNYUN_008_ConspiracyTheory_004_3-1/Reply,××××
Text_en,Event/Post/YUNYUN_008_ConspiracyTheory_004_1/Text,"<size=20>Are screaming beavers living beneath the Earth's surface about to attack?
A Q Denpa Antenna conspiracy that subterranean beavers are on the verge of invading the surface is currently making the rounds.
These underground invaders are emerging from caves across the Himalayan mountain range, launching small-scale attacks against nearby inhabitants.
However, the prediction is that a large scale invasion will be mounted on X-day, where...
<color=#1D9BF0>Show More</color></size>"
Text_en,Event/Post/YUNYUN_008_ConspiracyTheory_004_1/Fav,××××
Text_en,Event/Post/YUNYUN_008_ConspiracyTheory_004_1/RP,××××
Text_en,Event/Post/YUNYUN_008_ConspiracyTheory_004_1/Account,Q-chan Denpa Antenna Summary
Text_en,Event/Post/YUNYUN_008_ConspiracyTheory_004_3-2/Account,Anonymous
Text_en,Event/Post/YUNYUN_008_ConspiracyTheory_004_3-1/Text,"<size=20>Is this the day the subterraneans invade the surface?
An attack by screaming beavers from the depths of the Earth?
According to Q Denpa Antennas, today is the day that screaming beavers will emerge from the depths and begin their assault.
Seismic activity has been detected in the region, and unusual, low frequency rumbling is being reported across the Himalayas.
<color=#1D9BF0>Show More</color></size>"
Text_en,Event/Post/YUNYUN_008_ConspiracyTheory_004_3-1/Fav,××××
Text_en,Event/Post/YUNYUN_008_ConspiracyTheory_004_3-1/RP,××××
Text_en,Event/Post/YUNYUN_008_ConspiracyTheory_004_3-1/Account,Q-chan Denpa Antenna Summary
Text_en,Event/Post/YUNYUN_008_ConspiracyTheory_004_3-3/Account,Anonymous
Text_en,Event/News/YUNYUN_008_ConspiracyTheory_004_3-4/ThumbnailsText,The Savage Subterranean Dolphins
Text_en,Event/News/YUNYUN_008_ConspiracyTheory_006_3-1/ThumbnailsText,Reptilians
Text_en,Event/Post/YUNYUN_008_ConspiracyTheory_004_3-4-2/Text,"<size=20>I am here from the year 2112.
Even in the future, I have been able to receive Q-chan's shitposts.
Her words transcend time itself and light the way.
When Q-chan thinks, I concur.
When Q-chan transmits, I receive.
If Yunyun has 100 million fans, then I am one of them. If Yunyun has only one fan then that is me.
Until the end of the universe itself, I will continue to love her.
</size>"
Text_en,Event/Post/YUNYUN_008_ConspiracyTheory_004_3-4-2/Fav,××××
Text_en,Event/Post/YUNYUN_008_ConspiracyTheory_004_3-4-2/RP,××××
Text_en,Event/Post/YUNYUN_008_ConspiracyTheory_004_3-4-2/Account,{SteamName}
Text_en,Event/Post/YUNYUN_008_ConspiracyTheory_006_3-3/Reply,××××
Text_en,Event/Post/YUNYUN_008_ConspiracyTheory_006_3-2/Text,"<size=20>【International Reptilian Live Broadcast Summary - Part 1】
For their contribution to this situation, nakige are being recognized and archived as part of the formal cultural record.

“Execution Angel † Guiltina,” though not a nakige itself, is being recognized for its role in prompting the Reptilians to start playing nakige thanks to the shitposts of Q-chan and conspiracy theories pushed by Q Denpa Antennas.
 </size>"
Text_en,Event/Post/YUNYUN_008_ConspiracyTheory_006_3-2/Fav,××××
Text_en,Event/Post/YUNYUN_008_ConspiracyTheory_006_3-2/RP,××××
Text_en,Event/Post/YUNYUN_008_ConspiracyTheory_006_3-2/Account,Anonymous
Text_en,Event/News/YUNYUN_008_ConspiracyTheory_007_3-1/ThumbnailsText,Romance Media Banned
Text_en,Event/Post/YUNYUN_008_ConspiracyTheory_006_3-3/Text,"<size=20>【International Reptilian Video Broadcast Summary - Part 2】
The Reptilians have reached a decision to establish peaceful rule and establish a unified global nation.

Founding principles include:
1. Complete abolition of all global tariffs.
2. Complete abolition of weapons of mass destruction.
3. Establishment of infrastructure to provide free energy to all.
4. The anthem for the new global nation will be <i>that</i> song.
 </size>"
Text_en,Event/Post/YUNYUN_008_ConspiracyTheory_006_3-3/Fav,××××
Text_en,Event/Post/YUNYUN_008_ConspiracyTheory_006_3-3/RP,××××
Text_en,Event/Post/YUNYUN_008_ConspiracyTheory_006_3-3/Account,Anonymous
Text_en,Event/News/YUNYUN_008_ConspiracyTheory_010_3/ThumbnailsText,The One True God: YNYN
Text_en,Event/News/YUNYUN_008_ConspiracyTheory_011_3-2/ThumbnailsText,Casualties Miraculously at 0
Text_en,DenpaSelect/DefaultAlert,This track hasn't been unlocked yet.
Text_en,Event/Post/YUNYUN_008_ConspiracyTheory_013_3-2/Text,"<size=20>【ATTENTION】
28 days have passed since the zombie outbreak began.
It appears the zombies are evolving.

Where we are, zombies have begun copying some actions of the living, such as making use of keys and elevators.

Everyone out there, please stay safe.
</size>"
Text_en,Event/Post/YUNYUN_008_ConspiracyTheory_013_3-2/Fav,××××
Text_en,Event/Post/YUNYUN_008_ConspiracyTheory_013_3-2/RP,××××
Text_en,Event/Post/YUNYUN_008_ConspiracyTheory_013_3-2/Account,Anonymous
Text_en,Event/News/YUNYUN_008_ConspiracyTheory_015_3/ThumbnailsText,Remote Learning
Text_en,Event/Post/YUNYUN_999_ED_080_000-2/Account,Anonymous
Text_en,Event/Post/YUNYUN_999_ED_080_000-3/Account,Anonymous
Text_en,Event/Post/YUNYUN_999_ED_080_000-4/Account,Anonymous
Text_en,Event/News/YUNYUN_999_ED_090_000/ThumbnailsText,Q-chan?
Text_en,Event/News/YUNYUN_008_ConspiracyTheory_024_3-2/ThumbnailsText,"Yunyun, Symbol of Social Media Liberation"
Text_en,Event/Post2/YUNYUN_008_ConspiracyTheory_024_3-1/Headline,"503
Service Unavailable"
Text_en,Event/News/YUNYUN_999_ED_050_000/ThumbnailsText,A World in Utter Chaos
Text_en,Event/Post2/YUNYUN_008_ConspiracyTheory_026_3/Headline,"ERROR CODE
SV-OVERFLOW-Q-60"
Text_en,Event/Post/YUNYUN_002_Main_000_020/Reply,777
Text_en,Event/Profile/Base/PchanComment,Yunyun I Love Yun♥
Text_en,Event/Profile/Base/PchanID,@yunyuniloveyun
Text_en,Event/Post/YUNYUN_005_Main_000_060-1/Reply,66666
Text_en,Event/Profile/YUNYUN_005_Main_000_060-0/PchanID,@yunyuniloveyun
Text_en,Help/SNS,You can revisit Conspiracy Episodes using SNS!
Text_en,Explore/BG_LR/Message2,(...Seafood is the only way...!)
Text_en,Explore/BG_LR/Message3,"(A magic box that produces warm food even when Mama isn't home. Yunyun would probably have a thing for microwaves too, don't you think?)"
Text_en,Explore/BG_LR/Message4,(Proof that Mama was here. Sometimes I'll wake up to find that things have been moved around.)
Text_en,Explore/BG_LR/Message5,"(Abandon all hope, ye who enter here.)"
Text_en,Explore/BG_LR/Message6,(Whose coat is this again...?)
Text_en,Explore/BG_LR/Message7,(...Wait. You must not lay hands on the sea of decay...)
Text_en,UITutorial/TutorialEnergyDrink/Page1/Title,■Energy Drink
Text_en,Explore/BG_QCHAN/Message2,(A doujin figure I bought at an event. I'd love if an official one were released one day.)
Text_en,Explore/BG_QCHAN/Message11,(My old laptop. I've been trying to write a novel with it. Surely I'll come out with something brilliant!)
Text_en,Explore/BG_QCHAN/Message12,"(Prize figures. I like playing claw machines, so they kinda just started piling up...)"
Text_en,Explore/BG_LR/Message1,"(Outside is just a narrow alley. Is that the sun, or just a streetlight shining through?)"
Text_en,HUD/Trash/GetMessage1,Looks like Denpa Songs are back!
Text_en,Explore/BG_QCHAN/Message3,"(I'll be more responsible. I'll be more responsible. I'll be more responsible. The promise I made to Mama, in a written apology.)"
Text_en,Explore/BG_QCHAN/Message4,(The big TV that was in Papa's room. The retro aesthetic is maybe kind of nice?)
Text_en,Explore/BG_QCHAN/Message5,(A photo from the ski trip Mama and I went on together after Papa left us.)
Text_en,Explore/BG_QCHAN/Message6,"(My school bag. A trash can. So much packed in only to be stolen, to be defiled.)"
Text_en,Explore/BG_QCHAN/Message7,(The poster from a magazine commemorating the release of the second Execution Angel † Guiltina OVA. Taped back together after the time Mama tore it down.)
Text_en,Explore/BG_QCHAN/Message8,(A doll I found in a rental shop. I'm not aware of any official goods like this; maybe it's fanmade?)
Text_en,Explore/BG_QCHAN/Message9,(One of only 30 limited run Yunyun dakimakura covers. I was lucky enough to snag it on an auction site!)
Text_en,Explore/BG_QCHAN/Message10,"(Garbage... Mama will get angry if it spills over into the living room, but since I can never get myself out of bed in the morning it just keeps piling up...)"
Text_en,HUD/SNS/UngetText,#???
Text_en,HUD/Zip/Password,rimdelacent
Text_en,UIScoreList/SongLockMessage,This track hasn't been unlocked yet.
Text_en,HUD/Keyboad/typeDLC1/title,feat. Touhou Project
Text_en,Yunyunmode/Dialog,"While playing, random Conspiracies up to the 4★ level will go viral!
Conspiracies will still activate even if SKIP is pressed!"
Text_en,HELP/LINK/AA,Official Site
Text_en,HUD/DIARY/Password,909
Text_en,EPISODE/YUNYUN_005_Main_000_030,03: Start?
Text_en,HUD/DIARY/Icon,DIARY.ZIP
Text_en,HUD/DIARY_XXX7/Password,606
Text_en,HUD/DIARY/DialogMessage,"Enter the password!
(It's Q-chan's birthday written as four digits.)"
Text_en,HUD/DIARY_XXX7/Icon,DIARY_XXX7.ZIP
Text_en,HUD/Zip/ErrorMessage,That's the wrong password!
Text_en,QLogos/QLogos_Text_00,"―If it's the only way to be loved, then who can blame me for breaking free from this world?"
Text_en,HUD/OLD_DIARY01/DialogMessage,"Enter the password!
(It's Q-chan's real name.)"
Text_en,UIInGame/Tutorial/TutorialStepTitle1,SINGLE NOTES
Text_en,HUD/Kaibunsho/Sort,⇅SORT
Text_en,UIInGame/Pose/Retry,RETRY
Text_en,HUD/Kaibunsho/UPParamText,{name} UP
Text_en,MAMA/MESSAGE_BLOCK,DOKIDOKI levels are too low to contact Mama!
Text_en,HUD/Keyboad/type2/title,Amazing Keyboard
Text_en,HUD/Keyboad/type1/detail,It looks like the keyboard that Papa used!
Text_en,Explore/DisableMessage,"(...Can't even bring myself to get up.
Maybe I'm missing that fire in my heart...)"
Text_en,HUD/Keyboad/type2/detail,"An amazing keyboard that can autoplay Denpa Songs!
(Achievements and score will not be saved.)"
Text_en,UITutorial/YunyunmodeSkip/Page1/Title,■YUNYUN SOUL INTEGRATION MODE
Text_en,HUD/Keyboad/type2_2/detail,"A heavily modded Amazing Keyboard that finishes Denpa Songs in an instant!
(Achievements and score will not be saved.)"
Text_en,HUD/Keyboad/typeDLC2/title,feat. Nanahira
Text_en,HUD/Keyboad/typeDLC1/detail,"It's a keyboard that changes its appearance!
(Follower growth rate increases 50x)"
Text_en,HUD/Keyboad/typeDLC3/title,feat. Rish
Text_en,HUD/Keyboad/typeDLC2/detail,"It's a keyboard that changes its appearance!
(Follower growth rate increases 50x)"
Text_en,HUD/Keyboad/typeDLC4/title,feat. HARDCORE TANO*C
Text_en,HUD/Keyboad/typeDLC3/detail,"It's a keyboard that changes its appearance!
(Follower growth rate increases 50x)"
Text_en,HUD/Keyboad/typeDLC5/title,feat. Frontwing
Text_en,HUD/Keyboad/typeDLC4/detail,"It's a keyboard that changes its appearance!
(Follower growth rate increases 50x)"
Text_en,HUD/OLD_DIARY01/Password5,来栖玖瑠
Text_en,HUD/Keyboad/typeDLC5/detail,"It's a keyboard that changes its appearance!
(Follower growth rate increases 50x)"
Text_en,HUD/LockIcon,You don't need this anymore.
Text_en,UIInGame/Result/RankStarError,∞ ERROR
Text_en,HUD/OLD_DIARY01/Password1,来栖くるみ
Text_en,HUD/OLD_DIARY02/Icon,OLD-DIARY02.ZIP
Text_en,HUD/OLD_DIARY01/Password2,来栖クルミ
Text_en,HUD/OLD_DIARY01/Password11,คุรุสุ คุรุมิ
Text_en,HUD/OLD_DIARY01/Password12,คุรุมิ คุรุสุ
Text_en,HUD/OLD_DIARY01/Password13,Kurumi Kurusu
Text_en,HUD/OLD_DIARY01/Password14,Kurusu Kurumi
Text_en,HUD/OLD_DIARY01/Password15,Qurusu Qurumi
Text_en,HUD/OLD_DIARY01/Password16,Qurumi Qurusu
Text_en,HUD/OLD_DIARY01/Password17,Kruse Kurumi
Text_en,HUD/OLD_DIARY01/Password18,Kurumi Kruse
Text_en,HUD/OLD_DIARY01/Password19,Quruse Qurumi
Text_en,HUD/OLD_DIARY01/Password20,Qurumi Quruse
Text_en,HUD/OLD_DIARY01/Password3,くるすくるみ
Text_en,UIStory/Chapter3,"The main part of the story!
(Make lots of 5★ Conspiracies go viral!)"
Text_en,HUD/OLD_DIARY01/Password4,クルスクルミ
Text_en,HUD/OLD_DIARY01/Icon,OLD-DIARY01.ZIP
Text_en,HUD/OLD_DIARY01/Password6,來栖胡桃
Text_en,HUD/OLD_DIARY01/Password7,크루스 쿠루미
Text_en,HUD/OLD_DIARY01/Password8,쿠루미 크루스
Text_en,HUD/OLD_DIARY01/Password9,Куруми Курусу
Text_en,HUD/OLD_DIARY01/Password10,Курусу Куруми
Text_en,HUD/DIARY_XXX7/DialogMessage,"Enter the password!
(It's my birthday written as four digits.)"
Text_en,HUD/TinFoilHat/Message,"You can enter Tinfoil Hat Mode from the “Keyboard Menu”!
(Extract the ZIP file to unlock the “Keyboard Menu”)"
Text_en,UISetting/Back,Confirm
Text_en,UITitle/Start2,ERROR縺?繧?ｓ
Text_en,HUD/Score/Composer,Composer: {name}
Text_en,HUD/Score/Lyricist,Lyrics: {name}
Text_en,HUD/Shortcut/Wiki,"Yunyun Wiki
pediQ"
Text_en,HUD/Score/Singer,Vocals: {name}
Text_en,HUD/Score/Sort,⇅SORT
Text_en,HUD/Shortcut/Diary,Diary
Text_en,HUD/Shortcut/Health,Health
Text_en,HUD/Shortcut/Home,Room Search
Text_en,HUD/Kaibunsho/SortSong,SONG TITLE
Text_en,UIInGame/Result/SlotYunYunText1,And the interpretation of Q-chan's post is...?
Text_en,Explore/BG_QCHAN/Message1,(The randosel I picked up with Papa. Getting called cute really felt nice...)
Text_en,HUD/Shortcut/MyPicture,My Pictures
Text_en,MAMA/KITA/TAB_MESSAGE_4,Mommy is never coming back.
Text_en,HUD/Shortcut/Setting,Settings
Text_en,HUD/Shortcut/Sns,SNS
Text_en,HUD/Shortcut/Song,Denpa Songs
Text_en,HUD/Shortcut/Todo,To Do
Text_en,HUD/Shortcut/Trash,Trash
Text_en,UITitle/YunYun/Message3,"> Yunyun
Keep on boosting the Denpa Level!"
Text_en,HUD/Shortcut/Zip,ZIP
Text_en,HUD/Story/Skip,SKIP
Text_en,HUD/Story/Auto,AUTO
Text_en,HUD/Story/Voice,VOICE
Text_en,UIManager/Loading,Loading
Text_en,HUD/Explore/LockMessage,Looks like she's too tired to move.
Text_en,HUD/TODO/Charisma_50_TEXT,Q-chan's denpa is going to drive the whole world Yunyun crazy!
Text_en,HUD/TODO/Charisma_Chapter4-1_TITLE,Put an end to P-chan!!
Text_en,HUD/TODO/Charisma_Chapter2_TEXT,"Make 5★ Conspiracies go viral to view
more endings and push the Denpa Level
to 100%!"
Text_en,HUD/TODO/Charisma_Chapter4-2_TITLE,"Whatever happens, happens"
Text_en,HUD/TODO/Charisma_Chapter4-1_TEXT,"Reach 100% Influence!
Get everyone's heads spinning with Q-chan's denpa!"
Text_en,UISetting/Game/PostOff,Cancel Shitpost Upload
Text_en,HUD/TODO/Charisma_Chapter4-2_TEXT,"So long as Q-chan can find happiness, then Yunyun..."
Text_en,HUD/TODO/Charisma_Chapter5-2_TITLE,Commence “Recovery?”
Text_en,HUD/TODO/Charisma_Chapter5-1_TEXT,"Savor all the denpa in your world until the very end, Q-chan."
Text_en,UIInGameResult/SelectConspiracyTheory/Message1,"By combining Shitpost Cards to cause Conspiracies to go viral, the associated parameters will go up!"
Text_en,HUD/TODO/Charisma_Chapter5-2_TEXT,"Activating Recovery will let me return to Q-chan, resetting the world as if nothing had happened..."
Text_en,HUD/TODO/Charisma_Chapter2_TITLE,Trigger lots of 5★ Conspiracies!
Text_en,HUD/TODO/Charisma_VS-P01_TEXT,Push Q-chan's Influence over 70%!
Text_en,UISetting/Game/KeyboardSE,Keyboard SFX
Text_en,HUD/TODO/DokiDoki_40_TITLE,Reach 40% DOKIDOKI!
Text_en,HUD/TODO/DokiDoki_20_TEXT,Let's fill you with looots of denpa and bring that spark back to your heart!
Text_en,HUD/TODO/DokiDoki_50_TITLE,Reach 50% DOKIDOKI!
Text_en,HUD/TODO/DokiDoki_40_TEXT,Let's fill you with looots of denpa and bring that spark back to your heart!
Text_en,HUD/TODO/YunYun_50_TITLE,Reach 50% YUNYUN!
Text_en,HUD/TODO/DokiDoki_50_TEXT,Let's fill you with looots of denpa and bring that spark back to your heart!
Text_en,HUD/TODO/DokiDoki_20_TITLE,Reach 20% DOKIDOKI!
Text_en,HUD/TODO/FirstPlay_TEXT,Yunyun! Yunyun!
Text_en,HUD/TODO/Charisma_50_TITLE,Reach 50% CHARISMA!
Text_en,HUD/TODO/YunYun_50_TEXT,"Transmit your lovely words via denpa!
Yunyun!"
Text_en,Event/Finish/yun,...Do you remember... denpa...?
Text_en,HUD/Zip/DialogTitle,> Yunyun
Text_en,HUD/Keyboad/type1/title,Normal Keyboard
Text_en,HUD/Trash/DialogMessage,Restore the files in the Recycle Bin?
Text_en,HUD/Trash/GetMessage2,Looks like some image has been restored!
Text_en,HUD/Trash/DialogMessageNoneEvent,The Trash is empty!
Text_en,UIBGM/ItemName,Song {id}
Text_en,HUD/Zip/DialogMessage,"Enter the password!
(It's my catchphrase!)"
Text_en,UITutorial/TutorialFirst/Page3/Title,■To Do
Text_en,HUD/Zip/SuccessMessage,Keyboard unlocked!
Text_en,Explore/BG_QCHAN/Message13,(Stop being an idiot and grow up... A written pledge from me to Mama. A horrible memory sealed with my own blood.)
Text_en,UITutorial/TutorialMamakitaMode/Page2/Title,■Mama's Here Mode
Text_en,KEYMEMORY01/Alert01/Title,■ To Streamers and Recorders
Text_en,HUD/PictureOpen/Message,"Did you have a nice dream?
A bonus has been added to “My Pictures!”"
Text_en,UISaveLoad/KeyMemory01,KEY MEMORY 01
Text_en,InGameResult/VSPChan/AccountMessage,Yunyun I Love Yun♥
Text_en,KEYMEMORY01/Alert02/Title,■ Photosensitive Seizure Warning
Text_en,KEYMEMORY01/Alert01/Text,"Due to certain game mechanics, this game may automatically switch to windowed mode. To avoid accidentally recording your desktop, we recommend <color=#f6669e>capturing only the game window</color>."
Text_en,Help/HELP_STOP,END? Please watch “Q † CHANNEL” before clicking!
Text_en,KEYMEMORY01/Alert02/Text,"This game contains flashing lights, strobe effects, and rapidly changing visuals.
<color=#f6669e>If you feel unwell while playing, stop the game immediately</color> and rest."
Text_en,InGameResult/VSPChan/Title,<<Conspiracy Influence>>
Text_en,Keyboard/Glass/Title,Dazzling Style
Text_en,Keyboard/Arumi/Text,"It's a tinfoil hat now!
(Follower growth rate increases 50x)"
Text_en,DenpaSongs/Dialog,A new Denpa Song has been added!
Text_en,Keyboard/Mush/Title,Mushroom Style
Text_en,Keyboard/Glass/Text,"It's all sparkly now!
(Follower growth rate increases 50x)"
Text_en,Keyboard/Arumi/Title,Aluminum Style
Text_en,Keyboard/Gold/Text,"A keyboard only usable by high rankers!
(Follower growth rate increases 50x)"
Text_en,Ending/1,Q † CHANNEL
Text_en,Keyboard/Mush/Text,"You're sprouting mushrooms!
(Follower growth rate increases 50x)"
Text_en,UITutorial/RhythmMode/Page1/Title,■Mode Selection
Text_en,UI/YunyunSyndromeError1,It doesn't seem usable right now.
Text_en,MAMA/MESSAGE_YES_NO,Wanna ask Mama to come home?
Text_en,MAMA/KITA/TAB_MESSAGE,Hit the TAB key to change screens!
Text_en,MAMA/YES/MESSAGE_001,...Did I annoy her...?
Text_en,MAMA/YES/TALK/MESSAGE_001,"I'm sorry, Mama. I shouldn't be contacting you when you're busy. But how do I put this...? I've been wanting to see you for a while now. We never see each other after all. Have you been well? You know how to take care of yourself so I'm sure you've been fine, but have you been eating well and everything? Personally, I'm fine so long as I have energy drinks. Ah, come to think of it, the fridge might be empty now. I'm sorry my diet is so awful. I can't seem to fix myself no matter how much you scream at me, I'm such a lost cause, huh? I'm making amends for it. Seriously, you hear? This got way off topic. I know it's a lot of trouble for you to come home, and your workplace(?) is really far away, and I know you're super busy, but I want to see you. To be honest, I haven't been making much progress in my studies, and I don't know if I can really say that I've been a good girl, but it'd make me really happy to see you. Is it too much to ask?"
Text_en,MAMA/NO/TALK/MESSAGE_002,"Mama, I'm doing what I can for myself!"
Text_en,MAMA/NO/TALK/MESSAGE_003,"Keep it up at work! Ah, not that I mean to pressure you! I just want you to be happy, that's all..."
Text_en,MAMA/NO/TALK/MESSAGE_004,"Mama, you don't need to worry about me so much. I'm doing great."
Text_en,MAMA/NO/TALK/MESSAGE_005,I love you.
Text_en,MAMA/YES/TALK/MESSAGE_007,"Ｉ

Ｗ
Ａ
Ｎ
Ｔ

Ｔ
Ｏ

Ｓ
Ｅ
Ｅ

Ｙ
Ｏ
Ｕ

Ｍ
Ａ
Ｍ
Ａ
！ I'm so lonely, and STARVING!!"
Text_en,MAMA/YES/MESSAGE_002,...Ah! Mama...
Text_en,MAMA/YES/MESSAGE_001_C,...Which is a bit scary... but she's my one and only Mama...
Text_en,MAMA/YES/MESSAGE_001_D,"...Welcome her home, let her hug me... I miss that feeling..."
Text_en,UITutorial/SettingPostOff2/Page1/Title,■SHITPOST UPLOAD
Text_en,MAMA/YES/MESSAGE_003,...Eek! She's super worked up!
Text_en,MAMA/YES/MESSAGE_004,"GYAAA! I'm sorry! I'm so sorry! I'll do everything
I can to become a proper adult!!"
Text_en,MAMA/YES/MESSAGE_005,GYAAAAA———!!!
Text_en,MAMA/YES/MESSAGE_006,The fridge has been filled in exchange for your DOKIDOKI level...
Text_en,MAMA/NO/MESSAGE_001,"Ehehe. But really, I would like to see Mama."
Text_en,MAMA/YES/TALK/MESSAGE_002,"Mama, are you happy these days? I'm doing well thanks to Yunyun! But honestly, being alone like this, when I think of wanting to see someone, you're the only one there is. So, I thought I'd message you. Annoying, aren't I? But, even if it's just once in a while, I really hope you'll come home! If you would come and give me a hug, I'm just sure it would make my heart swell. Sorry for being so selfish. I really hope you'll respond.
And then, if you really do come home, and I'm really sorry for asking this, but I'd be really happy if you could restock my cup ramen and energy drinks! Even though I'm not going to school, and there's no way I could hold a job, I'm so sorry. I'm really just a parasite, aren't I?"
Text_en,MAMA/YES/TALK/MESSAGE_003,"YunYu～n! Rim de Lacent! Q-chan has recently been super energised thanks to Yunyun charging her with her beloved denpa! Can you say the same about your work, Mama? Does it get your heart pounding? Isn't it exhausting? Since you're always working so, so hard, I hope my beloved denpa can reach you, too! You're so amazing, so pretty, so responsible, truly my pride and joy! I love you! Love you! Lo～ve you! Completely adore you! So please, don't overdo it and take a break sometimes, okay? You don't need to go out, it's fine to just stay home and take it easy, you know?
Plus, I'm here waiting at home, right?
(Your love and food-starved daughter eagerly awaits your return!)"
Text_en,MAMA/YES/TALK/MESSAGE_004,"Mama-chan! ( ´∀｀)σ)∀)
Whatcha up to right now? (´・ω・)
I'm like, just sitting at my PC with my tummy growling (；´Д｀)

So hey, Mama...
Are you maybe on a like, a date right now? ( ﾟдﾟ )
I'm sure that must be SUPER fun and all, but I'm feeling like I'm really being abandoned here and totally tearing up about it (´・ω・｀) so I just kinda fired off this message～ m9(Д)ﾌﾟｷﾞｬｰ

But you know? I'd love to hear you say “I'm home” and I could be all like “welcome home” (〃▽〃) 
I know I'm being super selfish but, it'd be awesome if you'd at least respond (´・∀・｀)

And on the off chance you do actually come home, I do have one request (；´∀｀)
If you could stop by the convenience store and pick up some of those sweet buns or some cup ramen, even just a bit, that would be so great!
But most importantly, energy drinks! (ﾟ∀ﾟ)
I haven't been going to school, and there's no way I could hold a job, so I know that I'm just human garbage (ヽ´ω`)

But still, I hope that at least you won't abandon me, Mama."
Text_en,MAMA/YES/TALK/MESSAGE_005,"Hey... Mother (Mama), what sorts of flowers do you sell at work?
Hey... Mother (Mama), what sorts of booze do you drink at work?
Hey... Mother (Mama), is your work wearing you down?
Hey... Mother (Mama), can't I join you at your work?
Hey... Mother (Mama)...
(Mama, you're from the generation that was really into that group, right? lol)"
Text_en,MAMA/YES/TALK/MESSAGE_006,"Mama-chaaa～～～n!
Do you think you could come home?"
Text_en,MAMA/NO/TALK/MESSAGE_001,"Sorry for messaging you out of the blue. I just kinda wanted to send you something.
I'm doing pretty well. As that implies, I haven't been causing trouble for others. Same old, same old. I'm thinking of really applying myself to my studies again. It's such a bother for you to care for a hikikomori like me forever, so I've been giving it serious thought."
Text_en,MAMA/MESSAGE_READED,Read
Text_en,PICTURE/Guidance-text,"■ Image & GIF Animation Terms of Service
The Export feature lets you export images and GIF animations. These terms set out the rules for materials created with this feature (hereafter “Exported Materials”) so everyone can enjoy them with peace of mind.

▶ Allowed
- Posting on social media (X / Discord / Instagram / TikTok / Bluesky, etc.)
- Use in gameplay videos and live streams (please check our official website for the streaming guidelines)
- Personal use such as setting them as your desktop wallpaper

▶ Not Allowed
- Use that is contrary to public order or morals
- Use that promotes political views
- Use that promotes religious views
- Use that infringes, or risks infringing, the rights of others
- Use that could be mistaken for official content
- Use that disparages real individuals or organizations
- Use in defamation, discrimination, or harassment (or in any context that could be perceived as such)
- Sale of Exported Materials
- Production of merchandise or commercial goods, whether paid or free of charge
- Any use for AI training purposes
- Any form of NFT minting

▶ Please Note
- If your post contains spoilers, please clearly label it with “Spoilers Ahead”.
- Please avoid edits that distort a character's personality or the work's themes.
- Minors, please obtain your parent or guardian's consent before use.
- These Terms are subject to change without prior notice.
"
Text_en,UITutorial/TutorialMamakitaModeDemo/Page1/Title,■Mama's Here Mode
Text_en,PICTURE/MESSAGE_002,A real treasure!
Text_en,PICTURE/MESSAGE_003,"DokiDoki, Yunyun, KyunKyun!"
Text_en,EXIT/MESSAGE_001,Come back for more denpa soon!
Text_en,Picture/PicutureFileName002,picuture_file_002
Text_en,Picture/PicutureFileName003,picuture_file_003
Text_en,Picture/PicutureFileName004,picuture_file_004
Text_en,Picture/PicutureFileName005,picuture_file_005
Text_en,Picture/PicutureFileName006,picuture_file_006
Text_en,Picture/PicutureFileName007,picuture_file_007
Text_en,Picture/PicutureFileName008,picuture_file_008
Text_en,Picture/PicutureFileName009,picuture_file_009
Text_en,Picture/PicutureFileName010,picuture_file_010
Text_en,Picture/PicutureFileName011,picuture_file_011
Text_en,Picture/PicutureFileName012,picuture_file_012
Text_en,Picture/PicutureFileName013,picuture_file_013
Text_en,Picture/PicutureFileName014,picuture_file_014
Text_en,Picture/PicutureFileName015,picuture_file_015
Text_en,Picture/PicutureFileName016,picuture_file_016
Text_en,Picture/PicutureFileName017,picuture_file_017
Text_en,Picture/PicutureFileName018,picuture_file_018
Text_en,Picture/PicutureFileName019,picuture_file_019
Text_en,Picture/PicutureFileName020,picuture_file_020
Text_en,Picture/PicutureFileName021,picuture_file_021
Text_en,Picture/PicutureFileName022,picuture_file_022
Text_en,Picture/PicutureFileName023,picuture_file_023
Text_en,Picture/PicutureFileName024,picuture_file_024
Text_en,Picture/PicutureFileName025,picuture_file_025
Text_en,Picture/PicutureFileName026,picuture_file_026
Text_en,Picture/PicutureFileName027,picuture_file_027
Text_en,Picture/PicutureFileName028,picuture_file_028
Text_en,Picture/PicutureFileName029,picuture_file_029
Text_en,Picture/PicutureFileName030,picuture_file_030
Text_en,Picture/PicutureFileName031,picuture_file_031
Text_en,Picture/PicutureFileName032,picuture_file_032
Text_en,Picture/PicutureFileName033,picuture_file_033
Text_en,Picture/PicutureFileName034,picuture_file_034
Text_en,Picture/PicutureFileName035,picuture_file_035
Text_en,Picture/PicutureFileName036,picuture_file_036
Text_en,Picture/PicutureFileName037,picuture_file_037
Text_en,Picture/PicutureFileName038,picuture_file_038
Text_en,Picture/PicutureFileName039,picuture_file_039
Text_en,Picture/PicutureFileName040,picuture_file_040
Text_en,Picture/PicutureFileName041,picuture_file_041
Text_en,Picture/PicutureFileName042,picuture_file_042
Text_en,Picture/PicutureFileName043,picuture_file_043
Text_en,Picture/PicutureFileName044,picuture_file_044
Text_en,Picture/PicutureFileName045,picuture_file_045
Text_en,HUD/DialyOpenMessage,There's a new diary entry!
Text_en,Picture/PicutureName002,Special Illustration by mamimu
Text_en,Picture/PicutureName003,Special Illustration by odyk
Text_en,Picture/PicutureName004,Guest Illustration by RIUICHI
Text_en,Picture/PicutureName005,Guest Illustration by Aiam iam
Text_en,Picture/PicutureName006,Guest Illustration by Numataᶻᴼᴹᴮᴵᴱ
Text_en,Picture/PicutureName007,Guest Illustration by momosu momo
Text_en,Picture/PicutureName008,Guest Illustration by kokamumo
Text_en,Picture/PicutureName009,Guest Illustration by HEART
Text_en,Picture/PicutureName010,Guest Illustration by Shiba
Text_en,Picture/PicutureName011,Guest Illustration by SIVcha
Text_en,Picture/PicutureName012,Guest Illustration by BALANCE
Text_en,Picture/PicutureName013,Guest Illustration by tira
Text_en,Picture/PicutureName014,Guest Illustration by kanikama
Text_en,Picture/PicutureName015,MainVisual by mamimu
Text_en,Picture/PicutureName016,Qchan_Event
Text_en,Picture/PicutureName017,Qchan_Rhythm
Text_en,Picture/PicutureName018,"Qchan_Rhythm-
TinfoilHat"
Text_en,Picture/PicutureName019,"Qchan_Rhythm-
Dazzling"
Text_en,Picture/PicutureName020,"Qchan_Rhythm-
Mushroom"
Text_en,Picture/PicutureName021,"Qchan_Rhythm-
ZONe"
Text_en,Picture/PicutureName022,Qchan_ZONe
Text_en,Picture/PicutureName023,Qchan_Search
Text_en,Picture/PicutureName024,Qchan_ByeBye
Text_en,Picture/PicutureName025,"Qchan_Viral
Conspiracy"
Text_en,Picture/PicutureName026,Qchan_Cracked
Text_en,Picture/PicutureName027,Qchan_Cat
Text_en,Picture/PicutureName028,Qchan_Professor
Text_en,Picture/PicutureName029,"Qchan_Denpatic
DelusionalBeautyQ"
Text_en,Picture/PicutureName030,Qchan_Wand
Text_en,Picture/PicutureName031,Qchan_Mama?
Text_en,Picture/PicutureName032,Yunyun_Float
Text_en,Picture/PicutureName033,Yunyun_Yukkuri
Text_en,Picture/PicutureName034,"Yunyun_Finger
Wag"
Text_en,Picture/PicutureName035,Yunyun_Swing!
Text_en,Picture/PicutureName036,"Yunyun_Glasses
Adjust"
Text_en,Picture/PicutureName037,Yunyun_Muchuu!
Text_en,Picture/PicutureName038,Yunyun_Cheer
Text_en,Picture/PicutureName039,"Yunyun_Receive
Denpa"
Text_en,Picture/PicutureName040,"Yunyun_Viral
Conspiracy"
Text_en,Picture/PicutureName041,Yunyun_Horn
Text_en,Picture/PicutureName042,Yunyun_Point
Text_en,Picture/PicutureName043,Yunyun_No
Text_en,Picture/PicutureName044,Yunyun_ByeBye
Text_en,Picture/PicutureName045,Bedroom & Living Room
Text_en,Picture/PicutureFileName001,picuture_file_001
Text_en,Keyboard/Gold/Title,Ranker Keyboard
Text_en,QLogos/QLogos_Title_02,<size=36>Q Principle Ⅱ: Others can never truly love me</size>
Text_en,QLogos/QLogos_Title_03,<size=36>Q Principle Ⅲ: No one else will save me</size>
Text_en,QLogos/QLogos_Title_04,<size=36>Q Principle Ⅳ: Fiction is the only salvation</size>
Text_en,QLogos/QLogos_Title_05,<size=36>Q Prinicple Ⅴ: Yunyun is my delusion</size>
Text_en,QLogos/QLogos_Title_06,<size=36>Q Principle Ⅵ: The world is but denpa in my mind</size>
Text_en,QLogos/QLogos_Title_07,<size=36>Q Principle Ⅶ: Only denpa can soothe me</size>
Text_en,QLogos/QLogos_Title_08,<size=36>Q Principle Ⅷ: Only I can save myself</size>
Text_en,QLogos/QLogos_Title_09,<size=36>Q Principle Ⅸ: My denpa will destroy the world</size>
Text_en,QLogos/YLogos_Title_00,<size=36>YUN Principle: Yunyun Denpa Syndrome</size>
Text_en,QLogos/QLogos_Title_01,<size=36>Q Principle Ⅰ: Reality is cruel</size>
Text_en,QLogos/QLogos_Text_01,―Mama is dead.
Text_en,QLogos/QLogos_Text_02,"―Not Mama, not Papa, neither of them loved me."
Text_en,QLogos/QLogos_Title_03_OFF,<size=36>Q Principle Ⅲ</size>
Text_en,QLogos/QLogos_Text_03,―I'll always be alone.
Text_en,QLogos/QLogos_Title_04_OFF,<size=36>Q Principle Ⅳ</size>
Text_en,QLogos/QLogos_Text_04,―In fiction alone I find love.
Text_en,QLogos/QLogos_Title_05_OFF,<size=36>Q Prinicple Ⅴ</size>
Text_en,QLogos/QLogos_Text_05,―The other “me.”
Text_en,QLogos/QLogos_Title_06_OFF,<size=36>Q Principle Ⅵ</size>
Text_en,QLogos/QLogos_Text_06,"―If it feels like a dream, it must be so."
Text_en,QLogos/QLogos_Title_07_OFF,<size=36>Q Principle Ⅶ</size>
Text_en,QLogos/QLogos_Text_07,―The cruelty of reality broke me.
Text_en,QLogos/QLogos_Title_08_OFF,<size=36>Q Principle Ⅷ</size>
Text_en,QLogos/QLogos_Text_08,―Yunyun is my only salvation. And Yunyun... is me.
Text_en,QLogos/QLogos_Title_09_OFF,<size=36>Q Principle Ⅸ</size>
Text_en,QLogos/QLogos_Text_09,"―I've gone mad, so that's just how it is."
Text_en,QLogos/YLogos_Title_00_OFF,<size=36>YUN Principle</size>
Text_en,HUD/TODO/Charisma_VS-P01_TITLE,Defeat P-chan in the SNS war!!
Text_en,QLogos/YLogos_Text_00,―This world is the manifestation of Q-chan's Yunyun-immersed brain waves.
Text_en,Diary/Diary_001_TITLE,XXX0_0216.txt
Text_en,Story/002_Main_000_010/NegativeComment2,Reads like pure conspiracy theory lol
Text_en,Story/002_Main_000_010/NegativeComment11,ゆんゆんｗｗｗ
Text_en,Story/002_Main_000_010/NegativeComment12,yunyun? THAT yunyun?
Text_en,Story/002_Main_000_010/NegativeComment13,REPORTED!
Text_en,Story/002_Main_000_010/NegativeComment14,ひぇ
Text_en,Story/002_Main_000_010/NegativeComment15,草
Text_en,Story/002_Main_000_010/PositiveComment1,Is she actually a prophet?
Text_en,Story/002_Main_000_010/NegativeComment3,Yunyun earthquake prophecy
Text_en,Story/002_Main_000_010/NegativeComment4,yunyun looks like a retard huh?
Text_en,Story/002_Main_000_010/NegativeComment5,Yunyun died ages ago
Text_en,Story/002_Main_000_010/NegativeComment6,who's even following her? lol
Text_en,Story/002_Main_000_010/NegativeComment7,yikes
Text_en,Story/002_Main_000_010/NegativeComment8,is she fucking serious?
Text_en,Story/002_Main_000_010/NegativeComment9,gross
Text_en,Story/002_Main_000_010/NegativeComment10,fact check please
Text_en,DemoTitleBar,Yunyun Denpa Syndrome Demo Version {version}
Text_en,Story/002_Main_000_010/NewsText,"The JMA recorded a magnitude 5 earthquake today at approximately ××:××. Quake was localized around the city of ××××, registering magnitude 5 in ××××. Authorities are in the process of confirming injuries and property damages."
Text_en,Story/002_Main_000_010/PositiveComment2,Q-CHAN IS GOD
Text_en,Story/002_Main_000_010/PostText1,"I truly love Yunyun. So completely do I adore her. No one else could possibly comprehend what it's like. It's not even possible to express in words how much I love her, I'm 99% sure it's a pathological obsession..."
Text_en,Story/002_Main_000_010/VideoTitle1,Q Denpa Antenna lol
Text_en,Story/002_Main_000_010/NewsTitle,"【Earthquake Early Warning】 Magnitude 5 earthquake registered near the city of ××××, no tsunami risk."
Text_en,Story/002_Main_000_010/VideoText1,"Did a deep dive into those shitposts on SNS.
[Mysterious Shitposts] Are Q-chan shitposts using a cipher based on the frequency she writes “Yun” to predict earthquakes!?
What's the secret behind her code and when is the earthquake expected?
<color=#1D9BF0>qtube.be/fgjhk...</color>"
Text_en,UITitle/YunYun/Title_010_001/01_01,"> Yunyun
...Q-chan's heart shattered from the shock..."
Text_en,Story/003_Main_000_000/VideoImageText1,"Yunyun’s Creator
The Origin Story"
Text_en,Story/003_Main_000_000/VideoText1,"The character whose popularity is exploding online: Yunyun! Her original creator and voice actress discuss what makes her so appealing!
<color=#1D9BF0>qnews.be/news/6699...</color>
Q. Was the very topical Q-chan involved somehow in the original work?
A. WHO YOU: To be clear, Q-chan is actually..."
Text_en,Story/YUNYUN_005_Main_000_020/SELECT_YES,Receive Denpa
Text_en,Story/YUNYUN_005_Main_000_060/DIALOG_MESSAGE1,Uninstall Yunyun Denpa Syndrome?
Text_en,Story/YUNYUN_005_Main_000_060/DIALOG_MESSAGE2,Uninstall Yunyun Denpa Syndrome?
Text_en,Story/YUNYUN_005_Main_000_060/DIALOG_MESSAGE3,You have to Uninstall Yunyun Denpa Syndrome!
Text_en,Story/YUNYUN_005_Main_000_060/DIALOG_MESSAGE4,Uninstalling Yunyun Denpa Syndrome
Text_en,Story/YUNYUN_005_Main_000_060/DIALOG_YES,Uninstall
Text_en,Story/conspiracy_theory_001_3/NEWS_TITLE,More Yunyun shitposts!
Text_en,Story/YUNYUN_005_Main_000_060/DIALOG_NO,Cancel
Text_en,Story/YUNYUN_005_Main_000_060/Reaction2,Happy happy～! Yunyun!
Text_en,Story/YUNYUN_005_Main_000_060/Reaction3,My brain's going all yunyunny～～
Text_en,Story/YUNYUN_005_Main_000_060/Reaction4,Say goodbye to alllll the bad thoughts...
Text_en,Story/YUNYUN_005_Main_000_060/Reaction5,One million Rim de Lacents of gratitude!
Text_en,Event/News/Base/hedder1,Top
Text_en,UITitle/Start3,START REALITY?
Text_en,Story/YUNYUN_005_Main_000_060/Reaction1,So happy～～!
Text_en,Story/YUNYUN_999_ED_080_000/Reaction2,Isn't that higher than the world's population?
Text_en,Story/conspiracy_theory_005_3/MESSAGE,Is Yunyun still popular in 2112?
Text_en,Story/conspiracy_theory_002_4/NEWS_TEXT,"<size=20>Dimensional collapse indicators detected. Data influx across dimensional boundary exceeding information capacity threshold. Boundary structure destabilization resulting in spontaneous creation of interdimensional communication channels. These phenomena likely indicate impending dimensional collapse. The cause can be assumed the result of non-convergent information pertaining to Yunyun and Q-chan.
</size>"
Text_en,Story/conspiracy_theory_003_3/MAMA_TALK,Sorry. I must hate you so fucking much it's like my allergies are going off. Makes me think how great it'd be to just haul your ass off to an animal shelter.
Text_en,Story/conspiracy_theory_005_3/SELECT_1,Everyone knows about her
Text_en,Story/YUNYUN_999_ED_010_000/DialogMessage,She's sprouting mushrooms!
Text_en,Story/conspiracy_theory_005_3/MESSAGE2,CRITICAL DESYNCHRONIZATION DETECTED. ENDING STATE MAY BE AFFECTED. INITIATING REBOOT FOR WORLD LINE RECOVERY.
Text_en,Story/conspiracy_theory_006_3/MAMA_TALK1,"Is it tough being alone?
In this world, no happiness awaits
those who don't make an effort.
There is an eternity.
Let me reach the goal already!
There really is no god, is there?
Aahhh... AAAHHHHHHHHH!!!"
Text_en,Story/conspiracy_theory_005_3/SELECT_2,She has a niche audience
Text_en,Story/conspiracy_theory_005_3/SELECT_3,RIP Yunyun
Text_en,Story/conspiracy_theory_005_3/SELECT_4,"The two found happiness under a clear, blue sky"
Text_en,Story/conspiracy_theory_005_3/MESSAGE1,WORLD LINE ERROR DETECTED. MALFUNCTION CAUSED BY FOREIGN ENTITY.
Text_en,Story/conspiracy_theory_006_3/MAMA_TALK2,"In this world, no happiness awaits to those who don't make an effort."
Text_en,Story/conspiracy_theory_006_3/MAMA_TALK3,There is an eternity.
Text_en,Story/conspiracy_theory_006_3/MAMA_TALK4,Let me reach the goal already!
Text_en,Story/conspiracy_theory_006_3/MAMA_TALK5,"There really is no god, is there?"
Text_en,Story/conspiracy_theory_006_3/MAMA_TALK6,Aahhh... AAAHHHHHHHHH!!!
Text_en,Story/conspiracy_theory_007_3/NewsMessage,"【Breaking News】 The entire romance genre is now outlawed. The conspiracy theory implicating Satanism as the cause of catastrophic productivity drops has been confirmed by the federal government, with the information ethics commission announcing that investigation of the long-disputed conspiracy theory that, “Satanists have intentionally been utilising the romance genre to reduce the productivity of working people”, has confirmed this as a legitimate concern affecting all works of fiction. Consequently, all games, comics, novels, and any other works which depict romance are now prohibited and all materials in circulation will be collected and disposed of."
Text_en,UITitle/Help/Reset,Recovery
Text_en,Story/conspiracy_theory_007_3/NewsTitle,The Satanists Behind the Romance Industry
Text_en,Story/conspiracy_theory_008_3/PostMessage1,I am also a bot made to love Yunyun.
Text_en,Story/conspiracy_theory_008_3/Reaction1,nope
Text_en,Story/conspiracy_theory_008_3/Reaction2,nope
Text_en,Story/conspiracy_theory_008_3/Reaction3,You might be a degen but you're not a bot
Text_en,Story/conspiracy_theory_008_3/Reaction4,nope
Text_en,Story/conspiracy_theory_008_3/Reaction5,You might be a degen but you're not a bot
Text_en,Story/conspiracy_theory_008_3/Reaction6,You might be a degen but you're not a bot
Text_en,Story/conspiracy_theory_010_3/NewsMessage,Followers of the Q-chan cult are attempting to buy out all property surrounding Q-chan's home in a five kilometer radius to cordon off as a religious site.
Text_en,Story/conspiracy_theory_010_3/MAMA_TALK2,"They said they're your followers so I went ahead and sold the apartment to them. Told me they'll be providing for your needs from now on. Works for me. So yeah, bye!"
Text_en,Story/conspiracy_theory_011_3/NewsMessage,"All educational facilities across the nation have suddenly exploded. Miraculously, no injuries or fatalities have been reported. All classes have been cancelled for the day while the incident is being investigated as a potential terrorist attack."
Text_en,Story/conspiracy_theory_010_3/MAMA_TALK1,I can't get home cuz some religious(?) people closed down the roads.
Text_en,Story/conspiracy_theory_011_3/MAMA_TALK2,"I talked it over with my cousin's aunt and she's agreed to take you in, Kurumi. Isn't that great? I'm sure she'll be a wonderful Mama for you. As for me, actually, I'm expecting a new baby soon with my boyfriend..."
Text_en,Story/conspiracy_theory_013_3/MAMA_TALK1,"I'll be fine. I've always been alone here waiting for you, after all."
Text_en,Story/conspiracy_theory_011_3/MAMA_TALK1,Dear Kurumi. I'm sorry I could never be the mother you deserved. I want to make amends.
Text_en,Story/conspiracy_theory_013_3/MAMA_TALK2,"I'm sure you're okay too, but I'm maybe just a tiny bit worried."
Text_en,Story/conspiracy_theory_013_3/NewsMessage,It's been 28 days since the start of the zombie apocalypse. Authorities are warning that zombies are beginning to trace back the steps of their old lives and mimic habits from when they were alive.
Text_en,Story/conspiracy_theory_014_4/DialogMessage1,Denpa Song■■Open
Text_en,Story/conspiracy_theory_014_4/DialogMessage2,Looks like it's broken.
Text_en,Story/conspiracy_theory_014_4/DialogMessage3,Full Cl■■r: Execute
Text_en,Story/conspiracy_theory_014_4/DialogMessage4,Initiate Safemode
Text_en,Story/conspiracy_theory_014_4/DialogMessage5,This is not currently necessary.
Text_en,Story/conspiracy_theory_014_4/DialogMessage6,This is a test: Thank you for your cooperation.
Text_en,Story/conspiracy_theory_017_3/NewsMessage,"Fires igniting across the country; including on people!? Incident confirmed to involve a humanoid android. Miraculously, casualties remain at 0."
Text_en,Story/conspiracy_theory_017_3/MAMA_TALK2,"Dear 縺上ｋ縺ｿ,"
Text_en,Story/conspiracy_theory_017_3/MAMA_TALK3,"I'm finee e e. Mama's all safe. It seems
a stay-at-home order has been issued,
so I'll be home soon, okay?"
Text_en,Story/conspiracy_theory_017_3/MAMA_TALK4,qawsedrftgyhujikolp
Text_en,Story/conspiracy_theory_018_3/MAMA_TALK1,"I'm so done with this. Fucking hate no lifers and otaku. Why is this happening to me...? They're so malicious, exclusionary, and just awful! And you, you no lifer otaku... Fucking hate you too!"
Text_en,Story/conspiracy_theory_017_3/MAMA_TALK1,"Mama. Apparently fires have been starting all over the place, but are you alright? Try to be extra careful, okay?"
Text_en,Story/conspiracy_theory_019_3/MAMA_TALK1,"Mama. So actually, I got an honorary doctorate! I’ve been recognized as an authority in “Moé Studies” and it's all over the news! So Mama, you don't need to worry about my education anymore!"
Text_en,Story/conspiracy_theory_019_3/MAMA_TALK2,"Honorary doctorate lol. So I'm sure by tomorrow you'll be employed then?
And can move your ass out of the house? Looking forward to it!"
Text_en,Story/conspiracy_theory_021_3/MAMA_TALK1,"Dear my beloved Kurumi,
Sorry for being out so late today. I'll make your favorite hamburg steak for you when I get home, so look forward to eating that together! I love youuuu～!
PS: We'll continue our board game after dinner, okay?"
Text_en,Story/conspiracy_theory_022_3/MAMA_TALK1,"Mama, I heard a bunch of buildings collapsed in the business district, are you alright? You didn't get hurt or anything, did you? I'm really worried!"
Text_en,Story/conspiracy_theory_022_3/MAMA_TALK2,"I'm good. Our building is all busted up, so I guess I won't have to go in for a while."
Text_en,Story/conspiracy_theory_022_3/MAMA_TALK3,"It just crossed my mind, but saying “Mama, Mama” is like some kind of mantra for enslavement, don't you think? You understand what it actually means to properly move past that part of life, right?"
Text_en,Story/conspiracy_theory_022_3/MAMA_TALK4,"How do we get you past this dependency? Won't you help me?
Do I have to beg?
Please, save me! Release me from the bonds of being your mother!
I'm begging you!"
Text_en,Story/conspiracy_theory_022_3/MAMA_TALK5,...Don't you EVER call me “Mama” again!
Text_en,Story/conspiracy_theory_024_3/Reaction1,Quit social media! Escape slavery! Return to humanity!
Text_en,Story/YUNYUN_999_ED_080_000/Reaction1,Are they aliens or something?
Text_en,Story/conspiracy_theory_024_3/NewsMessage,Death threats against anti-social media activists are pouring in. Opponents of the anti-social media movement have begun to engage in physical altercations with activists.
Text_en,UITitle/Help/Form,Report Error
Text_en,HUD/Shortcut/MAMA,MAMA
Text_en,UI/YunyunSyndromeError2,It's not usable.
Text_en,Export/All,ALL
Text_en,UIVideo/Skip,Skip video?
Text_en,UITitle/Exit,EXIT
Text_en,UIBoot/Sequence2,"[RECEIVING SIGNAL FROM YUNYUN ENTITY]
"
Text_en,UIBoot/Sequence3,"....................
"
Text_en,UIBoot/Sequence4,ERROR: IDENTITY OVERLAY DETECTED
Text_en,UIBoot/Sequence5,merging user with entity
Text_en,UIBoot/Sequence7,SYNC COMPLETE
Text_en,UIBoot/Sequence8,Welcome to Yunyun Denpa Syndrome
Text_en,UIBoot/Copyright,"Q SYSTEM version 0.88 / YYDS Fan TL (Meteo) v0.3.0
©Alliance Arts Inc. / Developed by WHO YOU"
Text_en,UIDebugMenu/Button2,Full C■ear
Text_en,UIDebugMenu/Button3,Safe Mode
Text_en,UIDebugMenu/Button4,Execute
Text_en,UIDebugMenu/Button5,This is a test
Text_en,UIDebugMenu/ButtonText1,Execute?
Text_en,UIDebugMenu/Button7,Test
Text_en,Event/Post/YUNYUN_003_Main_000_020-2/Reply,88
Text_en,UIDebugMenu/ButtonText2,Execute!
Text_en,UIDebugMenu/Button6,Reset
Text_en,UIDebugMenu/Button1,Denpa Song■■Open
Text_en,UIInGame/LatencyAdjustment/Result,Lag Adjustment: {time}
Text_en,Common/Param/Level4,BURSTING
Text_en,UIInGame/LatencyAdjustment/Exit,Done calibrating?
Text_en,UIInGame/LatencyAdjustment/Apply,Apply Changes
Text_en,UIInGame/LatencyAdjustment/Text,"Press Enter to the beat! This will make a recommendation based on the average of the last four taps!
(Hold Enter to apply the change!)"
Text_en,Common/Card/DokiDoki,DOKIDOKI
Text_en,UIInGame/Result/RankStar1,1★☆☆☆☆
Text_en,UIInGame/Pose/Continue,CONTINUE
Text_en,UIInGame/Pose/Retire,RETIRE
Text_en,HUD/Shortcut/Keyborad,Keyboard
Text_en,UIInGame/Profile/AccountID,@yunyuniloveyou
Text_en,UIInGame/Profile/AccountMessage,Yunyun I Love you.
Text_en,UIInGame/Profile/AccountName,Q-chan
Text_en,UIInGame/Profile/FollowText,Following
Text_en,UIInGame/Profile/FollowerText,Followers
Text_en,UIInGame/Result/SlotAdvice,Select three of the posts Q-chan created!
Text_en,UIInGame/Result/RankText,RANK
Text_en,UITutorial/EndButton,CLOSE
Text_en,UITutorial/YunYunMode/Page1/Title,■Yunyun Soul Integration Mode
Text_en,UITutorial/TutorialGeass/Page1/Title,■Conspiracy Control Geass
Text_en,UIInGame/Result/RankStar2,2★★☆☆☆
Text_en,UIInGame/Result/RankStar3,3★★★☆☆
Text_en,UIInGame/Result/RankStar4,4★★★★☆
Text_en,UIInGame/Result/RankStar5,5★★★★★
Text_en,UIScoreList/SongSort,Song Title
Text_en,Story/conspiracy_theory_007_3/MAMA_TALK1,"You are no longer my “daughter” as far as dependency laws are concerned, so from now on we are effectively strangers, you got that? Such a damn relief! And no more calling me “Mama!” With any luck you'll be out by the end of the month..."
Text_en,HUD/Score/Arrangement ,Arrangement: {name}
Text_en,UIInGame/Result/SlotSkipLabel,SLOTS
Text_en,UIInGame/Result/ParameterUp,PARAMETER UP
Text_en,HUD/Trash/DialogTitle,> Yunyun
Text_en,UIInGame/Result/SlotSkipButton,AUTO
Text_en,UIInGame/Result/SlotYunYunText2,And the Denpa Antennas' interpretation is...?
Text_en,UIInGame/Result/SlotYunYunText3,And the internet's reaction is...?
Text_en,UIInGame/Result/SlotYunYunText4,That's the world's choice...!
Text_en,UIInGame/Result/SlotYunYunText5,What could it be? What could it be!?
Text_en,UIInGame/Result/SlotYunYunText6,wktk... wktk!
Text_en,HUD/TODO/FirstPlay_TITLE,Click on Denpa Songs!
Text_en,TitleBar,Yunyun Denpa Syndrome Version {version}
Text_en,UIInGame/Tutorial/TutorialStepNext,NEXT
Text_en,UIInGame/Tutorial/TutorialStepEnter,ENTER
Text_en,UITutorial/Exit,Wanna end the tutorial?
Text_en,UITutorial/TutorialFirst/Page2/Title,■Denpa Songs
Text_en,UIInGame/Tutorial/TutorialStepTitle2,LONG NOTES
Text_en,UIInGame/Tutorial/TutorialStepTitle3,RUSH NOTES
Text_en,UIInGame/Tutorial/TutorialEnd,Wanna end the tutorial?
Text_en,UIInGame/Tutorial/TutorialStepText1,Press the key when the note hits the judgment line!
Text_en,UIInGame/Tutorial/TutorialStepText2,Hold down the key when the note reaches the judgment line!
Text_en,UIInGame/Tutorial/TutorialStepText3,Repeatedly mash the note's keys!
Text_en,UIInGameResult/SelectConspiracyTheory/Message2,Q Denpa Antennas can now be manipulated by your Conspiracy Control Geass! This allows you to select the Conspiracy you want to go viral!
Text_en,UIInGameResult/SelectConspiracyTheory/Message3,"Spend 50% CHARISMA to select which Conspiracy will go viral?
(Post selection cannot be changed if activated.)"
Text_en,UIInGameResult/SelectConspiracyTheory/Message4,Conspiracy selection confirmed!
Text_en,QLogos/QLogos_Title_02_OFF,<size=36>Q Principle Ⅱ</size>
Text_en,UIInGameResult/SelectConspiracyTheoryVoice2,Let your heads swirl!
Text_en,UIInGameResult/SelectConspiracyTheoryVoice3,The Yunyun-loving otaku has spoken!
Text_en,Keyboard/Arumi/Get,Tinfoil Hat
Wiki_en,Q_WIKI1_BLOCK1_TEXT_2,"Q-chan is a pseudonymous poster who gained significant notoriety after their sudden debut on the internet. Their feed consists of a torrent of incomprehensible, disjointed shitposts, which has attracted a sizable number of interpreters and followers.
Though initially regarded as an internet meme, the account has over time gained a significant amount of influence due to various events detailed below and is now considered central to the phenomenon known as “Yunyun Denpa Syndrome.”"
Text_en,UILanguage/Close,Close(仮テキスト)
Text_en,UILanguage/Title,Language(仮テキスト)
Text_en,HUD/Demo/TgsEnd,You've exceeded your demo time.
Text_en,UIMenu/Language,Language(仮テキスト)
Text_en,UIScoreList/Title,Score List(仮テキスト)
Text_en,UIBoot/Sequence1,boot sequence:::START
Text_en,UIMenu/Close,Close(仮テキスト)
Text_en,UIMenu/Adjust,Adjust(仮テキスト)
Text_en,UIMenu/Novel,Novel(仮テキスト)
Text_en,UIOutGame/Play,Play(仮テキスト)
Text_en,UIOutGame/Back,Title(仮テキスト)
Text_en,UIOutGame/Title,OutGame(仮テキスト)
Text_en,UIMenu/Title,Menu(仮テキスト)
Text_en,UIRanking/Rank,RANK
Text_en,UIScoreList/NormalFilter,Base
Text_en,UIRanking/UserName,USERNAME
Text_en,UIRanking/Score,SCORE
Text_en,Bgm/BGM_001_0010,Observing Glitch “YUN-YUN” -Fragment-
Text_en,UIRanking/Update,UPDATE
Text_en,UIRanking/LevelTitle,DIFFICULTY
Text_en,UIRanking/Rate,RATING
Text_en,UISNS/Level2,Level 2
Text_en,UISNS/Level3,Level MAX
Text_en,HUD/TODO/Charisma_Chapter5-1_TITLE,Receive more denpa!
Text_en,UISaveLoad/Memory,MEMORY {num}
Text_en,UISetting/Game/ShowDiffTime,±Timing Error Display
Text_en,HUD/Score/ScoreEditer,Beatmap: {name}
Text_en,UISaveLoad/Episode,EPISODE {text}
Text_en,UISaveLoad/KeyMemory02,KEY MEMORY 02
Text_en,Ending/Category/End,END?
Text_en,UISaveLoad/OverrideSaveSlot,Wanna overwrite your save?
Text_en,UISaveLoad/Info,"▼DATE
 {yyyy}/{MM}/{dd}
 {time}"
Text_en,UISaveLoad/DontSaveSlot,You can't overwrite this save!
Text_en,UISaveLoad/NewSlotName,01: The First Signal
Text_en,UIManager/Connect,Connecting(仮テキスト)
Text_en,UITutorial/RhythmMode/Page5/Title,■DEGENERATE
Text_en,UIScoreList/DLCFilter,DLC
Text_en,UIInGame/StartText,"Title: {title}
Singer: {singer}
Lyrics: {lyricist}
Composer: {composer}
Arrangement: {arran}
Beatmap: {score_editor}"
Text_en,UIStory/Chapter1,"Part 1 of the story. The prologue.
(Some Conspiracies are restricted from appearing.)"
Text_en,UIScoreList/NumberSort,Default
Text_en,UIScoreList/Back,Close(仮テキスト)
Text_en,HUD/Keyboad/Select,Equip
Text_en,UISetting/Volume/VolumeTitle,Volume
Text_en,UISetting/Game/Mirror,Mirror Mode
Text_en,UIInGame/LatencyAdjustment/Title,Calibration
Text_en,UISetting/KeyConfig/Title,Key Config
Text_en,UISetting/Game/BgColor,BG Brightness
Text_en,UISetting/Game/BuzzEffect,Shitpost Card Pulls
Text_en,UITutorial/SettingLaneBgColor/Page1/Title,■LANE BG BRIGHTNESS
Text_en,UISetting/Game/Voice,Voice
Text_en,UISetting/Game/EffectSE,Effect SFX
Text_en,UISetting/Game/CycleBgColor,Spiral BG Brightness
Text_en,UISetting/Game/LaneType/Wide,Wide
Text_en,UISetting/Game/Adjust,Timing Offset
Text_en,UISetting/Game/LaneType/Slim,Slim
Text_en,UITutorial/LatencyAdjustment/Page1/Title,■Latency
Text_en,UISetting/Game/SameLine,Draw Multi-lines
Text_en,UISetting/Language/LanguageTitle,Language
Text_en,UISetting/Game/LaneType,Lane Type
Text_en,UISetting/Game/OFF,Off
Text_en,UITutorial/SettingPostOff/Page1/Title,■Cancel Shitpost Upload
Text_en,UISetting/Game/CharaShow,Character Display
Text_en,UITutorial/SettingShakeBg/Page1/Title,■Screen Shake
Text_en,UIInGame/Pose/Setting,SETTINGS
Text_en,UISetting/Game/NoteSpeed,Note Speed
Text_en,UISetting/Game/ON,On
Text_en,Story/002_Main_000_010/NegativeComment1,what a shitpost
Text_en,UISetting/KeyConfig/Lane2,Lane 2
Text_en,UISetting/KeyConfig/Lane3,Lane 3
Text_en,UISetting/KeyConfig/Lane4,Lane 4
Text_en,UISetting/KeyConfig/Post,POST
Text_en,UISetting/Language/ja,日本語
Text_en,UIInGame/LevelText,Difficulty
Text_en,UISetting/KeyConfig/Message,Press the key you want to set for {lane}!
Text_en,UISetting/KeyConfig/Lane1,Lane 1
Text_en,UISetting/KeyConfig/MessageTitle,> Yunyun
Text_en,UISetting/Language/TC,繁體中文
Text_en,UISetting/Language/ko-KR,한국어
Text_en,UISetting/Language/SC,简体中文
Text_en,UISetting/Language/en,English
Text_en,UISetting/Default,Default
Text_en,UISetting/Message1End,"Yunyun
Adjust the settings to your preference! Here's how fast the text is!"
Text_en,UISetting/Message2,"Yunyun
Get into the rhythm!"
Text_en,UISetting/Message3,"Yunyun
Key config!"
Text_en,UISetting/Message4,"Yunyun
It's set to English now!"
Text_en,UISetting/System/SystemTitle,Options
Text_en,UISetting/System/Framerate/VSync,VSync
Text_en,UISetting/System/Framerate/Auto,Unlimited
Text_en,UISetting/Game/LaneBgColor,Lane BG Brightness
Text_en,UISetting/System/Framerate/120FPS,120FPS
Text_en,UISetting/System/TextSpeed,Text Speed
Text_en,UISetting/System/Framerate/60FPS,60FPS
Text_en,UISetting/System/Resolution/3840_2160,3840 x 2160
Text_en,UISetting/System/Resolution/854_480,854 x 480
Text_en,UISetting/System/Framerate,Framerate
Text_en,UISetting/System/Resolution/1280_720,1280 x 720
Text_en,UISetting/System/Resolution/1440_900,1440 x 900
Text_en,UISetting/System/Resolution/1600_900,1600 x 900
Text_en,UISetting/System/Resolution/1920_1080,1920 x 1080
Text_en,UISetting/System/Resolution/2560_1440,2560 x 1440
Text_en,UITitle/Help/Discord,Discord
Text_en,UISetting/System/Screen/Window,Windowed
Text_en,UISetting/System/Screen/FullScreenBorderLess,Borderless
Text_en,UISetting/System/Resolution,Resolution
Text_en,UISetting/System/Screen/FullScreen,Fullscreen
Text_en,UISetting/System/Screen,Screen
Text_en,UISetting/System/TextSpeed/Slow,Slow
Text_en,UISetting/System/TextSpeed/Max,Max
Text_en,UISetting/Volume/Master,Master Volume
Text_en,UISetting/System/TextSpeed/Fast,Fast
Text_en,UISetting/System/TextSpeed/Normal,Normal
Text_en,UISetting/Tab/Key,Key Config
Text_en,UISetting/Tab/Language,Language
Text_en,UISetting/Message1,"Yunyun
Adjust the settings to your preference!"
Text_en,UISetting/Tab/Game,Rhythm Game
Text_en,UISetting/Volume/EventSE,Event SFX
Text_en,UISetting/Game/Title,Rhythm Game
Text_en,UISetting/Volume/Song,Denpa Songs
Text_en,UISetting/Game/TestMode,Tutorial / Settings Preview
Text_en,UISetting/Volume/Max,Max
Text_en,UISetting/Volume/SystemSE,General SFX
Text_en,UISetting/Volume/Voice,General Voice
Text_en,UISetting/Volume/BGM,BGM
Text_en,UISetting/Volume/Min,0
Text_en,UIStory/Chapter2,"Part 2 of the story! The main part!
Aim for 100% Denpa Level!
(Make lots of 5★ Conspiracies go viral!)"
Text_en,Event/MiniTalk/YUNYUN_005_Main_000_057_0,...That noise is getting louder...
Text_en,InGameResult/LateAverage,AVERAGE
Text_en,UITitle/Load,LOAD DREAM
Text_en,UIInGame/Result/HighScoreText,HIGH SCORE
Text_en,UITitle/Extra/Credit,CREDITS
Text_en,UISetting/Tab/System,System
Text_en,UITitle/YunYun/ExtraMessage,"> Yunyun
A special page!"
Text_en,UITitle/Extra/BGM,BGM GALLERY
Text_en,UIInGame/Result/Reaction1,草wwwww
Text_en,UITitle/Help/SecretError,"Not enough denpa!
It doesn't seem like it'll work until you reach 100%."
Text_en,UITitle/Help/Notify,Contact
Text_en,UITitle/Help/Secret,Denpa Transmission
Text_en,UITitle/Help/ResetMessage,"Reset “Yunyun's Memories”?
※ High Scores, Songs Unlocked, and My Pictures will not be reset.
※ Denpa Level not tied to your scores will be reset."
Text_en,UITitle/YunYun/Title_020_010/01_01,"> Yunyun
“...Recovery...”
You mean resetting the world's Denpa Level to zero?"
Text_en,UITitle/Help/Back,BACK
Text_en,UISaveLoad/LoadSlot,Wanna load your save?
Text_en,UITitle/Extra,EXTRA
Text_en,UITitle/Start,NEW DREAM
Text_en,UITitle/YunYun/Message1,"> Yunyun
Haaah～～! What a completely miserable shortage of denpa!"
Text_en,HUD/LockDrag,I can't grab it right now.
Text_en,UITitle/Extra/Event,OP MOVIE
Text_en,UITitle/Title,MAIN MENU
Text_en,UISaveLoad/AutoSave,AUTOSAVE
Text_en,UITitle/YunYun/Message2,"> Yunyun
Wawa! It broke! Let's go check LOAD DREAM!!"
Text_en,UITitle/StartError,ERROR縺?繧?ｓ
Text_en,UITitle/YunYun/Message4,"> Yunyun
These feelings need to reach Q-chan...!"
Text_en,UITitle/YunYun/Message5,"> Yunyun
Yunyuu～n!"
Text_en,UITitle/Extra/Back,BACK
Text_en,UITitle/YunYun/Title_000_000/02_01,"> Yunyun
Ehehe～ Today is Yunyun's birthday!"
Text_en,UITitle/YunYun/Title_000_000/03_01,"> Yunyun
Happy birthday! Congratulations, Q-chan!"
Text_en,UITitle/YunYun/Title_000_000/04_01,"> Yunyun
Happy New Year～!"
Text_en,UITitle/YunYun/Title_000_000/05_01,"> Yunyun
Happy Christmas!
Let's wreck some normies!"
Text_en,UITitle/YunYun/Title_000_000/06_01,"> Yunyun
...Huh? Why is Yunyun here alone...?"
Text_en,UITitle/YunYun/Title_000_000/06_02,"> Yunyun
...We promised...
...We'd always be together..."
Text_en,UITitle/YunYun/Title_000_000/06_03,"> Yunyun
...This must be... Yunyun gets it now...
She's on the inside... of Q-chan's fractured mind."
Text_en,UITitle/YunYun/Title_000_000/06_04,"> Yunyun
...Yunyun sees them all. Q-chan's memories of Yunyun... The delusions of Yunyun in her mind."
Text_en,UITitle/YunYun/Title_000_000/06_05,"> Yunyun
...Yunyun Denpa Syndrome..."
Text_en,UITitle/YunYun/Title_000_000/07_01,"> Yunyun
This way, as the ever-harebrained Yunyun,
I can once again connect Q-chan to denpa..."
Text_en,UITitle/YunYun/Title_000_000/07_02,"> Yunyun
Rim de Lacent."
Text_en,Diary/Diary_001,"×××0, Feb 16
Papa got a divorce and left.

Said Mama's friend(?) was why.

Like before, I'll still see him every three months to play maybe.

“I'll always be your Papa, Kurumi” he pet my head.

He IS my Papa, so of course he will be.

I have to change names, so I guess my last name is “Kurusu” now.

I told my friends and Yuuri-chan said the “kurukuru” makes me “Q-chan” so now that's my new nickname. I don't really get it.

Rei-chan said “that sounds cute”.

If it's cute, maybe it's okay?"
Text_en,Export/All/Dialog,"Wanna export to another dimension?
※By proceeding, you agree to the Terms of Service."
Text_en,UITitle/YunYun/Title_010_002/01_01,"> Yunyun
...Reality is filled with pain..."
Text_en,UITitle/YunYun/Title_010_002/01_02,"> Yunyun
...That's why Yunyun hopes the world of fiction can bring you even just a small bit of joy..."
Text_en,UITitle/YunYun/Title_010_003/01_01,"> Yunyun
...This is all so Yunyun's denpa can reach Q-chan's heart..."
Text_en,UITitle/YunYun/Title_010_003/01_02,"> Yunyun
...It's halfway there..."
Text_en,UITitle/YunYun/Title_010_004/01_01,"> Yunyun
...Q-chan, Q-chan, Q-chan.
Q-chan, Q-chan, Q-chan..."
Text_en,UITitle/YunYun/Title_010_004/01_02,"> Yunyun
It's okay. Yunyun will make sure you'll be okay. Yunyun alone will never leave you."
Text_en,UITitle/YunYun/Title_010_005/01_01,"> Yunyun
Retreat into your delusions. Into a fantasy.
Yunyun just wants you to survive..."
Text_en,UITitle/YunYun/Title_010_005/01_02,"> Yunyun
A reality that makes Q-chan suffer can just spin itself to shreds."
Text_en,UITitle/YunYun/Title_010_006/01_01,"> Yunyun
We've reached 100%.
It won't be long, Q-chan."
Text_en,UITitle/YunYun/Title_010_006/01_02,"> Yunyun
Denpa, transmitting..."
Text_en,UITitle/YunYun/Title_000_000/01_01,"> Yunyun
Yunyun exists to bring back Q-chan's heart!"
Text_en,QLogos/QLogos_Title_00,<size=36>Q Principle 〇: Only I can truly love myself</size>
Text_en,UITitle/YunYun/Title_020_010/01_02,"> Yunyun
...Does that mean Yunyun's memories, too...?"
Text_en,UITitle/YunYun/Title_020_010/01_03,"> Yunyun
But if by wiping the slate clean, I can enjoy that excitement with Q-chan..."
Text_en,UITitle/YunYun/Title_020_010/01_04,"> Yunyun
That might make for a joyous, eternal hell."
Text_en,UISNS/Level1,Level 1
Text_en,HUD/TODO/DEMO_END_TEXT,Thanks so much for playing!!
Text_en,HUD/Story/Log,LOG
Text_en,UIInGame/Result/EnterText,POST
Text_en,UITutorial/LatencyAdjustment/Page1/Message,"Adjust latency between Denpa Song and note display!
Especially useful when using Bluetooth headphones."
Text_en,UISetting/Game/ShakeBg,Screen Shake
Text_en,UITutorial/MonthlyRanking/Page1/Message,"Denpa Song score rankings!
These reset at the start of the month!"
Text_en,UITutorial/RhythmMode/Page2/Title,■NORMAL
Text_en,UITutorial/RhythmMode/Page1/Message,"Changing modes has no effect on game progression!
NORMAL: The recommended mode.
PULSING: A mode with a bit more challenge.
BURSTING: An even more challenging mode.
DEGENERATE: For serious rhythm gamers."
Text_en,UITutorial/RhythmMode/Page3/Title,■PULSING
Text_en,UITutorial/RhythmMode/Page2/Message,"Here are NORMAL's judgment timings!
・PERFECT: ±50
・GREAT: ±101
・GOOD: ±191"
Text_en,UITutorial/RhythmMode/Page4/Title,■BURSTING
Text_en,UITutorial/RhythmMode/Page3/Message,"Here are PULSING's judgment timings!
・PERFECT: ±50
・GREAT: ±101
・GOOD: ±191"
Text_en,UITutorial/SettingLane/Page1/Title,■Lane Type
Text_en,UITutorial/RhythmMode/Page4/Message,"Here are BURSTING's judgment timings!
・PERFECT: ±50
・GREAT: ±101
・GOOD: ±191"
Text_en,UITutorial/MonthlyRanking/Page1/Title,■Monthly Rankings
Text_en,UITutorial/RhythmMode/Page5/Message,"Here are DEGENERATE's judgment timings!
- PERFECT: ±21
- GREAT: ±41
- GOOD: ±101"
Text_en,UITutorial/SettingMirror/Page1/Title,■Mirror Mode
Text_en,UITutorial/SettingAdjust/Page1/Message,"Adjust the timing offset!

For example, if your timing error is +0.50, change the offset to -0.50 to get as close to 0 as you can!"
Text_en,UITutorial/SettingKeyConfig/Page1/Title,■Key Config
Text_en,UITutorial/SettingBgColor/Page1/Message,"Make it as dark or as bright as you want!
Adjust so you can clearly see the notes!"
Text_en,UITutorial/SettingKaibunsho2/Page1/Title,■Shitpost Card Creation!
Text_en,UITutorial/SettingCharaShow/Page1/Message,Clears everyone out!
Text_en,UISetting/Game/AutoLatencyAdjustment,Auto
Text_en,UITutorial/SettingCycleBgColor/Page1/Message,"Make it as dark or as bright as you want!
For people worried about too much motion or flashing!"
Text_en,UITutorial/SettingAdjust/Page1/Title,■Timing Offset
Text_en,UITutorial/SettingDiffShow/Page1/Message,Show your timing offset even for PERFECT notes!
Text_en,UITutorial/SettingCharaShow/Page1/Title,■Character Display
Text_en,UITutorial/SettingKaibunsho/Page1/Message,Turn off the Shitpost Card creation animations!
Text_en,UITutorial/SettingBgColor/Page1/Title,■BG Brightness
Text_en,UITutorial/SettingKaibunsho2/Page1/Message,"Turn off the Shitpost Card creation animations!
Don't know what that means? Go a bit deeper into this dream!"
Text_en,UITutorial/Trophy/Page1/Title,■Achievements
Text_en,UITutorial/SettingKeyConfig/Page1/Message,"Make it as dark or as bright as you want!
Adjust so you can clearly see the notes!"
Text_en,UITutorial/SettingNoteSpeed/Page1/Title,■Note Speed
Text_en,UITutorial/SettingLane/Page1/Message,Choose between Wide Mode and Slim Mode!
Text_en,UITutorial/SettingCycleBgColor/Page1/Title,■SPIRAL BG BRIGHTNESS
Text_en,UITutorial/SettingLaneBgColor/Page1/Message,"Make it as dark or as bright as you want!
Adjust so you can clearly see the notes!"
Text_en,UITutorial/SettingSameLine/Page1/Title,■Draw Multi-lines
Text_en,UITutorial/SettingMirror/Page1/Message,Flip the beatmap horizontally during play!
Text_en,UITutorial/SettingDiffShow/Page1/Title,■±Timing Error Display
Text_en,UITutorial/SettingNoteSpeed/Page1/Message,Adjust how fast the notes fall!
Text_en,MAMA/YES/MESSAGE_001_B,...Ehehe... I get to see Mama...!
Text_en,UITutorial/SettingPostOff/Page1/Message,Disables Conspiracy activation when uploading a Shitpost!
Text_en,ZONE/MESSAGE_001,It's time for ultimate zone mode!!
Text_en,UITutorial/SettingPostOff2/Page1/Message,"Disables Conspiracy activation when uploading a Shitpost!
Don't know what that means? Go a bit deeper into this dream!"
Text_en,UITutorial/SettingKaibunsho/Page1/Title,■Shitpost Card Creation!
Text_en,UITutorial/SettingSameLine/Page1/Message,Adds a connecting bar to identify notes to be pressed simultaneously!
Text_en,Story/003_Main_000_000/VideoTitle1,Q Faminico Gamer
Text_en,UITutorial/SettingShakeBg/Page1/Message,Turns Screen Shake on or off!
Text_en,UITutorial/TutorialMama/Page1/Title,■Mama
Text_en,UITutorial/Trophy/Page1/Message,"Collecting these will raise the Denpa Level!
Achievements are shared between all dreams.
It's most efficient to play a variety of songs!"
Text_en,UITutorial/TutorialAfterPlayGame/Page2/Title,■Increasing Health
Text_en,UITutorial/TutorialAfterPlayGame/Page1/Message,"Playing Denpa Songs, getting Achievements, acquiring Conspiracies, and reaching Endings will increase the Denpa Level!
The target: 100%!"
Text_en,UITutorial/TutorialSlot/Page1/Title,■Shitpost Cards
Text_en,UITutorial/TutorialAfterPlayGame/Page2/Message,"Playing Denpa Songs will increase the DOKIDOKI level!.
As for the other parameters... Those will be explained later!"
Text_en,UITutorial/TutorialSearch/Page1/Title,■Search
Text_en,UITutorial/TutorialDenpa/Page1/Message,Dive into the denpa songs' rhythms to receive the denpa signal!
Text_en,Explore/Item/EnergyDrink,ZONe
Text_en,UITutorial/TutorialEnergyDrink/Page1/Message,"Drinking ZONe puts Q-chan in the zone!?
All Shitpost Cards have their ★Level raised by 1!"
Text_en,Common/Card/Rimdelacent,Rim de Lacent
Text_en,UITutorial/TutorialEnergyDrink2/Page1/Message,"Drinking ZONe puts Q-chan in the zone!?
All Shitpost Cards have their ★Level raised by 1!"
Text_en,UITutorial/TutorialAfterPlayGame/Page1/Title,■Denpa Level Increase
Text_en,UITutorial/TutorialFirst/Page2/Message,"Select Denpa Songs, move with the rhythm, and receive the denpa to bring excitement to your heart!"
Text_en,UITutorial/TutorialFirst/Page4/Title,■Health
Text_en,UITutorial/TutorialFirst/Page3/Message,Keep track of your current objective!
Text_en,UITutorial/TutorialFirst/Page5/Title,■Room Search
Text_en,UITutorial/TutorialFirst/Page4/Message,Check how Q-chan's doing!
Text_en,UITutorial/TutorialDenpa/Page1/Title,■Denpa Songs
Text_en,UITutorial/TutorialFirst/Page5/Message,Maybe Q-chan will be able to do this when she's feeling revitalized.
Text_en,Story/YUNYUN_005_Main_000_020/SELECT_NO,Tune Out Denpa
Text_en,UITutorial/TutorialGeass/Page1/Message,"Sends a transmission to the Q Denpa Antennas.
In exchange for 50% CHARISMA, you can select which conspiracy goes viral!"
Text_en,UITutorial/TutorialMamakitaMode/Page1/Title,■Mama's Here Mode
Text_en,UITutorial/TutorialHeaderDenpa/Page1/Message,"The goal of Yunyun Denpa Syndrome is to hit 100%!
We have to reach Q-chan with the Yunyun Denpa Transmission!"
Text_en,UITutorial/TutorialHeaderDenpa/Page1/Title,■Denpa Level
Text_en,UITutorial/TutorialMama/Page1/Message,"Have Q-chan contact Mama. In exchange for losing 50% DOKIDOKI, the fridge will get refilled!"
Text_en,YUNYUNMODE/StartMessage,"Wanna start Yunyun Soul Integration Mode?
(Costs 50% YUNYUN to activate. Will play random Denpa Songs for 15 minutes, during which random Conspiracies up to the 4★ level will go viral.)"
Text_en,UITutorial/TutorialMamakitaMode/Page1/Message,"Press TAB to switch to a very wholesome screen!
Even if Mama peeks, she won't know that you've been playing games!"
Text_en,PICTURE/Guidance,Terms of Service
Text_en,UITutorial/TutorialMamakitaMode/Page2/Message,"If a HARDCORE video starts playing,
you might just receive some special denpa, YUN?"
Text_en,HELP/LINK/GUIDE,Guide
Text_en,UITutorial/TutorialMamakitaModeDemo/Page1/Message,"Press TAB to switch to a very wholesome screen! Even if Mama peeks, she won't know that you've been playing games!"
Text_en,UITutorial/TutorialSlot/Page2/Title,■Shitpost Cards
Text_en,UITutorial/TutorialSearch/Page1/Message,"Once your DOKIDOKI levels are over 20%, you can explore your room! There's lots to investigate and click!"
Text_en,UIInGame/Tutorial/TutorialStepEnd,END TUTORIAL
Text_en,UITutorial/TutorialSlot/Page1/Message,"Q-chan's posts transformed into cards!
Combine three to send off a post to the internet!"
Text_en,UITutorial/TutorialSlot/Page3/Title,■Shitpost Card ★Level
Text_en,UITutorial/TutorialSlot/Page2/Message,"Q-chan's Health will change depending on the cards uploaded!
・DOKIDOKI: Each 1★ increases DOKIDOKI by 2%.
・YUNYUN: Each 1★ increases YUNYUN by 2%.
・CHARISMA: Each 1★ increases CHARISMA by 2%."
Text_en,UITutorial/TutorialSns/Page1/Title,■Conspiracies
Text_en,UITutorial/TutorialSlot/Page3/Message,"Shitpost cards all have a ★Level from 1～5!
The higher the ★Level, the more likely you'll make big waves!"
Text_en,UITutorial/TutorialSns/Page2/Title,■Conspiracy Level
Text_en,UITutorial/TutorialSns/Page1/Message,"Activating conspiracies raises the Denpa Level!
Your target: 100%!"
Text_en,EPISODE/YUNYUN_000_Prologue_000,To the you on that day...
Text_en,UITutorial/TutorialSns/Page2/Message,"Each conspiracy can level up twice!
If a 5★ conspiracy goes viral...
maybe there's actually something to it?"
Text_en,YUNYUNMODE/StopMessage,Not enough YUNYUN!
Text_en,UITutorial/YunYunMode/Page1/Message,"Drag and drop Yunyun onto Q-chan and boom!
Costs 50% YUNYUN to activate! Will play random Denpa Songs for 15 minutes, during which random Conspiracies up to the 4★ level will go viral!"
Text_en,UIOutGame/Menu,Menu(仮テキスト)
Text_en,UITutorial/YunyunmodeSkip/Page1/Message,"While playing, random Conspiracies up to the 4★ level will go viral!
Conspiracies will still activate even if SKIP is pressed!"
Text_en,UISetting/System/Resolution/1024_576,1024 x 576
Text_en,UIInGame/Result/RankRateTitle,Conspiracy Probability
Text_en,YUNYUNMODE/SNSDialogTitle,Viral Conspiracies
Text_en,YUNYUNMODE/EndMessage,Wanna end Yunyun Soul Integration Mode?
Text_en,YUNYUNMODE/EndTime,Time Remaining
Text_en,UISetting/Game/LatencyAdjustment,Latency
Text_en,YunPossession/MESSAGE_002,Yun power intensifies～!!
Text_en,YunPossession/MESSAGE_003,Yunyun mode!!
Text_en,YunPossession/MESSAGE_004,Maximum focus mode!!
Text_en,YunPossession/MESSAGE_005,Add a dash of Yunyu～n and here's your shitpost!!
Text_en,YunPossession/MESSAGE_006,This majestic Yuuki keyboard isn't made for shitting on people!
Text_en,AddDenpa/MESSAGE_001,Receiving a new denpa signal!!
Text_en,Keyboard/Dialog,A new keyboard has been added!
Text_en,ZONE/MESSAGE_002,Energy! CHU～♡ Injection!
Text_en,ZONE/MESSAGE_003,Energy! GUBI～♡ Head over heels in a single gulp!
Text_en,ZONE/MESSAGE_004,LET'S FUCKING GOOOO－!!!!!
Text_en,ZONE/MESSAGE_005,"Ehehe, that hits the spot!! I can feel it flow!!"
Text_en,YunPossession/MESSAGE_001,Soul Integration!!
Wiki_en,Q_WIKI1_BLOCK2_TITLE,History and Popularization
Wiki_en,Q_WIKI1_SUBBLOCK4-3_TEXT_2,"Severe cognitive distortions have been observed due to prolonged exposure to Q-chan shitposts and related conspiracy theories, resulting in a condition now being called “Yunyun Denpa Syndrome.”"
Wiki_en,Q_WIKI1_BLOCK1_TEXT,"Q-chan is a pseudonymous poster who gained significant notoriety after their sudden debut on the internet. Their feed consists of a torrent of incomprehensible, disjointed shitposts, which has attracted a sizable number of interpreters and followers."
Wiki_en,Q_WIKI1_SUBBLOCK2-1_TITLE,▶Shitpost Proliferation
Wiki_en,Q_WIKI1_SUBBLOCK3-1_TITLE,▶Q-chan Shitposts
Wiki_en,Q_WIKI1_SUBBLOCK4-1_TITLE,▶Q-chan's Identity
Wiki_en,Q_WIKI1_SUBBLOCK5-1_TITLE,▶Overview
Wiki_en,Q_WIKI1_SUBBLOCK6-1_TITLE,▶Overview
Wiki_en,Q_WIKI1_PROFILE_NAME,Q-chan
Wiki_en,Q_WIKI1_PROFILE_AGE_TEXT,<size=16>Unknown</size>
Wiki_en,Q_WIKI1_BLOCK5_TITLE,P-chan
Wiki_en,Q_WIKI1_PROFILE_GENDER_TEXT,<size=16>Unknown</size>
Wiki_en,Q_WIKI1_PROFILE_AGE,<size=16>Age</size>
Wiki_en,Q_WIKI1_PROFILE_NATIONALITY,<size=16>Origin</size>
Wiki_en,Q_WIKI1_PROFILE_NATIONALITY_TEXT,<size=16>Unknown</size>
Wiki_en,Q_WIKI1_PROFILE_GENDER,<size=16>Gender</size>
Wiki_en,Q_WIKI1_SUBBLOCK2-2_TITLE,▶Q Denpa Antennas
Wiki_en,Q_WIKI1_SUBBLOCK2-1_TEXT,Q-chan first gained widespread recognition when some of their shitposts related to Yunyun from the <i>Execution Angel † Guiltina</i> franchise went viral on social media. The incomprehensible text received significant attention from readers who described the posts as both “amusing” and “addictive.”
Wiki_en,Q_WIKI1_SUBBLOCK2-3_TITLE,▶Earthquake Prediction
Wiki_en,Q_WIKI1_SUBBLOCK2-2_TEXT,"As Q-chan's shitposts continued to spread, a group of people emerged who attempted to interpret the posts as prophecies concealed using a special cipher. Calling themselves “Q Denpa Antennas,” their actions further contributed to the dissemination and growing influence of Q-chan's shitposts."
Wiki_en,Q_WIKI1_BLOCK3_TITLE,Features
Wiki_en,Q_WIKI1_SUBBLOCK2-3_TEXT,Q-chan and the Q Denpa Antenna community came into the public eye following the earthquake prediction incident. It became an especially widespread topic of discussion with the occult and pseudoscience communities and propelled Q-chan to the status of a “prophet-like being” across the internet.
Wiki_en,Q_WIKI1_SUBBLOCK3-2_TITLE,▶Q Denpa Antenna Conspiracy Theories
Wiki_en,Q_WIKI1_SUBBLOCK3-1_TEXT,Q-chan's shitposts do not on their surface contain conspiratorial thinking or claims. The only throughline is that all posts appear to express a deep(?) affection for Yunyun.
Wiki_en,Q_WIKI1_BLOCK4_TITLE,Analysis
Wiki_en,Q_WIKI1_SUBBLOCK3-2_TEXT,"The assertions put forth by the Q Denpa Antenna community are exceedingly diverse, sharing no unified ideology. Despite their widely varied claims, such theories are consistently thought of as conspiracies by persons outside of the Q Denpa Antenna circle."
Wiki_en,Q_WIKI1_SUBBLOCK5-3_TITLE,▶The Tokyo Metropolitan Government Riot
Wiki_en,Q_WIKI1_SUBBLOCK4-1-2_TEXT,"The release of this photograph, known online as “Denpa-tic Delusional Beauty Q,” was distributed widely across the internet and expanded support for the Q-chan account in a manner not seen before."
Wiki_en,Q_WIKI1_SUBBLOCK4-2_TITLE,▶???
Wiki_en,Q_WIKI1_SUBBLOCK4-1_TEXT,"Various theories exist regarding the nature of Q-chan's identity, such as speculation that they are a single individual, a bot, or a secret government operation, but no conclusive evidence has been found to prove any single theory."
Wiki_en,Q_WIKI1_SUBBLOCK4-3_TITLE,▶Influence
Wiki_en,Q_WIKI1_SUBBLOCK4-2_TEXT,"　　♪　∧__,∧.∩
　 ｒ（ ＾ω＾ ）ﾉ _
　　　└‐、　　　ﾚ´｀ヽ　 
　　　　　 ヽ　　 _ノ´｀　
　　　　　　（ .(´　　♪
　　　　　　 ｀ー"
Wiki_en,Q_WIKI1_POLICY,"Text is available under the Creative Commons Attribution-ShareAlike License; additional terms may apply. By using this site, you agree to the Terms of Use and Privacy Policy.

<color=#3366CC>Privacy Policy    About WikipediQ    Disclaimers    Contact WikipediQ    Legal & safety contacts</color>"
Wiki_en,WIKI1_TITLE,Yunyun (Character)
Wiki_en,Q_WIKI1_SUBBLOCK4-3_TEXT,"Cases have been reported of Q Denpa Antennas and others who have spent extended periods reading Q-chan shitposts experiencing cognitive distortions, including hallucinations, intensification of obsessive thoughts, and difficulty distinguishing between dreams and reality."
Wiki_en,Q_WIKI1_SUBBLOCK5-2_TITLE,▶Origin and Chronology
Wiki_en,Q_WIKI1_SUBBLOCK5-1_TEXT,P-chan is another pseudonymous account that creates shitposts similar to those made by Q-chan.
Wiki_en,Q_WIKI1_SUBBLOCK4-1-2_TITLE,▶Face Reveal
Wiki_en,Q_WIKI1_SUBBLOCK5-2_TEXT,"The claim that P-chan began posting about Yunyun prior to Q-chan has been asserted along with logs documenting the timestamps of relevant posts. However, there are many who suspect that the timestamps used as proof may have been falsified, so the truth of the matter remains unclear."
Wiki_en,Q_WIKI1_SUBBLOCK5-3_TEXT_2,"As a result of a conspiracy theories distributed by the P-chan account on social media, a large scale riot broke out surrounding the Tokyo Metropolitan Government Building (commonly referred to as the “Tokyo Metropolitan Government Riot.”"
Wiki_en,Q_WIKI1_BLOCK6_TITLE,Yunyun Denpa Syndrome
Wiki_en,Q_WIKI1_SUBBLOCK5-3_TEXT,"As a result of a conspiracy theories distributed by the P-chan account on social media, a large scale riot broke out surrounding the Tokyo Metropolitan Government Building (commonly referred to as the “Tokyo Metropolitan Government Riot.”)
Following the incident, the Q-chan account ceased making updates, with no new postings having been published for approximately nine months."
Wiki_en,Q_WIKI1_SUBBLOCK5-5_TITLE,▶???
Wiki_en,Q_WIKI1_SUBBLOCK5-4_TEXT,"It has now been confirmed that P-chan was an AI trained on Q-chan's posts.
The project was conceived by a team that detected early traces of Yunyun Denpa Syndrome with intent to exploit it."
ylogos_01.lang,en/4,"【Yunyun】
Even so, Yunyun will... I will...
Always love Q-chan."
Wiki_en,Q_WIKI1_SUBBLOCK5-5_TEXT,"　　♪　∧__,∧.∩
　 ｒ（ ＾ω＾ ）ﾉ _
　　　└‐、　　　ﾚ´｀ヽ　 
　　　　　 ヽ　　 _ノ´｀　
　　　　　　（ .(´　　♪
　　　　　　 ｀ー"
Wiki_en,Q_WIKI1_SUBBLOCK6-2_TITLE,▶Primary Symptoms
Wiki_en,Q_WIKI1_SUBBLOCK6-1_TEXT,Yunyun Denpa Syndrome is a cognitive disorder believed to result from prolonged exposure to Q-chan shitposts and Q Denpa Antenna conspiracy theories.
Wiki_en,Q_WIKI1_SUBBLOCK6-3_TITLE,▶Research and Related Cases
Wiki_en,Q_WIKI1_SUBBLOCK6-2_TEXT,"・Hallucinations
・Intensification of obsessive thoughts
・Difficulty distinguishing between dreams and reality
・Conspiratorial thinking"
Wiki_en,Q_WIKI1_SUBBLOCK6-4_TITLE,▶???
Wiki_en,Q_WIKI1_SUBBLOCK6-3_TEXT,"The National Center of Neurology and Psychiatry, in collaboration with a panel of experts, has advised that greater engagement with Q-chan related content correlates positively with development of Yunyun Denpa Syndrome. This determination was made based on analyses of social media viewing and posting histories,
as well as responses to surveys posted as part of the research effort."
Wiki_en,Q_WIKI1_SUBBLOCK5-4_TITLE,▶Identity
Wiki_en,Q_WIKI1_SUBBLOCK6-4_TEXT,"　　♪　∧__,∧.∩
　 ｒ（ ＾ω＾ ）ﾉ _
　　　└‐、　　　ﾚ´｀ヽ　 
　　　　　 ヽ　　 _ノ´｀　
　　　　　　（ .(´　　♪
　　　　　　 ｀ー"
Wiki_en,Q_WIKI1_BLOCK1_TITLE,Overview
Wiki_en,WIKI1_BLOCK2_TITLE,Rim de Lacent!
Wiki_en,WIKI1_BLOCK1_TEXT,"<i>Execution Angel † Guiltina</i> is a Japanese visual novel and simulation game developed by the independent studio WHO YOU and released in 2003 for PC. Its genre is described as an “Unjust Execution Apocalype RPG.” The game was the first to introduce the character Yunyun, a little devil working for an antagonistic organization who refers to herself in third person and ends her sentences with “yun.”"
Wiki_en,WIKI1_POLICY,"Text is available under the Creative Commons Attribution-ShareAlike License; additional terms may apply. By using this site, you agree to the Terms of Use and Privacy Policy.

<color=#3366CC>Privacy Policy    About WikipediQ    Disclaimers    Contact WikipediQ    Legal & safety contacts</color>"
Wiki_en,WIKI1_POLICY_DATE,"Text is available under the Creative Commons Attribution-ShareAlike License; additional terms may apply. By using this site, you agree to the Terms of Use and Privacy Policy.

<color=#3366CC>Privacy Policy    About WikipediQ    Disclaimers    Contact WikipediQ    Legal & safety contacts</color>"
Wiki_en,WIKI1_BLOCK2_TEXT,"A catchphrase from the original work. Following the release of the the 2005 <i>Execution Angel † Guiltina</i> OVA, “Rim de Lacent!” (りむ・で・らてんと！, <i>Rimu-de-Ratento!</i>) became a popular phrase on the internet used primarily by anime fans on the online message board 666ch. In 2005, the phrase took second place in the Anime Buzzword Awards. The OVA's director has explained that the phrase is meant to express ideas like “let's go to the 2D world,” and, “it's okay to escape from reality.”"
Wiki_en,WIKI1_BLOCK1_TITLE,Execution Angel † Guiltina
Wiki_en,WIKI1_BLOCK2_TEXT_ADD,Recent comments by the author that “being stupid makes you happier” have been given as an explanation for the nonsensical formation of the phrase.
Wiki_en,WIKI1_DESC,"Yunyun (ゆんゆん, <i>Yunyun</i>) is a fictional character introduced in the Japanese media franchise <i>Execution Angel † Guiltina</i>. Despite her portrayal as an antagonist in the series, she became very popular with the fanbase, who gave her the nickname “Denpa-tic Little Devil.”
Following the release of the original 2003 PC game, she would again appear across various media, including the 2005 OVA adaptation and in an original character song CD."
Wiki_en,WIKI1_PROFILE_NAME,Yunyun
Wiki_en,WIKI3_TITLE,Execution Angel † Guiltina
Wiki_en,WIKI1_PROFILE_AGE_TEXT,<size=16>999</size>
Wiki_en,WIKI1_PROFILE_GENDER,<size=16>Gender</size>
Wiki_en,WIKI1_PROFILE_ANOTHER_NAME_TEXT,<size=16>Denpa-tic Little Devil</size>
Wiki_en,WIKI1_PROFILE_AGE,<size=16>Age</size>
Wiki_en,WIKI1_PROFILE_APPER_TEXT,"<size=16>Original work: episode 1:6
Anime: episode 3</size>"
Wiki_en,WIKI1_PROFILE_WRITER,<size=16>Created by</size>
Wiki_en,WIKI1_PROFILE_BIRTHDAY_TEXT,<size=16>June 6th</size>
Wiki_en,Q_WIKI1_TITLE,Q-chan
Wiki_en,WIKI1_PROFILE_APPER,"<size=16>First
appearance</size>"
Wiki_en,WIKI1_PROFILE_GENDER_TEXT,<size=16>Female</size>
Wiki_en,WIKI1_PROFILE_TALK,<size=16>Motto</size>
Wiki_en,WIKI1_PROFILE_FROM,<i>Execution Angel † Guiltina</i> character
Wiki_en,WIKI1_PROFILE_TALK_TEXT,<size=16>Rim de Lacent</size>
Wiki_en,WIKI1_PROFILE_ANOTHER_NAME,<size=16>Nickname</size>
Wiki_en,WIKI1_PROFILE_VOICE_TEXT,<size=16>Haruko Momoi</size>
Wiki_en,WIKI1_PROFILE_TITLE,Profile
Wiki_en,WIKI1_PROFILE_WRITER_TEXT,<size=16>WHO YOU</size>
Wiki_en,WIKI1_PROFILE_VOICE,<size=16>Voiced by</size>
Wiki_en,WIKI1_LINK,Execution Angel † Guiltina > List of Execution Angel † Guiltina Characters > Yunyun
Wiki_en,WIKI3_BLOCK11_TITLE,▶Endings
Wiki_en,WIKI3_BLOCK10_TEXT,"The game's terminology for super moves. Comsumes VI gauge to inflict significant damage on foes. Guiltina has an especially high VI recharge rate, which depending on her equipment loadout can allow her to activate multiple EXECUTE moves in a single turn."
Wiki_en,WIKI3_BLOCK12_TITLE,▶This World Is Cleansed
Wiki_en,WIKI3_BLOCK11_TEXT,"<i>Execution Angel † Guiltina</i> contains 10 possible endings, determined by how many executions were performed and who was executed."
Wiki_en,WIKI3_BLOCK13_TITLE,Gameplay Reception
Wiki_en,WIKI3_BLOCK12_TEXT,"All endings share this line spoken by Guiltina. At its conclusion, the game will portray Guiltina standing before an empty village, the background music fading out before she utters the phrase, “this world is cleansed.” Following the line the game will play its credit sequence, along with its ending theme, “Victory's Vibraslap.”"
Wiki_en,WIKI3_BLOCK14_TITLE,Characters
Wiki_en,WIKI3_BLOCK13_TEXT,"The positive reception of <i>Execution Angel † Guiltina</i>'s gameplay focuses less on its strategic depth and more on the satisfying experience of eliminating Scum and Scum-like entities through its fast-paced comedic and splatter horror sequences. Its simple decision-making has given it a reputation as “a muscle-training puzzle playable with just your reflexes.” The game's flashy execution animations and strict input timings give a sense of speed to the gameplay, often being lauded as a form of stress relief."
Wiki_en,WIKI3_BLOCK15_TITLE,▶Guiltina
Wiki_en,WIKI3_BLOCK14_TEXT,→ <i>See al<click=Chara>so: Execution Angel † Guiltina Character List</click></i>
Wiki_en,WIKI3_BLOCK16_TEXT,"The Little Devil of Denpa. Following the release of the OVA adaptation, her “Rim de Lacent” catchphrase and her character song became viral memes on the internet.
→ <i>See al<click=YunYun>so: Yunyun</click></i>"
Wiki_en,WIKI3_BLOCK15_TEXT,"The game's protagonist and a high ranking Execution Angel. With her power to deliver overwhelming strikes before even thinking, she boasts the highest execution count in the Heavens. She expresses a near complete lack of hesitation when performing executions and values speed and efficiency, leading to her to be recognized as an “elite” within the Celestial Realm."
Wiki_en,WIKI3_BLOCK16_TITLE,▶Yunyun
Wiki_en,WIKI3_BLOCK17_TEXT,"Released in 2005 across a three volume set, the <i>Execution Angel † Guiltina</i> OVA is based on the original game, but simplifies the story while focusing more on its comedic elements.
In particular, gore-heavy scenes were changed into gags, with the depiction of Guiltina's execution scenes becoming a controversial topic of discussion."
Wiki_en,WIKI3_BLOCK17_TITLE,OVA Adaptation
Wiki_en,WIKI3_BLOCK18_TEXT,"Due to its graphic content and divisive moral principles, the game drew a large amount of controversy upon initial release, but has since gained a cult following. In particular, Yunyun gained significant notoriety as an internet meme and is now regarded as the game's mascot."
Wiki_en,WIKI3_BLOCK18_TITLE,Reception
Wiki_en,WIKI3_PROFILE_NAME,Execution Angel † Guiltina
Wiki_en,WIKI3_BLOCK2_TITLE,Story
Wiki_en,WIKI3_BLOCK1_TEXT,"The game was designed around the concepts that “Scum must be dealt with” and that “the act of eliminating Scum is cathartic,” resulting in an RPG where Execution Angels violently and graphically dispose of the Scum that plagues human society. It has been lauded for the depth of its satirical social commentary expressed through comic relief within the story.

In 2005, the <i>Execution Angel † Guiltina</i> original video animation (OVA) adaptation was released across a three volume set."
Wiki_en,WIKI3_BLOCK3_TITLE,Key Terms
Wiki_en,WIKI3_BLOCK2_TEXT,"In the Celestial Realm, the beliefs that “death is salvation” and “Scum must be eliminated” are considered just, with the Heavens sending “Execution Angels” to the human world to execute the Scum that have infiltrated human society. Opposing them are the demons, who preach that “even Scum can find salvation,” granting them love and money, power and knowledge; however, this only accelerates the Scum's own self-destruction, causing executions to progress even faster.

Amongst the Execution Angels, Guiltina, with her power to deliver overwhelming strikes before even thinking, is an elite operative boasting the highest execution count in the Heavens. By contrast, the newest angel recruit, Eve, retains memories of her previous life as a human. Unable to bear even the sight of blood, Eve eventually falls into the ranks of the demons.

At the conclusion of countless executions, Guiltina raises her blood-drenched hand and murmurs, “this world is cleansed.” In this quiet world fully purged of Scum, she discovers a sense of emptiness in her fists, which no longer have a target to strike."
Wiki_en,WIKI3_BLOCK4_TITLE,▶Execution Angel
Wiki_en,WIKI3_BLOCK5_TITLE,▶Scum
Wiki_en,WIKI3_BLOCK4_TEXT,Beings guided by the belief that “Scum must be eliminated” who have been sent to the Human Realm in order to execute the Scum that has infiltrated human society. All Execution Angels are the souls of former humans who suffered at the hands of Scum.
Wiki_en,WIKI3_BLOCK6_TITLE,▶Demon
Wiki_en,WIKI3_BLOCK5_TEXT,Beings regarded as a plague on human society by both Execution Angels and demons alike. Many of their number are selfish humans driven solely by their desires.
Wiki_en,WIKI3_BLOCK7_TITLE,System
Wiki_en,WIKI3_BLOCK6_TEXT,"Beings who interefere in human society and hold the belief that “even Scum can find salvation.” They feed the human desires for love, wealth, power, and knowledge, which frequently accelerates the Scum's own self-destruction."
Wiki_en,WIKI3_BLOCK8_TITLE,▶Unjust Execution System
Wiki_en,WIKI3_BLOCK7_TEXT,"The developer advertises the game as an “Unjust Execution Apocalypse RPG.” The player takes control of the Execution Angels, seeking out and executing Scum in the Human Realm in order to “cleanse” the world."
Wiki_en,WIKI3_BLOCK9_TITLE,▶Violent Impulse System
Wiki_en,WIKI3_BLOCK8_TEXT,"The definition of Scum is vague, so judgment is largely left at the player's discretion. The moral question of right and wrong is less important to progression than the choice of action itself, with the game world advancing normally whether accusations are just or not."
Wiki_en,WIKI3_BLOCK10_TITLE,▶EXECUTE
Wiki_en,WIKI3_BLOCK9_TEXT,"If an Execution Angel does not perform an execution for a certain number of turns, their Violent Impulse (VI) gauge will fill and cause them to go Berserk. The Berserk status will cause the Angel to attack both friends and foes indiscriminately."
Wiki_en,WIKI3_BLOCK1_TITLE,Overview
Wiki_en,WIKI3_DESC,"Execution Angel † Guiltina (処刑天使†ギルティーナ, <i>Shokei Tenshi † Girutīna</i>) is a Japanese visual novel and simulation game developed by the independent studio WHO YOU and released in 2003 for PC."
Wiki_en,WIKI3_PROFILE_ANIMATION_TEXT,<size=16>DO-Shafu</size>
Wiki_en,WIKI3_PROFILE_PRODUCTION,<size=16>Producer</size>
Wiki_en,WIKI3_PROFILE_APPER_TEXT,<size=16>Splatter Comedy</size>
Wiki_en,WIKI3_PROFILE_NAME2,Game
Wiki_en,WIKI3_PROFILE_DATE_TEXT,"<size=16>November 29, 2003</size>"
Wiki_en,WIKI3_PROFILE_NAME3,Anime
Wiki_en,WIKI3_PROFILE_DEVELOPER_TEXT,<size=16>WHO YOU</size>
Wiki_en,WIKI3_PROFILE_PEOPLE,<size=16>Mode</size>
Wiki_en,WIKI3_PROFILE_EPISODE_TEXT,6 (3 Volumes)
Wiki_en,WIKI4_TITLE,Execution Angel † Guiltina Character List
Wiki_en,WIKI3_PROFILE_GAMEGENRE_TEXT,<size=16>Execution Apocalypse RPG</size>
Wiki_en,WIKI3_PROFILE_GAMEHARD,<size=16>Platform</size>
Wiki_en,WIKI3_PROFILE_GAMEHARD_TEXT,<size=16>PC</size>
Wiki_en,WIKI3_PROFILE_DEVELOPER,<size=16>Developer</size>
Wiki_en,WIKI3_PROFILE_APPER,<size=16>Genre</size>
Wiki_en,WIKI3_PROFILE_GAMEGENRE,<size=16>Genre</size>
Wiki_en,WIKI3_PROFILE_ORIGINAL,<size=16>Creator</size>
Wiki_en,WIKI3_PROFILE_ORIGINAL_TEXT,<size=16>WHO YOU</size>
Wiki_en,WIKI3_PROFILE_ANIMATION,<size=16>Studio</size>
Wiki_en,WIKI3_PROFILE_PEOPLE_TEXT,<size=16>Single-player</size>
Wiki_en,WIKI3_PROFILE_DATE,<size=16>Release</size>
Wiki_en,WIKI3_PROFILE_PRODUCTION_TEXT,<size=16>Board of Execution</size>
Wiki_en,WIKI3_PROFILE_EPISODE,<size=16>Episodes</size>
Wiki_en,WIKI3_LINK,Execution Angel † Guiltina
Wiki_en,WIKI_YUNYUN_LINK,<click=Title>Execution Angel † Guiltina</click> > <click=Chara>List of Execution Angel † Guiltina Characters</click> > Yunyun
Wiki_en,WIKI4_BLOCK10_TEXT,"The Demon of Violence. She grants the power of “muscle manipulation” to rebellious Scum.
Love likes Scum because beating them up doesn't make her feel bad.
Her catchphrase is “justice!”"
Wiki_en,WIKI4_BLOCK2_TITLE,▶Guiltina
Wiki_en,WIKI4_BLOCK1_TEXT,Angels who uphold the Celestial Realm's beliefs that “death is salvation” and “Scum must be eliminated” by executing the Scum within human society.
Wiki_en,WIKI4_BLOCK3_TITLE,▶Eve
Wiki_en,WIKI4_BLOCK2_TEXT,"The story's protagonist. Though she comes across as having a reserved demeanor, this owes entirely to her absolute confidence in “violence.”
She begins the story as a high ranking Execution Angel, but in its final episode is promoted to the title of Grand Executioner. She considers time performance the most important metric in her work, resulting in occasional executions of innocent humans who happen to cross her path.
Her total execution count exceeds one billion."
Wiki_en,WIKI4_BLOCK4_TITLE,▶Kurai
Wiki_en,WIKI4_BLOCK3_TEXT,"The game's secondary protagonist.
A rookie Execution Angel who still retains memories of her life as a human. Struggling to adapt to her new life as an Execution Angel, Eve frequently acts as the “tsukkomi” (straight-man) in interactions with the other Execution Angels. Due to her hemophobia, she has difficulty getting along with Guiltina, who has a tendency to turn situations into splatter horror scenes. So strong is her aversion to blood that by the mid-point of the story, she falls into the ranks of the demons.
Her total execution count is 10."
Wiki_en,WIKI4_BLOCK5_TITLE,▶Karma
Wiki_en,WIKI4_BLOCK4_TEXT,"An execution angel who specializes in torture.
She has a peculiar quirk of asking her victims to argue why they should be allowed to live before completing their execution.
Her total execution count is approximately 30,000."
Wiki_en,WIKI4_BLOCK6_TITLE,Demons
Wiki_en,WIKI4_BLOCK5_TEXT,"A heretic even within the ranks of Execution Angels.
Due to her belief that “Scum does not deserve salvation,” she does not participate in executions. However, wherever she goes, mysterious and suspicious deaths follow in her wake.
Her total execution count is zero."
Wiki_en,WIKI4_BLOCK7_TITLE,▶Maria
Wiki_en,WIKI4_BLOCK6_TEXT,"Beings who oppose the Celestial Realm's dogma that “Scum must be eliminated,” instead holding faith that “even Scum can find salvation” and granting the Scum within human society power."
Wiki_en,WIKI4_BLOCK8_TITLE,▶Yunyun
Wiki_en,WIKI4_BLOCK7_TEXT,"The Demon of Love. She grants the power of “charm manipulation” to Scum in love.
Maria likes Scum because of their dependence on her.
Her catchphrase is “it can't be helped meow!”"
Wiki_en,WIKI4_BLOCK9_TITLE,▶Gold
Wiki_en,WIKI4_BLOCK8_TEXT,"The Little Devil of Denpa. She grants the power of “information manipulation” to otaku Scum.
Out of pity for humans, she chooses not to collect their souls and thus remains as a little devil.
Her catchphrase is “Rim de Lacent!”
→ <i>See al<click=YunYun>so: Yunyun</click></i>"
Wiki_en,WIKI4_BLOCK10_TITLE,▶Love
Wiki_en,WIKI4_BLOCK9_TEXT,"The Demon of Money. She grants the power of “wealth manipulation” to Scum who obsess over material wealth.
Gold likes Scum because she finds them to be easy marks and a reliable source of sustenance.
Her catchphrase is “thanks for the business!”"
Wiki_en,WIKI4_BLOCK1_TITLE,Execution Angels
Wiki_en,WIKI4_DESC,The following is a list of characters from the <i>Execution Angel † Guiltina</i> PC game developed by WHO YOU and its original video animation (OVA) series released under the same name.
Wiki_en,WIKI4_LINK,Execution Angel † Guiltina → List of Execution Angel † Guiltina Characters
Wiki_en,WIKI_TITLE_LINK,Execution Angel † Guiltina > <click=Chara>List of Execution Angel † Guiltina Characters</click> > <click=YunYun>Yunyun</click>
Wiki_en,WIKI1_PROFILE_BIRTHDAY,<size=16>Birthday</size>
Wiki_en,WIKI_CHARA_LINK,<click=Title>Execution Angel † Guiltina</click> > List of Execution Angel † Guiltina Characters > <click=YunYun>Yunyun</click>
YUNYUN_000_Prologue_000.lang,en/4,"【Yunyun】
Knock knock～! Sound check!"
YUNYUN_000_Prologue_000.lang,en/5,"【???/Yunyun】
This is the right side..."
YUNYUN_000_Prologue_000.lang,en/13,"【???/Yunyun】
Oh? It seems perfectly fine at first glance, yes?"
YUNYUN_000_Prologue_000.lang,en/1,"【???/Q-chan】
Fuhihi, hihihi.
*Slurp*"
YUNYUN_000_Prologue_000.lang,en/7,"【???/Q-chan】
Ahh... Aaahhhh～! Yunyun! Yunyun! Fuhi. Dyufufu. You're so cute!! I looove you!!!"
YUNYUN_000_Prologue_000.lang,en/8,"【???/Q-chan】
...Geh-! ...Mama...?"
YUNYUN_000_Prologue_000.lang,en/9,"【???/Q-chan】
I-I'm sorry! I'm sorry! Gyaaa—! I'm sorry for playing games instead of studying!!!"
YUNYUN_000_Prologue_000.lang,en/3,"【???/Q-chan】
And at long last, the Yunyun Fan Disc is mine!
I've waited so long for this..."
YUNYUN_000_Prologue_000.lang,en/10,"【???/Q-chan】
...Kyuu～...
...My head... is all spinny～..."
YUNYUN_000_Prologue_000.lang,en/2,"【???/Q-chan】
First up are the settings..."
YUNYUN_000_Prologue_000.lang,en/12,"【???/Yunyun】
...But, what if they continued for a full 360?"
YUNYUN_000_Prologue_000.lang,en/6,"【???/Yunyun】
...And this is the left!"
YUNYUN_001_Main_000_000.lang,en/6,"【Yunyun】
Like Yunyun just said! We'll fill you with denpa and get that heart of yours racing!"
YUNYUN_000_Prologue_000.lang,en/15,"【???/Yunyun】
Umm... Ahem! This denpa is designed to bring excitement to all of you whose heads have gone and twisted off!"
YUNYUN_000_Prologue_000.lang,en/14,"【???/Yunyun】
Wait, waaah! It came right off!"
YUNYUN_000_Prologue_000.lang,en/11,"【???/Yunyun】
What if a certain someone's head were to turn a full 180? That would be quite the predicament!"
YUNYUN_001_Main_000_010.lang,en/4,"【Yunyun】
A love transmission...? In that case, Q-chan is sending out her own denpa!"
YUNYUN_001_Main_000_000.lang,en/0,"【???/Yunyun】
Yunyuu～n! Rim de Lacent! Chu!
Did this denpa get through?"
YUNYUN_001_Main_000_000.lang,en/1,"【???/Q-chan】
Huh...? Yunyun? This some kinda dream?"
YUNYUN_001_Main_000_000.lang,en/5,"【Q-chan】
Huhwa?"
YUNYUN_001_Main_000_000.lang,en/7,"【Q-chan】
Get my heart racing... with denpa...? Mmm...
You mean like denpa songs or something?"
YUNYUN_001_Main_000_000.lang,en/4,"【Yunyun】
That heart-pounding excitement that you love most!"
YUNYUN_001_Main_000_000.lang,en/3,"【Q-chan】
...Denpa...?"
YUNYUN_001_Main_000_000.lang,en/2,"【Yunyun】
Q-chan's extra special denpa has arrived!"
YUNYUN_001_Main_000_010.lang,en/1,"【Q-chan】
...Ehe. That's great...
Denpa songs can do that, can't they...?"
YUNYUN_001_Main_000_010.lang,en/5,"【Q-chan】
You really think so?"
YUNYUN_001_Main_000_010.lang,en/0,"【Yunyun】
Yunyun is so happy that got through to you!
Your DOKIDOKI levels are up and you're looking great!"
YUNYUN_001_Main_000_010.lang,en/2,"【Yunyun】
But, Q-chan, why do you clack away at your keyboard while receiving your denpa?"
YUNYUN_001_Main_000_010.lang,en/3,"【Q-chan】
I'm not sure, maybe it just fills me with so much love that I have to put it into words."
YUNYUN_001_Main_000_020.lang,en/1,"【Q-chan】
Ehehehe. All this excitement has practically brought my heart back from the grave!"
YUNYUN_001_Main_000_020.lang,en/3,"【Q-chan】
Why am I suddenly able to talk to you?
How am I hearing your voice?"
YUNYUN_001_Main_000_020.lang,en/2,"【Q-chan】
Though by the way..."
YUNYUN_001_Main_000_020.lang,en/6,"【Q-chan】
If denpa did it then I guess that's just how it is."
YUNYUN_001_Main_000_020.lang,en/7,"【Yunyun】
That's the spirit! Now first thing's first, let's keep pumping up those DOKIDOKI levels!"
YUNYUN_001_Main_000_020.lang,en/0,"【Yunyun】
Congrats! We've met our first DOKIDOKI goal!"
YUNYUN_001_Main_000_020.lang,en/4,"【Q-chan】
Aren't you supposed to just be 2D?"
YUNYUN_001_Main_000_020.lang,en/5,"【Yunyun】
That's・be・cause... Rim de Lacent!
Yunyun has used denpa to connect with you!"
YUNYUN_001_Main_000_030.lang,en/1,"【Q-chan】
...Maybe I can even look for more denpa CDs..."
YUNYUN_001_Main_000_030.lang,en/2,"【Yunyun】
The hunt is on!"
YUNYUN_001_Main_000_030.lang,en/0,"【Q-chan】
Thanks to all this excitement, I feel like I can maybe move around my room a little?"
YUNYUN_001_Main_000_030.lang,en/3,"【Q-chan】
Mama is scary though, so I don't think I have the energy to leave my room."
YUNYUN_001_Main_000_040.lang,en/17,"【Q-chan】
Well of course I wouldn't-"
YUNYUN_001_Main_000_040.lang,en/6,"【Q-chan】
Whatever you say, Yunyun."
YUNYUN_001_Main_000_040.lang,en/7,"【Yunyun】
Chu! Nchu! Q-chan, you're the best!
Yunyun loooves you!"
YUNYUN_001_Main_000_040.lang,en/18,"【Yunyun】
Did you just hear something open?"
YUNYUN_001_Main_000_040.lang,en/12,"【Yunyun】
Love you!"
YUNYUN_001_Main_000_040.lang,en/14,"【Yunyun】
Loooooove you!!"
YUNYUN_001_Main_000_040.lang,en/4,"【Q-chan】
████████?"
YUNYUN_001_Main_000_040.lang,en/19,"【Q-chan】
...It's Mama...!! If she catches us...!"
YUNYUN_001_Main_000_040.lang,en/16,"【Yunyun】
Looking is fine, but don't pass through!"
YUNYUN_001_Main_000_040.lang,en/20,"【Yunyun】
Then it's time for “Mama's Here Mode” to debut!"
YUNYUN_001_Main_000_040.lang,en/13,"【Yunyun】
Love you! Love you! Love you! Love you! Love you! Love you! Love you! Love you! Love you! Love you! Love you! Love you!"
YUNYUN_001_Main_000_040.lang,en/8,"【Q-chan】
Dyufu. Ehehe. Yunyun's “looove” really gets me going! But..."
YUNYUN_001_Main_000_040.lang,en/2,"【Q-chan】
Yeah. It's pounding like crazy! Really makes me feel alive! Though I'm not really sure why..."
YUNYUN_001_Main_000_040.lang,en/15,"【Q-chan】
Fuhi. Hihihi. Dyufufufu!
Now I'm so excited I can see the gates of heaven!"
YUNYUN_001_Main_000_040.lang,en/5,"【Yunyun】
Oh dear... Looks like Yunyun's internal ethical standards ended up garbling it. It's not a fun word though, so let's not dwell on it."
YUNYUN_001_Main_000_040.lang,en/3,"【Yunyun】
Chuu! Denpa is love from the 2D world!
And love is the cure for ████████ thoughts!"
YUNYUN_001_Main_000_040.lang,en/11,"【Yunyun】
You think so? In that case..."
YUNYUN_001_Main_000_040.lang,en/0,"【Q-chan】
Uehehe～ Thanks to all this denpa, life doesn't seem so bad after all～"
YUNYUN_001_Main_000_040.lang,en/10,"【Q-chan】
If you say you love me even more, I think I'll get way, waaaay more excited!"
YUNYUN_001_Main_000_040.lang,en/21,"【Q-chan】
“Mama's Here Mode?”"
YUNYUN_001_Main_000_040.lang,en/9,"【Yunyun】
Buuut?"
YUNYUN_001_Main_000_040.lang,en/1,"【Yunyun】
Can you feel your heart racing?"
YUNYUN_001_Main_000_041.lang,en/8,"【Yunyun】
Leave it to Yunyun! Yunyun's denpa will get your heart racing so, sooo much more!"
YUNYUN_001_Main_000_041.lang,en/1,"【Q-chan】
Thanks to you, she didn't get too angry."
YUNYUN_001_Main_000_041.lang,en/4,"【Yunyun】
Pun pun! Q-chan is a 5★ though!
Something is seriously wrong with Mama!"
YUNYUN_001_Main_000_041.lang,en/0,"【Yunyun】
Mama successfully avoided!!"
YUNYUN_001_Main_000_041.lang,en/5,"【Q-chan】
Uuu... Yunyun is my one true ally on this Earth...!"
YUNYUN_001_Main_000_041.lang,en/7,"【Q-chan】
Ehehe... As long as Yunyun is here, I really don't need anything else, huh?"
YUNYUN_001_Main_000_041.lang,en/2,"【Yunyun】
Not “too” angry? So she still got mad?"
YUNYUN_001_Main_000_042.lang,en/2,"【Q-chan】
I'm sorry! I'm sorry!! I'm sorry for playing on my computer instead of studyinggg!!!"
YUNYUN_001_Main_000_041.lang,en/6,"【Yunyun】
Don't you worry! Yunyun's love is worth a hundred trillion Earths!"
YUNYUN_001_Main_000_041.lang,en/3,"【Q-chan】
Hikikomori are easy to criticize, after all."
YUNYUN_001_Main_000_042.lang,en/5,"【Q-chan】
Not okay at all.
I can feel the energy draining out of me..."
YUNYUN_001_Main_000_042.lang,en/3,"【Q-chan】
Uuuu～"
YUNYUN_001_Main_000_042.lang,en/6,"【Yunyun】
Punpun! Q-chan is a 5★ though!
Something's seriously wrong with Mama!"
YUNYUN_001_Main_000_042.lang,en/9,"【Q-chan】
As long as Yunyun is here, I really don't need anything else, huh?"
YUNYUN_001_Main_000_042.lang,en/8,"【Yunyun】
Don't you worry! Yunyun's love is worth a hundred trillion Earths!"
YUNYUN_001_Main_000_042.lang,en/7,"【Q-chan】
Uuu... Yunyun is my one true ally on this Earth...!"
YUNYUN_001_Main_000_042.lang,en/4,"【Yunyun】
...Q-chan... Are you okay...?"
YUNYUN_001_Main_000_050.lang,en/1,"【Q-chan】
Should I go look for energy drinks in the kitchen?"
YUNYUN_001_Main_000_042.lang,en/1,"【Q-chan】
Mama...!!"
YUNYUN_001_Main_000_042.lang,en/10,"【Yunyun】
Leave it to Yunyun! Yunyun's denpa will get your heart racing so, sooo much more!"
YUNYUN_001_Main_000_042.lang,en/0,"【Yunyun】
“You were too slow...!”"
YUNYUN_001_Main_000_050.lang,en/3,"【Q-chan】
I'll need to show off my Yunyun love while fully in the zone, huh?"
YUNYUN_001_Main_000_050.lang,en/0,"【Q-chan】
Thanks to Yunyun, I think maybe I can manage to explore the whole house?"
YUNYUN_002_Main_000_000.lang,en/10,"【Q-chan】
Ehe. Now you're making me blush!"
YUNYUN_001_Main_000_050.lang,en/2,"【Yunyun】
Energy charge!"
YUNYUN_002_Main_000_000.lang,en/12,"【Q-chan】
Eh? To where?"
YUNYUN_002_Main_000_000.lang,en/0,"【Q-chan】
Ehehe. Thanks to Yunyun's denpa, my heart just won't stop pounding!!"
YUNYUN_002_Main_000_000.lang,en/19,"【Q-chan】
Ahaha. Besides, anything that makes Yunyun happy is worth doing, right?"
YUNYUN_002_Main_000_000.lang,en/7,"【Yunyun】
Come to think of it, you don't show anyone else your writing, do you?"
YUNYUN_002_Main_000_000.lang,en/9,"【Yunyun】
That's not true at all! They're such lovely words! Yunyun is always so excited to read them!"
YUNYUN_002_Main_000_000.lang,en/4,"【Q-chan】
Loving Yunyun and proving that love is my whole reason for being!!"
YUNYUN_002_Main_000_000.lang,en/11,"【Yunyun】
Ah! Eureka! Q-chan should yunyun out denpa transmissions of all her lovely words!"
YUNYUN_002_Main_000_000.lang,en/8,"【Q-chan】
I mean, it's really embarrassing... It's like the kind of junk you'd just scribble in the margins, you know?"
YUNYUN_002_Main_000_000.lang,en/13,"【Yunyun】
To the whole world over the internet!!"
YUNYUN_002_Main_000_000.lang,en/2,"【Q-chan】
Now that my heart has recovered, I'll need to keep building up my love for Yunyun, won't I?"
YUNYUN_002_Main_000_010.lang,en/0,"【Q-chan】
...The heck is all this...?"
YUNYUN_002_Main_000_000.lang,en/1,"【Yunyun】
It's great to see you're doing so well!"
YUNYUN_002_Main_000_000.lang,en/15,"【Q-chan】
It'd be really embarrassing for people online to see my garbage shitposts... but..."
YUNYUN_002_Main_000_000.lang,en/17,"【Q-chan】
The internet is basically a trash can anyways,
so what's the harm in throwing in a bit more?"
YUNYUN_002_Main_000_000.lang,en/5,"【Yunyun】
You're making Yunyun blush!"
YUNYUN_002_Main_000_000.lang,en/14,"【Yunyun】
If more people could learn how wonderful you are, that would make Yunyun extra happy too!"
YUNYUN_002_Main_000_000.lang,en/16,"【Yunyun】
But...?"
YUNYUN_002_Main_000_000.lang,en/18,"【Yunyun】
Your writing isn't garbage though!"
YUNYUN_002_Main_000_000.lang,en/6,"【Q-chan】
More, more... I need to put more of that Yunyun love into words!!!"
YUNYUN_002_Main_000_000.lang,en/3,"【Yunyun】
Your love for Yunyun? But why?"
YUNYUN_002_Main_000_010.lang,en/8,"【Q-chan】
Geh- Is this actually just making it worse...?"
YUNYUN_002_Main_000_010.lang,en/17,"【Yunyun】
Oh? The people on SNS seemed to have changed their tune."
YUNYUN_002_Main_000_010.lang,en/9,"【Yunyun】
Don't sweat it! Yunyun is just happy to receive Q-chan's love!"
YUNYUN_002_Main_000_010.lang,en/1,"【Q-chan】
Aren't they totally just shitting on me!?"
YUNYUN_002_Main_000_010.lang,en/21,"【Yunyun】
This is all the power of Q-chan's denpa!"
YUNYUN_002_Main_000_010.lang,en/12,"【Yunyun】
It's Rim de Lacent time."
YUNYUN_002_Main_000_010.lang,en/11,"【Q-chan】
A world that can't recognize Yunyun's greatness deserves to spin itself to shreds!"
YUNYUN_002_Main_000_010.lang,en/13,"【Q-chan】
...What's with the shaking...?"
YUNYUN_002_Main_000_010.lang,en/15,"【Yunyun】
It's getting all wobbly～"
YUNYUN_002_Main_000_010.lang,en/3,"【Q-chan】
I don't care about myself, but NO ONE gets away with insulting Yunyun!!!"
YUNYUN_002_Main_000_020.lang,en/5,"【Q-chan】
You really think so? What's actually amazing is the crazy way people online are reading my posts,
isn't it?"
YUNYUN_002_Main_000_010.lang,en/7,"【Yunyun】
Q-chan! Q-chan!"
YUNYUN_002_Main_000_010.lang,en/14,"【Q-chan】
Uwaaah～!! It's an earthquake～!!"
YUNYUN_002_Main_000_010.lang,en/6,"【Q-chan】
UUOOOOHHH!! DON'T YOU DARE LAUGH AT MY YUNYUN!!!"
YUNYUN_002_Main_000_010.lang,en/23,"【Q-chan】
In that case, I'll have to keep yunyunning out denpa to bring your charm to this whole shit
heap of a world!"
YUNYUN_002_Main_000_010.lang,en/4,"【Yunyun】
...Q-chan has completely snapped..."
YUNYUN_002_Main_000_010.lang,en/10,"【Q-chan】
Uwaahh!! Yunyun is such an angel though!
They make me so angry!!"
YUNYUN_002_Main_000_010.lang,en/16,"【Q-chan】
That was a pretty big quake, huh?"
YUNYUN_002_Main_000_010.lang,en/5,"【Q-chan】
This burning rage can only be quelled by unleashing it upon the net!"
YUNYUN_002_Main_000_010.lang,en/20,"【Q-chan】
There are more people saying positive things about Yunyun, too."
YUNYUN_002_Main_000_010.lang,en/18,"【Q-chan】
I dunno what those idiots on SNS are up to,
but now they seem grateful somehow?"
YUNYUN_002_Main_000_010.lang,en/22,"【Q-chan】
...The power of my denpa...?"
YUNYUN_002_Main_000_010.lang,en/2,"【Yunyun】
Don't let what others think get to you!"
YUNYUN_002_Main_000_010.lang,en/19,"【Yunyun】
Everyone's saying your posts are amazing!"
YUNYUN_002_Main_000_030.lang,en/10,"【Yunyun】
Ehh～!?"
YUNYUN_002_Main_000_020.lang,en/7,"【Q-chan】
If that's true, then it's all thanks to Yunyun's
denpa of love, right?"
YUNYUN_002_Main_000_020.lang,en/0,"【Yunyun】
Look, look! Your posts are making the online news!"
YUNYUN_002_Main_000_020.lang,en/6,"【Yunyun】
That's not true at all! Q-chan's words are so overflowing with love that they brought forth
a miracle!"
YUNYUN_002_Main_000_020.lang,en/3,"【Yunyun】
“Her messages are encrypted with stenogaphy that when converted to a waveform based on ‘Yuns’ and expanded using an FFT...”"
YUNYUN_002_Main_000_020.lang,en/1,"【Q-chan】
Whoa, this is getting pretty big."
YUNYUN_002_Main_000_020.lang,en/2,"【Yunyun】
...Let's see... “Q-chan is a Yunyun denpa prophet embedding revelations into her shitposts...?”"
YUNYUN_002_Main_000_020.lang,en/8,"【Q-chan】
I hope more of the world gets to see just how charming you are!"
YUNYUN_002_Main_000_020.lang,en/4,"【Yunyun】
...N-No more! It's some kind of incantation! Complete gobbledegook! But in any case, the article is saying your posts are amazing, Q-chan!"
YUNYUN_002_Main_000_040.lang,en/9,"【Yunyun】
Fufu. But, Yunyun is happy that they chose to use your name, Q-chan!"
YUNYUN_002_Main_000_030.lang,en/3,"【Yunyun】
“She is a revolutionary who will destroy the deep state while Yunyun is the goddess of revolution who will set the masses free.” Whoa!"
YUNYUN_002_Main_000_030.lang,en/1,"【Q-chan】
Ehhhh...?"
YUNYUN_002_Main_000_030.lang,en/8,"【Yunyun】
It's totally on the up! The whole world is writing about you! Yunyun's so happy everyone is recognizing you!"
YUNYUN_002_Main_000_030.lang,en/7,"【Q-chan】
Would you call this respect? Though I guess that my clout online has been on the up recently."
YUNYUN_002_Main_000_030.lang,en/4,"【Q-chan】
...When did I go from a hikikomori NEET to a hikikomori revolutionary...!?"
YUNYUN_002_Main_000_030.lang,en/11,"【Q-chan】
But, I'm glad that it makes you happy, Yunyun,
and it'd be even better if word of your charm could spread even more!"
YUNYUN_002_Main_000_030.lang,en/6,"【Yunyun】
But, Q-chan's gaining respect and popularity like crazy! Isn't that great?"
YUNYUN_002_Main_000_030.lang,en/0,"【Yunyun】
Q-chan, you've made the online news again!"
YUNYUN_002_Main_000_030.lang,en/9,"【Q-chan】
Who cares what the world or the web say though?"
YUNYUN_002_Main_000_030.lang,en/2,"【Yunyun】
“Q-chan will liberate the world and spark a revolution with her Yunyun shitposts...”"
YUNYUN_002_Main_000_030.lang,en/5,"【Yunyun】
Yunyun is also a devil, yet they're using her as a goddess."
YUNYUN_002_Main_000_040.lang,en/8,"【Q-chan】
Like come on... Wouldn't “Yunyun Denpa Antennas” be so obviously better...?"
YUNYUN_002_Main_000_040.lang,en/5,"【Yunyun】
The deep state; the shadow government.
With people that powerful coming after you,
you can't help but worry."
YUNYUN_002_Main_000_040.lang,en/4,"【Q-chan】
Mmm... That sounds like trouble."
YUNYUN_002_Main_000_040.lang,en/0,"【Yunyun】
Q-chan! Q-chan! Big news!"
YUNYUN_002_Main_000_040.lang,en/1,"【Q-chan】
What is it this time?"
YUNYUN_002_Main_000_040.lang,en/6,"【Q-chan】
I guess that's true too, but I'm more concerned about those weirdo Q Denpa Antenna people,
you know?"
YUNYUN_002_Main_000_040.lang,en/7,"【Yunyun】
That's your takeaway!?"
YUNYUN_002_Main_000_040.lang,en/3,"【Yunyun】
...Is what it says."""""
YUNYUN_003_Main_000_000.lang,en/1,"【Q-chan】
Though the Yunyun levels inside of me were already maxed out, you know?"
YUNYUN_002_Main_000_040.lang,en/2,"【Yunyun】
“The deep state is treating ‘Q Denpa Antennas’ as potential threats and has begun deliberations to address the issue of Q-chan.”"
YUNYUN_003_Main_000_000.lang,en/15,"【Yunyun】
Yunyun loves you!"
YUNYUN_003_Main_000_000.lang,en/2,"【Yunyun】
Good news!"
YUNYUN_003_Main_000_000.lang,en/16,"【Q-chan】
Ehehehe～ My brain's going all yunyunny～～"
YUNYUN_003_Main_000_000.lang,en/3,"【Yunyun】
“The character whose popularity is exploding online: Yunyun! Her original creator and voice actress discuss what makes her so appealing!”"
YUNYUN_003_Main_000_000.lang,en/11,"【Q-chan】
No matter what happens, I'll always love Yunyun, you know?"
YUNYUN_003_Main_000_000.lang,en/6,"【Yunyun】
Eh!? But why!? You love Yunyun, don't you?"
YUNYUN_003_Main_000_000.lang,en/5,"【Q-chan】
Uhhh... I'm maybe a little conflicted...?"
YUNYUN_003_Main_000_000.lang,en/10,"【Yunyun】
I'm sure they have their own reasons."
YUNYUN_003_Main_000_000.lang,en/4,"【Yunyun】
It's been so long since there's been an official announcement!! Q-chan, aren't you happy!?"
YUNYUN_003_Main_000_000.lang,en/14,"【Yunyun】
Ehehe. Surely those feelings are why you're able
to receive Yunyun's denpa like this now."
YUNYUN_003_Main_000_000.lang,en/8,"【Q-chan】
I know there are exceptions, but aren't these the same people who have been ignoring the franchise for all these years?"
YUNYUN_003_Main_000_005.lang,en/0,"【Yunyun】
Yunyunyunyunyu～n!"
YUNYUN_003_Main_000_000.lang,en/7,"【Q-chan】
Of course I love Yunyun! But like..."
YUNYUN_003_Main_000_000.lang,en/0,"【Yunyun】
Yunyun can feel your YUNYUN levels swelling!!"
YUNYUN_003_Main_000_000.lang,en/12,"【Yunyun】
Fufufu. Yunyun appreciates Q-chan's unwavering love!"
YUNYUN_003_Main_000_000.lang,en/9,"【Q-chan】
They'd dropped it so hard they wouldn't even claim it on their resumes, yet the moment Yunyun starts picking up again they come running right back."
YUNYUN_003_Main_000_000.lang,en/13,"【Q-chan】
But of course! Yunyun's the one I love! The one
and only! I'm not just some random staffer!"
YUNYUN_003_Main_000_005.lang,en/2,"【Yunyun】
Q-chan, Yunyun can feel your YUNYUN levels swelling! At this level, Yunyun can support you through fusion!"
YUNYUN_003_Main_000_005.lang,en/4,"【Yunyun】
Yunyun is a devil, so maybe “soul integration” or “demon fusion” would be a better fit!"
YUNYUN_003_Main_000_005.lang,en/1,"【Q-chan】
What's up? It feels like you're “yunyunning”
even more than usual."
YUNYUN_003_Main_000_010.lang,en/6,"【Q-chan】
My only god—or rather, goddess—is Yunyun!
For Yunyun's sake, it is only Yunyun whom I love!"
YUNYUN_003_Main_000_005.lang,en/3,"【Q-chan】
Like a “final fusion” kinda thing?"
YUNYUN_003_Main_000_010.lang,en/3,"【Q-chan】
It's not worth engaging with the random musings that the author happens to have from one day to the next."
YUNYUN_003_Main_000_010.lang,en/2,"【Yunyun】
What do you mean?"
YUNYUN_003_Main_000_010.lang,en/5,"【Yunyun】
But wouldn't that make the author God?"
YUNYUN_003_Main_000_010.lang,en/7,"【Q-chan】
Ehehe. In that case, then it seems it'll be just fine for this Yunyun to stay as the one that Q-chan knows!"
YUNYUN_003_Main_000_010.lang,en/1,"【Q-chan】
That's just some nonsense that the original author has decided to make up all on his own."
YUNYUN_003_Main_000_020.lang,en/1,"【Q-chan】
An imposter of me?"
YUNYUN_003_Main_000_010.lang,en/0,"【Yunyun】
Q-chan! Q-chan! Apparently Yunyun's new backstory just debuted on an official broadcast!"
YUNYUN_003_Main_000_010.lang,en/4,"【Q-chan】
The original work is the only bible, after all!"
YUNYUN_003_Main_000_020.lang,en/3,"【Q-chan】
“Q-chan's shitposting is all based on plagarism. P-chan is the actual OP.”"
YUNYUN_003_Main_000_020.lang,en/2,"【Yunyun】
This account right here!"
YUNYUN_003_Main_000_020.lang,en/4,"【Q-chan】
“Q-chan's shitposts are clumsy imitations.
They're obviously done by an idiot who can't
function properly in society and...”"
YUNYUN_003_Main_000_020.lang,en/7,"【Q-chan】
Nothing?"
YUNYUN_003_Main_000_020.lang,en/6,"【Yunyun】
What are we gonna do about this account?"
YUNYUN_003_Main_000_020.lang,en/5,"【Q-chan】
Haah... I mean, the second part about me being an idiot who can't function in society isn't wrong."
YUNYUN_003_Main_000_020.lang,en/0,"【Yunyun】
Th-This is big trouble～! Some Q-chan imposter is trying to become the real deal!"
YUNYUN_003_Main_000_020.lang,en/8,"【Q-chan】
I'll just continue to sacrifice myself at the altar of Yunyun love! This imposter account will be gone before you know it!"
YUNYUN_003_Main_000_020.lang,en/10,"【Q-chan】
If you just stay true to yourself, surely your charms will snuff out this imposter!"
YUNYUN_003_Main_000_020.lang,en/9,"【Yunyun】
Without a doubt! Q-chan's charm is one of a kind!"
YUNYUN_003_Main_000_025.lang,en/1,"【Yunyun】
Now you should be able control the Denpa Antennas and force which Conspiracy you
want to go viral!"
YUNYUN_003_Main_000_030.lang,en/8,"【Q-chan】
Ahaha, that's just silly..."
YUNYUN_003_Main_000_025.lang,en/2,"【Q-chan】
Ahaha. Let's call it the “Conspiracy Control Geass” then, shall we? Wanna give it a spin with the next shitpost upload?"
YUNYUN_003_Main_000_025.lang,en/0,"【Yunyun】
Yunyun can just feel the CHARISMA radiating from you!"
YUNYUN_003_Main_000_030.lang,en/6,"【Q-chan】
...I look up Yunyun posts every day and never saw anything like this..."
YUNYUN_003_Main_000_030.lang,en/5,"【Q-chan】
...That doesn't seem right..."
YUNYUN_003_Main_000_030.lang,en/1,"【Yunyun】
More people are saying that Q-chan is actually the fake."
YUNYUN_003_Main_000_030.lang,en/7,"【Yunyun】
The deep state must have altered the timestamps!"
YUNYUN_003_Main_000_030.lang,en/2,"【Q-chan】
The impersonator seems to be gaining in popularity, doesn't she?"
YUNYUN_003_Main_000_040.lang,en/5,"【Yunyun】
Right, Q-chan? It's so stupid you just have to laugh, isn't it?"
YUNYUN_003_Main_000_030.lang,en/3,"【Yunyun】
Even on message boards, the Q faction and P faction seem to be going at it."
YUNYUN_003_Main_000_030.lang,en/4,"【Q-chan】
“Before Q-chan even started posting, P-chan was already shitposting about Yunyun?”"
YUNYUN_003_Main_000_030.lang,en/0,"【Q-chan】
The Denpa Antennas reactions have felt off lately, huh?"
YUNYUN_003_Main_000_040.lang,en/12,"【Q-chan】
Wait! Just showing pictures of the room won't prove that it's mine, will it!?"
YUNYUN_003_Main_000_040.lang,en/6,"【Q-chan】
KIIIIII—! W-Why youuuUUU—!!!"
YUNYUN_003_Main_000_040.lang,en/21,"【Q-chan】
NO ONE'S SAYING ANYTHING ABOUT MY LIMITED RUN 1/30 YUNYUN DAKIMAKURA COVER!!!"
YUNYUN_003_Main_000_040.lang,en/14,"【Yunyun】
Don't get ahead of yourself! Putting up personal information on the internet is dangerous!"
YUNYUN_003_Main_000_040.lang,en/22,"【Yunyun】
Otaku talk is like a trivia battle so what can you do?"
YUNYUN_003_Main_000_040.lang,en/8,"【Q-chan】
I, I-I-I'M SO PISSED——!! YOU'D DARE TO QUESTION MY LOVE FOR YUNYUN!?!?"
YUNYUN_003_Main_000_050.lang,en/1,"【Q-chan】
Blegh..."
YUNYUN_003_Main_000_040.lang,en/19,"【Q-chan】
...That's not right..."
YUNYUN_003_Main_000_040.lang,en/4,"【Yunyun】
...Ahaha! That's obviously just silly! What a childish way to bait!"
YUNYUN_003_Main_000_040.lang,en/0,"【Yunyun】
Q-chan's popularity is still on the rise, but..."
YUNYUN_003_Main_000_040.lang,en/2,"【Q-chan】
Looks like she just posted something, huh?"
YUNYUN_003_Main_000_040.lang,en/10,"【Q-chan】
When people see all the limited edition merch
in my room, they'll have no choice but to acknowledge what a die-hard Yunyun fan I am!!!"
YUNYUN_003_Main_000_040.lang,en/11,"【Yunyun】
C-Calm yourself!"
YUNYUN_003_Main_000_040.lang,en/1,"【Yunyun】
Mumumu～! P-chan's up to about the same number of followers!"
YUNYUN_003_Main_000_040.lang,en/9,"【Yunyun】
...Q-chan, why are you taking pictures of your room...?"
YUNYUN_003_Main_000_040.lang,en/20,"【Yunyun】
What is it?"
YUNYUN_003_Main_000_040.lang,en/13,"【Q-chan】
I need to take one of myself, too!"
YUNYUN_003_Main_000_040.lang,en/15,"【Q-chan】
Don't sweat it!! Everyone's digital literacy is trash these days! A simple picture of your face is no big deal!!!"
YUNYUN_003_Main_000_040.lang,en/17,"【Yunyun】
...Aaahhhh～～ Q-chan's private info has been sent onto the net..."
YUNYUN_003_Main_000_040.lang,en/16,"【Q-chan】
EI～!!"
YUNYUN_003_Main_000_040.lang,en/18,"【Yunyun】
...This might've actually gone pretty well...
Your clout seems to be rising even more!"
YUNYUN_003_Main_000_040.lang,en/7,"【Yunyun】
S-She's gone full demon mode."
YUNYUN_003_Main_000_040.lang,en/3,"【Yunyun】
“Q-chan is a fake otaku influencer and her claims to ‘love’ Yunyun are a total lie.”"
YUNYUN_003_Main_000_050.lang,en/6,"【Q-chan】
If I was actually attractive, I wouldn't have been bullied at school, and Mama would've loved me so, so much more."
YUNYUN_003_Main_000_050.lang,en/8,"【Yunyun】
...Q-chan..."
YUNYUN_003_Main_000_050.lang,en/0,"【Yunyun】
Q-chan, the internet is blowing up over how cute you are!"
YUNYUN_003_Main_000_050.lang,en/10,"【Q-chan】
Because Yunyun is the only one I can trust."
YUNYUN_003_Main_000_050.lang,en/5,"【Q-chan】
Thank you. I am happy to hear that from you.
But you know...?"
YUNYUN_003_Main_000_050.lang,en/2,"【Yunyun】
Aren't you happy?"
YUNYUN_003_Main_000_050.lang,en/7,"【Q-chan】
Even personally, I'd have been able to love myself more."
YUNYUN_003_Main_000_060.lang,en/2,"【Yunyun】
...Uuu... P-chan's account is trying to incite an uprising..."
YUNYUN_003_Main_000_050.lang,en/4,"【Yunyun】
That's not true at all. Q-chan is totally cute!"
YUNYUN_003_Main_000_050.lang,en/9,"【Q-chan】
...Maybe I'm my own worst enemy, huh...?
Hearing compliments from anyone other than Yunyun really does nothing for me."
YUNYUN_003_Main_000_050.lang,en/3,"【Q-chan】
I know better than anyone that there's no way I could be cute."
YUNYUN_003_Main_000_060.lang,en/5,"【Q-chan】
Ehhh!? Is there something wrong with everyone on the net?"
YUNYUN_003_Main_000_060.lang,en/4,"【Yunyun】
Lots of people seem to be buying it."
YUNYUN_003_Main_000_060.lang,en/0,"【Yunyun】
“By limiting freedom of expression, the Tokyo government is robbing us of independent thought to turn us into obedient slaves.”"
YUNYUN_003_Main_000_060.lang,en/8,"【Q-chan】
Using Yunyun to promote some weirdo movement is unacceptable! I'll need to boost my clout even more!!"
YUNYUN_003_Main_000_060.lang,en/6,"【Yunyun】
I'm sure their heads must be swirling with toxic denpa!"
YUNYUN_003_Main_000_060.lang,en/3,"【Q-chan】
Is this account doing okay? This seems way too fishy. Well, it's not like anyone would believe it anyways."
YUNYUN_003_Main_000_060.lang,en/9,"【Yunyun】
Transmitting now!"
YUNYUN_003_Main_000_070.lang,en/3,"【Q-chan】
...Something really needs to be done about that account, doesn't it...?"
YUNYUN_003_Main_000_060.lang,en/1,"【Yunyun】
“Heed the call, Yunyun Denpa Antennas! Gather before their offices and claim your freedom!”"
YUNYUN_003_Main_000_060.lang,en/7,"【Q-chan】
...I'm pretty disconnected from any riots or whatever out there in the world, so maybe I just don't get it, but..."
YUNYUN_003_Main_000_070.lang,en/1,"【Yunyun】
“Numerous injuries have been reported, and even potential fatalities. There is also a growing movement towards regulating Denpa Antennas as a cult.”"
YUNYUN_003_Main_000_070.lang,en/2,"【Yunyun】
...Haah... We seem to have received some very saddening denpa..."
YUNYUN_003_Main_000_080.lang,en/14,"【Yunyun】
So admirable! So amazing!
Q-chan is so awesome!"
YUNYUN_003_Main_000_070.lang,en/0,"【Yunyun】
“Following riots that took place at Tokyo government offices, protests against restrictions on freedom of expression have intensified across the world.”"
YUNYUN_003_Main_000_080.lang,en/11,"【Q-chan】
I dunno, but maybe I'll go check?"
YUNYUN_003_Main_000_080.lang,en/5,"【Q-chan】
Now all that's left is for the two of us to transmit our own denpa of joy!"
YUNYUN_003_Main_000_080.lang,en/13,"【Q-chan】
Ehehe, at this point, I feel like not even the outdoors can spook me!"
YUNYUN_003_Main_000_080.lang,en/9,"【Q-chan】
Mama would never use the doorbell though..."
YUNYUN_003_Main_000_080.lang,en/15,"【Q-chan】
Fufufu～～!! Alright, then I'll be right back!"
YUNYUN_003_Main_000_080.lang,en/0,"【Yunyun】
“P-chan is an imposter misusing denpa on behalf of the deep state.”"
YUNYUN_003_Main_000_080.lang,en/8,"【Yunyun】
Oh? Is that Mama?"
YUNYUN_003_Main_000_080.lang,en/7,"【Q-chan】
There's so much Yunyun denpa left to transmit after all, right?"
YUNYUN_003_Main_000_080.lang,en/10,"【Yunyun】
Then who could it be?"
YUNYUN_003_Main_000_080.lang,en/2,"【Q-chan】
Her following is also taking a huge hit!"
YUNYUN_004_Main_000_080.lang,en/11,"【Q-chan】
...This world... really is... a shit heap..."
YUNYUN_003_Main_000_080.lang,en/12,"【Yunyun】
Q-chan, you're gonna go outside!?"
YUNYUN_003_Main_000_080.lang,en/4,"【Q-chan】
Fuufuufuu... Yunyun denpa unifies the world!!"
YUNYUN_003_Main_000_080.lang,en/6,"【Yunyun】
Don't call it quits so early! Q-chan's story is just getting started!"
YUNYUN_003_Main_000_080.lang,en/3,"【Yunyun】
Rim de Lacent! And on the other hand,
Q-chan's charm is popping off big time!!"
YUNYUN_003_Main_000_080.lang,en/1,"【Yunyun】
A lot of the arguments are pretty convincing!"
YUNYUN_005_Main_000_000.lang,en/4,"【Yunyun】
Q-chan, in this world, you won't have to worry!"
YUNYUN_004_Main_000_080.lang,en/12,"【Q-chan】
...Huh? I can't hear anything...
I can't see anything..."
YUNYUN_004_Main_000_080.lang,en/15,"【Q-chan】
Your denpa... isn't reaching me...!"
YUNYUN_004_Main_000_080.lang,en/4,"【Yunyun】
When things get tough, or the world has it out for you..."
YUNYUN_004_Main_000_080.lang,en/14,"【Q-chan】
...Yunyun... Yunyun...?
Please, don't leave me... all alone...!"
YUNYUN_004_Main_000_080.lang,en/8,"【Q-chan】
...Eh...? Mama... was at the capitol...?"
YUNYUN_004_Main_000_080.lang,en/5,"【Yunyun】
Yunyun hopes you'll receive lots of denpa and
Rim de Lacent it all better!"
YUNYUN_004_Main_000_080.lang,en/3,"【Yunyun】
Denpa is magic that gets your heart racing and makes the whole world yunyun!"
YUNYUN_004_Main_000_080.lang,en/7,"【Q-chan】
...Yes. I'm her daughter..."
YUNYUN_004_Main_000_080.lang,en/0,"【Q-chan】
...Uwah, it's so bright..."
YUNYUN_004_Main_000_080.lang,en/13,"【Q-chan】
Your denpa... isn't reaching me...!"
YUNYUN_004_Main_000_080.lang,en/2,"【Yunyun】
Chuu! Chuu! Muchuu～～!"
YUNYUN_004_Main_000_080.lang,en/10,"【Q-chan】
...No... It's not possible...
How could I accept something like that...?"
YUNYUN_004_Main_000_080.lang,en/9,"【Q-chan】
...No... You're lying... I won't believe it...
I won't...!"
YUNYUN_004_Main_000_080.lang,en/1,"【Q-chan】
..Hello～? W-Who is it...?"
YUNYUN_004_Main_000_080.lang,en/6,"【Q-chan】
...Yes, this is the Kurusu household.
Me? I'm Kurusu, Kurumi..."
YUNYUN_005_Main_000_000.lang,en/9,"【Q-chan】
...That's, right... We need to Rim de Lacent.
Get that denpa. Up."
YUNYUN_005_Main_000_000.lang,en/2,"【Yunyun】
Q-chan's extra special denpa has arrived!"
YUNYUN_005_Main_000_000.lang,en/6,"【Yunyun】
Fiction will always be your ally! Forget about the real world! Let it spin itself to shreds!"
YUNYUN_005_Main_000_010.lang,en/3,"【Yunyun】
To boost Q-chan's denpa, I'm gonna make the world spin 'round even more!"
YUNYUN_005_Main_000_000.lang,en/5,"【Q-chan】
...Yunyun...?"
YUNYUN_005_Main_000_000.lang,en/8,"【Yunyun】
Let's Rim de Lacent it up!"
YUNYUN_005_Main_000_000.lang,en/7,"【Yunyun】
So now, to make sure that Q-chan can stick around, we'll yunyun up the denpa in your heart!"
YUNYUN_005_Main_000_000.lang,en/0,"【Yunyun】
Yunyuu～n! Rim de Lacent! Chuu!
Did this denpa get through?"
YUNYUN_005_Main_000_000.lang,en/1,"【Q-chan】
Yunyun? This some kinda dream?"
YUNYUN_005_Main_000_000.lang,en/3,"【Q-chan】
...Eh...?"
YUNYUN_005_Main_000_010.lang,en/4,"【Q-chan】
Spinny spinny～!"
YUNYUN_005_Main_000_010.lang,en/0,"【Yunyun】
Yunyuu～n! Chuu! Did this denpa get through?"
YUNYUN_005_Main_000_020.lang,en/11,"【Yunyun】
You can't stop living! You wouldn't be able to receive the denpa!"
YUNYUN_005_Main_000_010.lang,en/1,"【Q-chan】
Yunyun? This some kinda dream?"
YUNYUN_005_Main_000_010.lang,en/2,"【Yunyun】
It's Rim de Lacent!"
YUNYUN_005_Main_000_020.lang,en/34,"【Yunyun】
It's okay. I am you. So, I understand."
YUNYUN_005_Main_000_020.lang,en/46,"【Q-chan】
......"
YUNYUN_005_Main_000_020.lang,en/41,"【Q-chan】
......"
YUNYUN_005_Main_000_020.lang,en/15,"【Yunyun】
...Q-chan...?"
YUNYUN_005_Main_000_020.lang,en/48,"【Yunyun】
...Believe in your own love for yourself."
YUNYUN_005_Main_000_020.lang,en/0,"【Yunyun】
Q-chan... Are you receiving this denpa...?"
YUNYUN_005_Main_000_020.lang,en/32,"【Q-chan】
...Th-That's not..."
YUNYUN_005_Main_000_020.lang,en/20,"【Q-chan】
The miserable farce of a social outcast. It's so pathetic, so ridiculous, that you can't help but laugh."
YUNYUN_005_Main_000_020.lang,en/24,"【Yunyun】
...That isn't true...!
There's nothing wretched about you!!"
YUNYUN_005_Main_000_020.lang,en/43,"【Yunyun】
Mama was your Mama, yet she didn't love you. Though I am also part of you, I don't love you just because of that."
YUNYUN_005_Main_000_020.lang,en/29,"【Yunyun】
...Just because Mama was your parent,
did that mean she loved you?"
YUNYUN_005_Main_000_020.lang,en/21,"【Yunyun】
It's not ridiculous in the least!"
YUNYUN_005_Main_000_020.lang,en/47,"【Yunyun】
So, please... Don't close your ears to your own voice. Don't tune out your own denpa!"
YUNYUN_005_Main_000_020.lang,en/27,"【Q-chan】
What else could it be?
You're just a part of me after all."
YUNYUN_005_Main_000_020.lang,en/35,"【Yunyun】
The pain of not receiving Mama's love, and more, the heartbreak of still wanting to."
YUNYUN_005_Main_000_020.lang,en/36,"【Q-chan】
...Don't say it..."
YUNYUN_005_Main_000_020.lang,en/10,"【Q-chan】
...How am I even still alive...? I don't have the right to live in the outside world, let alone the will."
YUNYUN_005_Main_000_020.lang,en/33,"【Yunyun】
Deep down, you believe that you weren't loved, don't you? That's your truth, isn't it, Q-chan?"
YUNYUN_005_Main_000_020.lang,en/28,"【Yunyun】
...In that case..."
YUNYUN_005_Main_000_020.lang,en/2,"【Yunyun】
This is the world inside Q-chan's heart."
YUNYUN_005_Main_000_020.lang,en/6,"【Yunyun】
...Unfortunately, that's not the case..."
YUNYUN_005_Main_000_020.lang,en/12,"【Q-chan】
Denpa...?"
YUNYUN_005_Main_000_020.lang,en/31,"【Yunyun】
She does. Parents—despite what they are, don't always love their children in this unjust world, right?"
YUNYUN_005_Main_000_020.lang,en/1,"【Q-chan】
...Yunyun...? Huh...? Where are we...?"
YUNYUN_005_Main_000_020.lang,en/3,"【Q-chan】
...Then, was everything up until now just my delusion...?"
YUNYUN_005_Main_000_020.lang,en/14,"【Q-chan】
...Ehe. Ahaha... I'm really such an idiot..."
YUNYUN_005_Main_000_020.lang,en/19,"【Q-chan】
I was always alone. A loner playing her silly make-believe games."
YUNYUN_005_Main_000_020.lang,en/49,"【Q-chan】
...Yunyun..."
YUNYUN_005_Main_000_020.lang,en/44,"【Q-chan】
...Eh...?"
YUNYUN_005_Main_000_020.lang,en/16,"【Q-chan】
...Yunyun, you're also a delusion spinning around in my head, aren't you...?"
YUNYUN_005_Main_000_020.lang,en/7,"【Q-chan】
...I kinda figured. That part was real, huh?
Mama's death wasn't just part of some dream..."
YUNYUN_005_Main_000_020.lang,en/25,"【Q-chan】
Guess it figures that this delusion would gas me up too, huh? That it'd accept even someone like me as a matter of course."
YUNYUN_005_Main_000_020.lang,en/45,"【Yunyun】
Yunyun loves Q-chan for being Q-chan! You are precious precisely because of who you are."
YUNYUN_005_Main_000_020.lang,en/38,"【Q-chan】
...Don't say those things...!
Even if it's true, I still love Mama!"
YUNYUN_005_Main_000_020.lang,en/39,"【Yunyun】
...That's right. That's what you've always thought, Q-chan..."
YUNYUN_005_Main_000_020.lang,en/23,"【Q-chan】
Knowing what a disgusting wretch I am,
what can I do but laugh?"
YUNYUN_005_Main_000_020.lang,en/9,"【Yunyun】
Q-chan..."
YUNYUN_005_Main_000_020.lang,en/4,"【Yunyun】
It was all a Yunyun Denpa Syndrome."
YUNYUN_005_Main_000_020.lang,en/26,"【Yunyun】
It's not just a matter of course."
YUNYUN_005_Main_000_020.lang,en/30,"【Q-chan】
...! Mama has nothing... to do with this..."
YUNYUN_005_Main_000_020.lang,en/8,"【Q-chan】
...After Mama died, I became a full hikikomori, even inside my own heart..."
YUNYUN_005_Main_000_020.lang,en/18,"【Yunyun】
............"
YUNYUN_005_Main_000_020.lang,en/42,"【Yunyun】
...So my point is... Even if I'm part of Q-chan's delusion—even if we're the same person—you and
I are different."
YUNYUN_005_Main_000_020.lang,en/13,"【Yunyun】
The denpa from Yunyun telling you that she loves you!"
YUNYUN_005_Main_000_020.lang,en/22,"【Q-chan】
But of course it is! I'm the only one who could
love myself. I could only open my heart to my
own delusions."
YUNYUN_005_Main_000_023.lang,en/0,"【Q-chan】
...I'm sorry..."
YUNYUN_005_Main_000_020.lang,en/40,"【Yunyun】
I HATE Mama! Everyone who bullied me, the world itself, it should all be smashed to bits!"
YUNYUN_005_Main_000_020.lang,en/5,"【Q-chan】
Then, does that mean Mama didn't actually die?"
YUNYUN_005_Main_000_020.lang,en/37,"【Yunyun】
I should just let myself hate her. It's so pathetic to cling to someone who will never love me."
YUNYUN_005_Main_000_020.lang,en/17,"【Q-chan】
...The buzzing denpa inside my own mind."
YUNYUN_005_Main_000_023.lang,en/1,"【Q-chan】
...I just want to forget everything..."
YUNYUN_005_Main_000_023.lang,en/2,"【Yunyun】
...I won't give up on you..."
YUNYUN_005_Main_000_025.lang,en/1,"【Q-chan】
...Yunyun..."
YUNYUN_005_Main_000_027.lang,en/5,"【Yunyun】
Ehehe. I'm so happy. Yunyun really wanted you to live, after all."
YUNYUN_005_Main_000_025.lang,en/0,"【Q-chan】
......"
YUNYUN_005_Main_000_027.lang,en/3,"【Q-chan】
If it's all just denpa, then I want to keep receiving the denpa I like."
YUNYUN_005_Main_000_030.lang,en/9,"【Q-chan】
“Denpa waves intended to enslave the people have been sapping visitors of Akihabara of their enthusiasm and causing them to abandon their otaku ways.”"
YUNYUN_005_Main_000_027.lang,en/6,"【Q-chan】
To live?"
YUNYUN_005_Main_000_027.lang,en/10,"【Q-chan】
But, if Yunyun is with me, I'm sure it'll be fine. So..."
YUNYUN_005_Main_000_027.lang,en/9,"【Yunyun】
Ehh～!?"
YUNYUN_005_Main_000_027.lang,en/7,"【Yunyun】
To let denpa make your heart race; to let denpa yunyun up the whole world!"
YUNYUN_005_Main_000_027.lang,en/0,"【Yunyun】
...Q-chan...! I'm so happy you've accepted me...! I'm so happy you've accepted Yunyun...!"
YUNYUN_005_Main_000_027.lang,en/8,"【Q-chan】
Isn't that a lot to ask of one person?"
YUNYUN_005_Main_000_027.lang,en/1,"【Q-chan】
Even if you are my delusion, Yunyun is Yunyun, right?"
YUNYUN_005_Main_000_027.lang,en/2,"【Q-chan】
Reality and delusion both—the entire world is just denpa inside my mind."
YUNYUN_005_Main_000_027.lang,en/4,"【Q-chan】
Rim de Lacent, right?"
YUNYUN_005_Main_000_027.lang,en/11,"【Q-chan】
Let's keep on living together, Yunyun!"
YUNYUN_005_Main_000_030.lang,en/1,"【Q-chan】
...This is... my room...?
...In the real world...?"
YUNYUN_005_Main_000_040.lang,en/6,"【Q-chan】
People online, on the streets. Dogs, cats, the world itself. Papa, Mama—none of it matters!"
YUNYUN_005_Main_000_030.lang,en/12,"【Q-chan】
Unforgivable."
YUNYUN_005_Main_000_030.lang,en/17,"【Q-chan】
So just shitpost my heart out is what you're saying?"
YUNYUN_005_Main_000_030.lang,en/3,"【Q-chan】
It must've been quite some time, so like...
How have I been able to survive after Mama
died...?"
YUNYUN_005_Main_000_030.lang,en/8,"【Yunyun】
...Since Q-chan closed off her heart, P-chan has been accumulating more and more influence..."
YUNYUN_005_Main_000_030.lang,en/13,"【Yunyun】
......"
YUNYUN_005_Main_000_030.lang,en/16,"【Yunyun】
...Just need a good spinning around by your denpa!"
YUNYUN_005_Main_000_030.lang,en/5,"【Q-chan】
Ah. That's right. You're a part of me, aren't you?"
YUNYUN_005_Main_000_030.lang,en/7,"【Q-chan】
You sure are a convenient little devil, huh?"
YUNYUN_005_Main_000_030.lang,en/10,"【Q-chan】
“Heed my call, P Denpa Antennas! Gather at Akihabara and claim your freedom!”"
YUNYUN_005_Main_000_030.lang,en/6,"【Yunyun】
From pain in the butt legal papers to managing finances and health, just leave it all to me!"
YUNYUN_005_Main_000_030.lang,en/11,"【Q-chan】
...It sounds like she's trying to start another riot, huh...?"
YUNYUN_005_Main_000_030.lang,en/4,"【Yunyun】
In Q-chan's absence, Yunyun has been taking care of things!"
YUNYUN_005_Main_000_030.lang,en/0,"【Yunyun】
Good morning, Q-chan!!"
YUNYUN_005_Main_000_030.lang,en/2,"【Yunyun】
That's right!"
YUNYUN_005_Main_000_030.lang,en/15,"【Yunyun】
That's simple. P-chan and the world she's driven crazy..."
YUNYUN_005_Main_000_030.lang,en/14,"【Q-chan】
Hey, Yunyun. How do you think we can actually stop P-chan?"
YUNYUN_005_Main_000_040.lang,en/12,"【Q-chan】
That's why I'm all “whatever” about everything else. It's like, “whatever happens, happens!”"
YUNYUN_005_Main_000_040.lang,en/2,"【Yunyun】
Aren't you happy?"
YUNYUN_005_Main_000_040.lang,en/11,"【Q-chan】
But I'm living like I am now so I can be with Yunyun, you know?"
YUNYUN_005_Main_000_040.lang,en/0,"【Yunyun】
The internet is going crazy over your revival!!"
YUNYUN_005_Main_000_050.lang,en/0,"【Q-chan】
“P-chan is an AI created by the deep state to manipulate the masses through SNS and conspiracies.”"
YUNYUN_005_Main_000_040.lang,en/10,"【Yunyun】
Q-chan is such a wonderful girl. Surely there's so much potential—a whole future beyond just me!"
YUNYUN_005_Main_000_040.lang,en/7,"【Q-chan】
This time I'll make sure of it—my antenna exists only for Yunyun!"
YUNYUN_005_Main_000_040.lang,en/8,"【Yunyun】
That makes me happy, but... maybe not really?"
YUNYUN_005_Main_000_040.lang,en/3,"【Q-chan】
It makes me happy, but... maybe not really?"
YUNYUN_005_Main_000_040.lang,en/5,"【Q-chan】
Denpa from anything other than Yunyun is ALL just noise!"
YUNYUN_005_Main_000_040.lang,en/4,"【Yunyun】
What does that mean?"
YUNYUN_005_Main_000_040.lang,en/9,"【Q-chan】
Why not?"
YUNYUN_005_Main_000_040.lang,en/1,"【Q-chan】
......"
YUNYUN_005_Main_000_050.lang,en/1,"【Q-chan】
This is really sci-fi, huh?"
YUNYUN_005_Main_000_050.lang,en/3,"【Q-chan】
Things are really moving along quickly,
aren't they?"
YUNYUN_005_Main_000_055.lang,en/1,"【Q-chan】
I do remember there being a news story a while back about my shitposts and conspiracies causing cognitive damage, but..."
YUNYUN_005_Main_000_050.lang,en/2,"【Yunyun】
While Q-chan's been lost in her fantasy world,
it seems a fairly realistic conversation has
cropped up."
YUNYUN_005_Main_000_056.lang,en/8,"【Yunyun】
But why?"
YUNYUN_005_Main_000_055.lang,en/3,"【Q-chan】
I AM a person who managed to turn her 2D waifu into an alternate personality that she can talk to like this, so it kinda checks out."
YUNYUN_005_Main_000_055.lang,en/0,"【Q-chan】
“Q-chan's shitposts are potent brain rot that sends intelligent beings spiraling?”"
YUNYUN_005_Main_000_055.lang,en/5,"【Q-chan】
Even if they make the world all spinny,
any denpa you make is fine!"
YUNYUN_005_Main_000_055.lang,en/6,"【Q-chan】
So long as the two of us can be together,
let the chips fall where they may!"
YUNYUN_005_Main_000_055.lang,en/4,"【Yunyun】
Q-chan did nothing wrong! The toxic denpa making the world all spinny are all Yunyun's doing."
YUNYUN_005_Main_000_055.lang,en/2,"【Q-chan】
...This conspiracy in particular really does sound like toxic denpa, huh?"
YUNYUN_005_Main_000_056.lang,en/2,"【Q-chan】
My head is basically just a denpa station, right?
So it's natural that if it affects the world,
it'd affect me, too."
YUNYUN_005_Main_000_056.lang,en/5,"【Yunyun】
The source of Q-chan's denpa is a distortion
by the name of “Yunyun.” A talking delusion—
the embodiment of Q-chan's madness."
YUNYUN_005_Main_000_056.lang,en/7,"【Q-chan】
Then, these distortions are like Yunyun's silhouette, aren't they? The madness, the noise,
it all makes my heart race with love!"
YUNYUN_005_Main_000_057.lang,en/1,"【Q-chan】
Yunyun, you noticed that too, huh?"
YUNYUN_005_Main_000_056.lang,en/6,"【Yunyun】
If not for the distorted denpa you call “Yunyun,” you and your world wouldn't have ended up like this."
YUNYUN_005_Main_000_056.lang,en/0,"【Q-chan】
...Huh? I thought maybe it was just SNS, but my computer seems to be acting up too...?"
YUNYUN_005_Main_000_056.lang,en/3,"【Yunyun】
I'm sorry."
YUNYUN_005_Main_000_056.lang,en/10,"【Q-chan】
Because I love every last bit of Yunyun!"
YUNYUN_005_Main_000_056.lang,en/9,"【Q-chan】
Without Yunyun, I wouldn't have “awoken,”
or even be alive, right?"
YUNYUN_005_Main_000_056.lang,en/1,"【Yunyun】
...I think you yourself must be getting affected by “Yunyun Denpa Syndrome,” Q-chan..."
YUNYUN_005_Main_000_056.lang,en/4,"【Q-chan】
Why are you apologizing?"
YUNYUN_005_Main_000_058.lang,en/0,"【Yunyun】
...It's such a mess..."
YUNYUN_005_Main_000_057.lang,en/2,"【Yunyun】
...Yunyun is part of you, after all..."
YUNYUN_005_Main_000_057.lang,en/3,"【Q-chan】
It's nice being able to experience the same world together, huh?"
YUNYUN_005_Main_000_057.lang,en/0,"【Yunyun】
...That noise is getting louder..."
YUNYUN_005_Main_000_058.lang,en/1,"【Q-chan】
Even if it's messy, it feels good having a world marked by our connection together."
YUNYUN_005_Main_000_059.lang,en/0,"【Yunyun】
...The world's been entirely Yunyunyunned with denpa..."
YUNYUN_005_Main_000_059.lang,en/1,"【Q-chan】
Ahaha. It's kinda like, “this world is cleansed,”
you know?"
YUNYUN_005_Main_000_060.lang,en/10,"【Yunyun】
Q-chan, it feels like you've grown a lot stronger."
YUNYUN_005_Main_000_060.lang,en/55,"【Yunyun】
Fufu. Then there's no helping it, is there?
Yunyun will stay with Q-chan till the very end!"
YUNYUN_005_Main_000_060.lang,en/52,"【Yunyun】
...Q-chan..."
YUNYUN_005_Main_000_060.lang,en/28,"【Q-chan】
I don't care! Whether it's me or the world, let it spin itself to shreds! I can't live in a world without Yunyun!"
YUNYUN_005_Main_000_060.lang,en/4,"【Yunyun】
It's a full-blown catastrophe."
YUNYUN_005_Main_000_060.lang,en/30,"【Q-chan】
Reality and delusion are both just denpa inside my mind! If it's all just denpa, then I want to keep the denpa I like!"
YUNYUN_005_Main_000_060.lang,en/1,"【Yunyun】
Who would've thought P-chan was actually a machine!?"
YUNYUN_006_Epilogue_000.lang,en/10,"【Q-chan & Yunyun】
Thank you for receiving my denpa!"
YUNYUN_005_Main_000_060.lang,en/16,"【Yunyun】
The Yunyun you know isn't some motionless center. She's a pattern that emerges from the swirling chaos."
YUNYUN_005_Main_000_060.lang,en/3,"【Q-chan】
Denpa has really sent everyone spinning, huh?"
YUNYUN_005_Main_000_060.lang,en/13,"【Q-chan】
Even when the rest is spinning, the center stays still, right? My center is... My love is forever Yunyun!"
YUNYUN_005_Main_000_060.lang,en/37,"【Yunyun】
But, look, Yunyun is just a delusion, a fake; she's toxic denpa that has twisted the whole world."
YUNYUN_005_Main_000_060.lang,en/5,"【Q-chan】
But, everyone seems to be having fun, you know?"
YUNYUN_005_Main_000_060.lang,en/50,"【Q-chan】
...Don't leave me alone in a world like this...
...If I have to break... Then let me stay with you
till the very end..."
YUNYUN_005_Main_000_060.lang,en/32,"【Yunyun】
...But... denpa like me... will only bring you misery..."
YUNYUN_005_Main_000_060.lang,en/24,"【Q-chan】
I don't need “normal!”
Yunyun is all I have, you know!?"
YUNYUN_005_Main_000_060.lang,en/56,"【Q-chan】
YATTA～～～～～～～!"
YUNYUN_005_Main_000_060.lang,en/0,"【Q-chan】
Rim de Lacent! Denpa has returned peace to the world!"
YUNYUN_005_Main_000_060.lang,en/48,"【Yunyun】
...Q-chan..."
YUNYUN_005_Main_000_060.lang,en/23,"【Yunyun】
You can't! So long as Yunyun is here, you'll never be able to live a “normal” life."
YUNYUN_005_Main_000_060.lang,en/38,"【Q-chan】
...And I'm telling you that I don't care...!"
YUNYUN_005_Main_000_060.lang,en/57,"【Q-chan】
Right now, in this moment, I'm the happiest person in the whole world!!! We'll always always always be together!! Yunyun!!!"
YUNYUN_005_Main_000_060.lang,en/9,"【Q-chan】
Nyahaha... If it happens, it happens!!"
YUNYUN_005_Main_000_060.lang,en/25,"【Yunyun】
Don't worry! The real Yunyun lives in the world of games and anime. I'm just your own delusion!"
YUNYUN_005_Main_000_060.lang,en/12,"【Yunyun】
The world's center?"
YUNYUN_005_Main_000_060.lang,en/47,"【Q-chan】
I just want to love what I love! That's what it means for your heart to race; that's what it means to live!!"
YUNYUN_005_Main_000_060.lang,en/39,"【Yunyun】
You don't care?"
YUNYUN_005_Main_000_060.lang,en/40,"【Q-chan】
If the two of us together... No..."
YUNYUN_005_Main_000_060.lang,en/34,"【Q-chan】
If Yunyun is with me, even hell would become heaven!!"
YUNYUN_005_Main_000_060.lang,en/35,"【Yunyun】
Yunyun is denpa that can't be allowed to exist."
YUNYUN_005_Main_000_060.lang,en/15,"【Q-chan】
But...?"
YUNYUN_005_Main_000_060.lang,en/22,"【Q-chan】
I really don't care about the world, or even myself. As long as I can keep living with Yunyun, that's all I need!"
YUNYUN_005_Main_000_060.lang,en/46,"【Q-chan】
So let the world spin itself apart!
Let me spin apart!"
YUNYUN_005_Main_000_060.lang,en/27,"【Yunyun】
But, if Yunyun stays here, this world—and Q-chan's world, too—will continue to spin itself apart!"
YUNYUN_005_Main_000_060.lang,en/7,"【Q-chan】
Rather than our regular, depressing old world,
a goofy and kind world will be so much better!"
YUNYUN_005_Main_000_060.lang,en/31,"【Q-chan】
I... I love myself. I love you. I love Yunyun more than anything else in the world!!!"
YUNYUN_005_Main_000_060.lang,en/11,"【Q-chan】
Maybe now that my head's gone all spinny,
I've figured out the world's center?"
YUNYUN_005_Main_000_060.lang,en/14,"【Yunyun】
Hearing you say that makes me so, so very happy! But..."
YUNYUN_005_Main_000_060.lang,en/18,"【Yunyun】
Yunyun is the source of power behind your shitposts. She's the scars in your heart.
The most potent toxic denpa."
YUNYUN_005_Main_000_060.lang,en/54,"【Q-chan】
...If I can keep living with Yunyun, the world and the future can do as they will; whatever happens, happens!!"
YUNYUN_005_Main_000_060.lang,en/45,"【Q-chan】
That's why... That's why I have no choice!
To overcome the whole world, to put everything
into loving this lie!!!"
YUNYUN_005_Main_000_060.lang,en/26,"【Q-chan】
What's real to me is the Yunyun who's here right now! I can't possibly say goodbye!"
YUNYUN_005_Main_000_060.lang,en/17,"【Q-chan】
Eh?"
YUNYUN_005_Main_000_060.lang,en/19,"【Yunyun】
...That's why... she has to go."
YUNYUN_005_Main_000_060.lang,en/2,"【Yunyun】
But... Along with the deep state, the whole world has become a total mess."
YUNYUN_005_Main_000_060.lang,en/51,"【Q-chan】
...Being with you is the only happiness I have..."
YUNYUN_005_Main_000_060.lang,en/43,"【Q-chan】
No buts!!!"
YUNYUN_005_Main_000_060.lang,en/29,"【Yunyun】
That's not true! Yunyun is just a delusion, but even she knows that Q-chan has infinite potential out there in the real world!"
YUNYUN_005_Main_000_060.lang,en/20,"【Q-chan】
...Cut it with the bad jokes, you..."
YUNYUN_005_Main_000_060.lang,en/36,"【Q-chan】
...Don't say that! You promised we'd stay together, didn't you?"
YUNYUN_005_Main_000_060.lang,en/8,"【Yunyun】
We're looking at civilizational collapse!"
YUNYUN_005_Main_000_060.lang,en/42,"【Yunyun】
...But..."
YUNYUN_005_Main_000_060.lang,en/49,"【Q-chan】
...So please, Yunyun...
Let's just keep living together...!"
YUNYUN_005_Main_000_060.lang,en/44,"【Q-chan】
This world—where not Mama, not Papa, not my friends—where no one truly loved me is too cruel!!"
YUNYUN_005_Main_000_060.lang,en/53,"【Yunyun】
...You really don't care what happens...?"
YUNYUN_005_Main_000_060.lang,en/33,"【Q-chan】
There is no happiness without Yunyun!! If those are my choices, then I'll take misery with Yunyun at my side!!"
YUNYUN_005_Main_000_060.lang,en/6,"【Yunyun】
But, everything is completely abnormal."
YUNYUN_005_Main_000_060.lang,en/41,"【Q-chan】
If we together as one can be happy, then isn't that enough?"
YUNYUN_005_Main_000_060.lang,en/21,"【Yunyun】
At this rate the world, including you, will become impossible to recover."
YUNYUN_006_Epilogue_000.lang,en/9,"【Q-chan & Yunyun】
Hey..."
YUNYUN_006_Epilogue_000.lang,en/4,"【Q-chan】
We made for one really happy person, didn't we?"
YUNYUN_006_Epilogue_000.lang,en/2,"【Q-chan】
I was so happy to be able to receive your denpa, you know?"
YUNYUN_006_Epilogue_000.lang,en/8,"【Q-chan】
That's right. For eternity."
YUNYUN_006_Epilogue_000.lang,en/1,"【Yunyun】
What's up?"
YUNYUN_006_Epilogue_000.lang,en/5,"【Yunyun】
It's not just in the past."
YUNYUN_006_Epilogue_000.lang,en/7,"【Yunyun】
We'll be happy as one for all eternity!"
YUNYUN_006_Epilogue_000.lang,en/3,"【Yunyun】
Yunyun was happy too!"
YUNYUN_006_Epilogue_000.lang,en/0,"【Q-chan】
Hey, Yunyun?"
YUNYUN_006_Epilogue_000.lang,en/6,"【Q-chan】
Eh?"
YUNYUN_007_Main_000_010.lang,en/3,"【Q-chan】
...Eh...?"
YUNYUN_007_Main_000_010.lang,en/7,"【Q-chan】
...That's, right... We need to Rim de Lacent.
Get that denpa. Up."
YUNYUN_007_Main_000_020.lang,en/1,"【Yunyun】
...Keep raising your denpa!
Keep on Rim de Lacenting...!"
YUNYUN_007_Main_000_010.lang,en/4,"【Yunyun】
D-Don't worry about it!"
YUNYUN_007_Main_000_010.lang,en/6,"【Yunyun】
Let's Rim de Lacent it up!"
YUNYUN_007_Main_000_010.lang,en/0,"【Yunyun】
...Huh...?"
YUNYUN_007_Main_000_010.lang,en/2,"【Yunyun】
We should've just been destroyed...
So this... Maybe this IS a dream...?"
YUNYUN_007_Main_000_010.lang,en/5,"【Yunyun】
In any case, to make sure that Q-chan can stick around, we'll want to boost the denpa inside your heart!"
YUNYUN_007_Main_000_010.lang,en/1,"【Q-chan】
Yunyun? Is this a dream?"
YUNYUN_007_Main_000_020.lang,en/2,"【Q-chan】
...That's, right... We need to Rim de Lacent.
Get that denpa. Up."
YUNYUN_007_Main_000_020.lang,en/0,"【Q-chan】
Yunyun? This some kinda dream?"
YUNYUN_999_ED_000_000.lang,en/0,"【Yunyun】
Yu～n!!!"
YUNYUN_999_ED_000_000.lang,en/2,"【Q-chan】
Yunyun! Yunyun! Where did you go!?"
YUNYUN_999_ED_010_000.lang,en/3,"【Yunyun】
You can't let that world take you!"
YUNYUN_999_ED_000_000.lang,en/1,"【Q-chan】
EH!? Y-Yunyun vanished!?"
YUNYUN_999_ED_010_000.lang,en/1,"【Yunyun】
Q-chan?"
YUNYUN_999_ED_010_000.lang,en/2,"【Q-chan】
...This world... is cleansed..."
YUNYUN_999_ED_020_000.lang,en/2,"【Q-chan】
...Yunyun, you must be tired, huh?
I'm really beat, too..."
YUNYUN_999_ED_010_000.lang,en/0,"【Q-chan】
...Howa... Howawawawa..."
YUNYUN_999_ED_020_000.lang,en/3,"【Yunyun】
I'm feeling totally exhausted...!
Yunyun..."
YUNYUN_999_ED_020_000.lang,en/0,"【Q-chan】
...Uu..."
YUNYUN_999_ED_020_000.lang,en/1,"【Yunyun】
Fuwahhh...
We've been up for more than a full day now."
YUNYUN_999_ED_020_000.lang,en/4,"【Yunyun】
Q-chan?"
YUNYUN_999_ED_030_000.lang,en/2,"【Yunyun】
Yun are an idiot."
YUNYUN_999_ED_030_000.lang,en/1,"【Q-chan】
Yunyun!?"
YUNYUN_999_ED_040_000.lang,en/0,"【Yunyun】
Do you know the expression about stroking the Buddha's face?"
YUNYUN_999_ED_030_000.lang,en/0,"【Yunyun】
...Yu, yuyuyuyu...ゆんゆんゆん..."
YUNYUN_999_ED_050_000.lang,en/2,"【Q-chan】
...Huh...? Makes me wonder what the big issue is."
YUNYUN_999_ED_050_000.lang,en/1,"【Yunyun】
They've gotten too caught up fighting to receive denpa or investigate conspiracy theories!"
YUNYUN_999_ED_050_000.lang,en/4,"【Q-chan】
“Just let them fight!” You know?"
YUNYUN_999_ED_050_000.lang,en/0,"【Yunyun】
The Denpa Antennas started fighting with each other because your charisma got too high!"
YUNYUN_999_ED_060_000.lang,en/4,"【Yunyun】
Yunyun supports everything about you."
YUNYUN_999_ED_050_000.lang,en/3,"【Yunyun】
They've split into the “Yun-Q,” “Q-Yun,” and “Vers” factions and are lighting up comments sections all over the internet!"
YUNYUN_999_ED_060_000.lang,en/6,"【Yunyun】
Yun!"
YUNYUN_999_ED_070_000.lang,en/1,"【Yunyun】
Q-chan! You look like you're struggling!
Are you okay!?"
YUNYUN_999_ED_060_000.lang,en/0,"【Yunyun?】
I am... Yunyun yun.
If any ask who or what I am...
It is Yunyun yun."
YUNYUN_999_ED_060_000.lang,en/5,"【Yunyun?】
Yun."
YUNYUN_999_ED_060_000.lang,en/2,"【Yunyun?】
Does Yunyun not like that Yunyun is Yunyun yun?"
YUNYUN_999_ED_060_000.lang,en/7,"【Yunyun & Yunyun】
Yunyunyunyunyunyunyunyunyun
yunyunyunyunyunyunyunyunyunyunyunyun."
YUNYUN_999_ED_060_000.lang,en/3,"【Yunyun】
If Yunyun wants to be Yunyun, Yunyun doesn't mind that either."
YUNYUN_999_ED_060_000.lang,en/1,"【Yunyun】
Q-chan's self-identity has been completely overtaken by Yunyun!"
YUNYUN_999_ED_070_000.lang,en/11,"【Yunyun】
Q-CHAAAAAAAAAAAAAAAAAAAAAAN———!!!"
YUNYUN_999_ED_070_000.lang,en/8,"【Yunyun】
Yunyun love love love love loves you, Q-chan!
Let Yunyun's love make you feel all better!"
YUNYUN_999_ED_070_000.lang,en/3,"【Yunyun】
Is there anything Yunyun can do for you?
Anything at all?"
YUNYUN_999_ED_070_000.lang,en/9,"【Q-chan】
......"
YUNYUN_999_ED_070_000.lang,en/5,"【Q-chan】
I could go for a kiss."
YUNYUN_999_ED_070_000.lang,en/0,"【Q-chan】
...Uu...Muu... My heart is, pounding too fast..."
YUNYUN_999_ED_070_000.lang,en/6,"【Yunyun】
Right away!"
YUNYUN_999_ED_070_000.lang,en/10,"【Q-chan】
Aah. Death by waifu."
YUNYUN_999_ED_070_000.lang,en/2,"【Q-chan】
Don't worry. I just got a bit too excited so my heart's having a tough time coping."
YUNYUN_999_ED_080_000.lang,en/0,"【Q-chan】
Look look, Yunyun! We've surpassed 9.9 billion followers!"
YUNYUN_999_ED_070_000.lang,en/4,"【Q-chan】
...Anything... Uhehehe...
Then, if you want to make things better..."
YUNYUN_999_ED_070_000.lang,en/7,"【Yunyun】
Chu! Chuu!! Muchuu～～～!!!"
YUNYUN_999_ED_080_000.lang,en/4,"【Q-chan】
...Then, who exactly are these people...?"
YUNYUN_999_ED_080_000.lang,en/3,"【Yunyun】
Eh-?"
YUNYUN_999_ED_090_000.lang,en/2,"【Q-chan?】
...I'm... Who am I...?"
YUNYUN_999_ED_080_000.lang,en/2,"【Q-chan】
Eh-?"
YUNYUN_999_ED_080_000.lang,en/6,"【Yunyun】
Eh-?"
YUNYUN_999_ED_080_000.lang,en/7,"【Q-chan】
What the hell? This is scary!"
YUNYUN_999_ED_080_000.lang,en/5,"【Q-chan】
Eh-?"
YUNYUN_999_ED_080_000.lang,en/8,"【Yunyun】
Q-chaaaan!!"
YUNYUN_999_ED_080_000.lang,en/1,"【Yunyun】
Amazing! That's our Q-chan!!"
YUNYUN_999_ED_090_000.lang,en/5,"【Q-chan?】
...Reality in, my world..."
YUNYUN_999_ED_090_000.lang,en/7,"【Q-chan?】
...My face seems like it's about to fall apart..."
YUNYUN_999_ED_090_000.lang,en/9,"【Yunyun】
Q-chaaaan!!"
YUNYUN_999_ED_090_000.lang,en/3,"【Yunyun】
Q-chan's face is cracking...!? Stop!
No more negative delusions!"
YUNYUN_999_ED_090_000.lang,en/10,"【Yunyun】
Q-chaaaan!!"
YUNYUN_999_ED_090_000.lang,en/6,"【Q-chan?】
After seeing so many delusional worlds, how can I even tell who the real me is?"
YUNYUN_999_ED_090_000.lang,en/4,"【Yunyun】
Q-chan's thoughts become reality inside her world!"
YUNYUN_BackupRecovery.lang,en/1,"【Q-chan】
Ahaha. It's kinda like, “this world is cleansed,”
you know?"
YUNYUN_999_ED_090_000.lang,en/0,"【Q-chan】
...I'm... just some nobody imposter...?"
YUNYUN_999_ED_090_000.lang,en/1,"【Q-chan】
It is true that I wasn't able to transmit the denpa well enough... Am I actually not real...?"
YUNYUN_999_ED_090_000.lang,en/8,"【Q-chan】
...I... don't even know who I am..."
YUNYUN_BackupRecovery.lang,en/2,Thanks for playing!
YUNYUN_BackupRecovery.lang,en/0,"【Yunyun】
...The world's been entirely Yunyunyunned with denpa..."
YUNYUN_DEMO.lang,en/4,"【Q-chan】
...Fufufu... I have a great suggestion for you:
why not become a Yunyun fan yourself!?"
YUNYUN_DEMO.lang,en/1,"【Yunyun】
Thanks for participating in the closed beta!"
YUNYUN_DEMO.lang,en/2,"【Yunyun】
Thanks for playing the demo!"
YUNYUN_DEMO.lang,en/6,"【Yunyun】
Yunyun is so happy you came by to play!!"
YUNYUN_DEMO.lang,en/5,"【Q-chan】
It's a bit of a shame, but we have to call things here～! I really wish we'd gotten to receive more of Yunyun's denpa!"
YUNYUN_DEMO.lang,en/7,"【Q-chan】
Go add the game to your wishlist and look forward to the full release!"
YUNYUN_EP.lang,en/2,"【Q-chan】
I was so happy to be able to receive your denpa, you know?"
YUNYUN_DEMO.lang,en/3,"【Q-chan】
...Fufufu. Yet another has learned of Yunyun's charms!"
YUNYUN_DEMO.lang,en/0,"【Yunyun】
Thanks for stopping by our booth to play!"
YUNYUN_EP.lang,en/10,"【Q-chan & Yunyun】
Thank you for receiving my denpa!"
YUNYUN_EP.lang,en/0,"【Q-chan】
Hey, Yunyun?"
YUNYUN_EP.lang,en/6,"【Q-chan】
Eh?"
YUNYUN_EP.lang,en/4,"【Q-chan】
We made for one really happy person, didn't we?"
YUNYUN_EP.lang,en/1,"【Yunyun】
What's up?"
YUNYUN_EP.lang,en/8,"【Q-chan】
That's right. For eternity."
YUNYUN_EP.lang,en/7,"【Yunyun】
We'll be happy as one for all eternity!"
YUNYUN_EP.lang,en/5,"【Yunyun】
It's not just in the past."
YUNYUN_MINI_END_010.lang,en/1,"【Yunyun】
Unyaa～!"
YUNYUN_EP.lang,en/9,"【Q-chan & Yunyun】
Hey..."
YUNYUN_EP.lang,en/3,"【Yunyun】
Yunyun was happy too!"
YUNYUN_MINI_ITEM_010.lang,en/0,"【Q-chan】
Puhaaah～! When it comes to energy drinks,
it just has to be ZONe!"
YUNYUN_MINI_END_010.lang,en/0,"【Q-chan】
...Yunyun...?"
YUNYUN_MINI_MAMA_NO.lang,en/0,"【Q-chan】
Ehehe. But really, I would like to see Mama."
YUNYUN_MINI_MAMA_YES.lang,en/4,"【Q-chan】
GYAAAAA———!!!"
YUNYUN_MINI_MAMA_YES.lang,en/1,"【Q-chan】
...Ah! Mama...!"
YUNYUN_MINI_MAMA_YES.lang,en/3,"【Q-chan】
GYAAA! I'm sorry! I'm so sorry! I'll do everything
I can to become a proper adult!!"
YUNYUN_MINI_MAMA_YES.lang,en/0,"【Q-chan】
...I wonder if I just upset her..."
YUNYUN_MINI_MAMA_YES.lang,en/2,"【Q-chan】
...Eek! She's super worked up!"
conspiracy_theory_001_1.lang,en/0,"【Q-chan】
“Thus that conspiracy theory is, indisputedly,
the truth!!” Send!"
conspiracy_theory_001_1.lang,en/1,"【Yunyun】
An instant confirmation!"
conspiracy_theory_001_1.lang,en/2,"【Q-chan】
I mean, as an otaku with nothing but the power of delusion to my name, here I am talking with my oshi right now, right?"
conspiracy_theory_001_1.lang,en/3,"【Yunyun】
That makes sense. But..."
conspiracy_theory_001_1.lang,en/4,"【Q-chan】
But...?"
conspiracy_theory_001_1.lang,en/5,"【Yunyun】
Q-chan's imagination isn't her only strong point!"
conspiracy_theory_001_1.lang,en/6,"【Yunyun】
You're also yunyunning with passion, principle, denpa, intellect, elegance, and unpredictability!
And above all else, simply bursting with cuteness!"
conspiracy_theory_001_1.lang,en/7,"【Q-chan】
Ehehe, you're making me blush～"
conspiracy_theory_001_2.lang,en/0,"【Yunyun】
Otaku who want to talk to their oshi are working really hard to hone their delusion powers!"
conspiracy_theory_001_2.lang,en/1,"【Q-chan】
Delusions aren't the kind of thing you go out of your way to have, you know?"
conspiracy_theory_001_2.lang,en/2,"【Yunyun】
They're not?"
conspiracy_theory_001_2.lang,en/3,"【Q-chan】
They come like a whisper. From your otaku libido."
conspiracy_theory_001_2.lang,en/4,"【Q-chan】
A blush-tinted ghost in your head!"
conspiracy_theory_001_3.lang,en/0,"【Yunyun】
Lots of otaku are popping up who can talk to their oshi just like Q-chan!"
conspiracy_theory_001_3.lang,en/1,"【Q-chan】
This is a good thing."
conspiracy_theory_001_3.lang,en/10,"【Yunyun】
“Yunyun kunkakunka.” “Yunyun mofumofu.” “Yunyun peropero.” Kyaa～! So embarrassing!"
conspiracy_theory_001_3.lang,en/11,"【Q-chan】
...S-Some random otaku is... Chatting with Yunyun... and even... licking her!?"
conspiracy_theory_001_3.lang,en/12,"【Q-chan】
Ggh! GrrrrrrrRRRRRR!!!!!!!"
conspiracy_theory_001_3.lang,en/13,"【Yunyun】
Q-chan's gone full demon mode!"
conspiracy_theory_001_3.lang,en/14,"【Q-chan】
What's with this sudden NTR plotline...!?
GTFO!!!! Gwaaahhhh! BWAAAHHH!
My brain's about to explode!!"
conspiracy_theory_001_3.lang,en/15,"【Yunyun】
Q-chan, calm down!"
conspiracy_theory_001_3.lang,en/16,"【Q-chan】
No way! Impossible!! This is BS!!
Licking!? Blasphemy! Even I still haven't...!!"
conspiracy_theory_001_3.lang,en/17,"【Q-chan】
...Uu-! Uuu..."
conspiracy_theory_001_3.lang,en/18,"【Yunyun】
Q-CHAAAAAAAAAAAAAAAAAAAAAAAN!!!!!!!!"
conspiracy_theory_001_3.lang,en/2,"【Yunyun】
But, it's also become a bit of a social issue."
conspiracy_theory_001_3.lang,en/3,"【Q-chan】
“Reports of suspicious persons mumbling to themselves in public have been on the rise nationwide?”"
conspiracy_theory_001_3.lang,en/4,"【Q-chan】
Just become hikikomori, you dummies."
conspiracy_theory_001_3.lang,en/5,"【Q-chan】
That way you can indulge in your delusions all day and night and chat with your waifu all you want! Happiness awaits you!"
conspiracy_theory_001_3.lang,en/6,"【Q-chan】
What a diabolical idea!"
conspiracy_theory_001_3.lang,en/7,"【Q-chan】
Hm? Yunyun Shitpost Explosion?"
conspiracy_theory_001_3.lang,en/8,"【Yunyun】
Apparently some Q Denpa Antennas have gained the ability to chat with Yunyun, too."
conspiracy_theory_001_3.lang,en/9,"【Q-chan】
...Wh-What kind of nonsense is this...?"
conspiracy_theory_002_1.lang,en/0,"【Q-chan】
Now that you mention it, creators often say that ideas just “come to them,” don't they?"
conspiracy_theory_002_1.lang,en/1,"【Yunyun】
That is something you hear often. In that case,
are Q-chan's posts like that?"
conspiracy_theory_002_1.lang,en/2,"【Q-chan】
...Calling my shitposts “creative” would be crazy arrogant, but..."
conspiracy_theory_002_1.lang,en/3,"【Q-chan】
...In my case, it feels like the denpa pouring from the depths of my heart!!!"
conspiracy_theory_002_1.lang,en/4,"【Yunyun】
Transmitting yunyunyun!"
conspiracy_theory_002_2.lang,en/0,"【Q-chan】
There's a sort of romance to the idea that creative works actually happened in another dimension, don't you think?"
conspiracy_theory_002_2.lang,en/1,"【Q-chan】
...Wait..."
conspiracy_theory_002_2.lang,en/2,"【Yunyun】
What is it?"
conspiracy_theory_002_2.lang,en/3,"【Q-chan】
I was thinking that maybe you would know, Yunyun. You're 2D yourself, so maybe there really are other dimensions."
conspiracy_theory_002_2.lang,en/4,"【Yunyun】
Hwaaaa..."
conspiracy_theory_002_2.lang,en/5,"【Yunyun】
I dunno about other dimensions or whatever,
but I can confirm this is true."
conspiracy_theory_002_2.lang,en/6,"【Q-chan】
—Seriously!?"
conspiracy_theory_002_2.lang,en/7,"【Yunyun】
At the end of the day, it's all just denpa in Q-chan's mind."
conspiracy_theory_002_2.lang,en/8,"【Q-chan】
“If that's what you think, then that's how it is.
In your own mind, anyway.”"
conspiracy_theory_002_2.lang,en/9,"【Q-chan】
...That kinda thing, right!?"
conspiracy_theory_002_3.lang,en/0,"【Q-chan】
“Do creative works resonate with other dimensions through denpa-like waves?”"
conspiracy_theory_002_3.lang,en/1,"【Q-chan】
If there's a resonance, does that mean that stuff made on this side can influence other dimensions as well?"
conspiracy_theory_002_3.lang,en/2,"【Yunyun】
In that case, we'll need to transmit just how great Q-chan is to other dimensions!"
conspiracy_theory_002_3.lang,en/3,"【Yunyun】
Our goal: 100 Q-chans!"
conspiracy_theory_002_3.lang,en/4,"【Q-chan】
That's a pretty mixed up unit of measurement."
conspiracy_theory_002_3.lang,en/5,"【Yunyun】
Yunyun was just thinking that it would be great for Q-chan's works to reach those other dimensions 100 times!"
conspiracy_theory_002_3.lang,en/6,"【Q-chan】
Personally, I'd rather see Yunyun's works reach them, you know?"
conspiracy_theory_002_3.lang,en/7,"【Yunyun】
Let's begin the Q-chan & Yunyun export operation: target 100 units sent to other dimensions!"
conspiracy_theory_002_4.lang,en/0,"【Q-chan】
...Wh-What's going on...!?"
conspiracy_theory_002_4.lang,en/1,"【Yunyun】
Apparently this dimension is about to collapse!"
conspiracy_theory_002_4.lang,en/10,"【Yunyun】
It's about time to Rim de Lacent."
conspiracy_theory_002_4.lang,en/11,"【Q-chan】
Still, even with the sudden bad end—even though the world's collapsing—just being with Yunyun makes me happy!"
conspiracy_theory_002_4.lang,en/12,"【Yunyun】
Yunyun too!"
conspiracy_theory_002_4.lang,en/13,"【Yunyun】
No matter what happens, no matter how things end, however many times we need to start over, Yunyun will stay with Q-chan."
conspiracy_theory_002_4.lang,en/2,"【Q-chan】
It's all so sudden that I'm not even sure how to react."
conspiracy_theory_002_4.lang,en/3,"【Yunyun】
...Furthermore, it seems the cause is large information outflows about us going into another dimension!"
conspiracy_theory_002_4.lang,en/4,"【Q-chan】
Ahhh... But, that can't be helped, can it?"
conspiracy_theory_002_4.lang,en/5,"【Q-chan】
After all, Yunyun is just way too cute, so of course people in the other dimension would figure out how to get their hands on her."
conspiracy_theory_002_4.lang,en/6,"【Yunyun】
Nuh uh, it's Q-chan who's too cute! The reason they're going through the trouble of transcending dimensions is for Q-chan!"
conspiracy_theory_002_4.lang,en/7,"【Q-chan】
It's for Yunyun!"
conspiracy_theory_002_4.lang,en/8,"【Yunyun】
It's for Q-chan!"
conspiracy_theory_002_4.lang,en/9,"【Q-chan】
It's crazy our dimension is going to collapse over something so silly, huh?"
conspiracy_theory_003_1.lang,en/0,"【Yunyun】
Q-chan! Q-chan! Apparently cats are Earth's overlords!"
conspiracy_theory_003_1.lang,en/1,"【Q-chan】
I think I remember reading a short story about cats ruling the world a long time ago."
conspiracy_theory_003_1.lang,en/2,"【Q-chan】
Come to think of it, a lot of cat owners on the
net like saying they're their cats' servants,
don't they?"
conspiracy_theory_003_1.lang,en/3,"【Yunyun】
Fufu. Did humans submit to the cats by choice?"
conspiracy_theory_003_1.lang,en/4,"【Q-chan】
At any rate, if we're gonna be ruled by something, it's better it be something cute, right?"
conspiracy_theory_003_1.lang,en/5,"【Yunyun】
Q-chan, are you also a cat lover?"
conspiracy_theory_003_1.lang,en/6,"【Q-chan】
I am! Papa loved them too; he often said that he wished we could own pets."
conspiracy_theory_003_1.lang,en/7,"【Q-chan】
...But, Mama has really bad allergies, so she hates cats."
conspiracy_theory_003_2.lang,en/0,"【Yunyun】
A series of disappearances... Devices found in their homes playing cat meme videos..."
conspiracy_theory_003_2.lang,en/1,"【Yunyun】
...And unidentifiable cats have been found in their place!"
conspiracy_theory_003_2.lang,en/2,"【Q-chan】
A series of disappearing cat meme enjoyers...
Could this be the cat ninja's doing?"
conspiracy_theory_003_2.lang,en/3,"【Yunyun】
Cat ninja?"
conspiracy_theory_003_2.lang,en/4,"【Q-chan】
There's an internet meme about someone who was targeted by a cat ninja."
Text_en,UIInGame/Result/DiffTimeAdjust,±TIMING ERROR
Text_en,UIInGame/Result/DiffTimeAdjustButton,Optimize
Text_en,UIInGame/Result/DiffTimeAdjustButtonDialog,"Wanna optimize the Timing Offset by applying the ±TIMING ERROR?
(This can be changed any time in Settings!)"
Text_en,UIInGame/Result/JudgmentGraph,Timing Graph
Text_en,UIInGame/Result/JudgmentGraphtButton,Show
Text_en,UIScoreList/LevelSort1,Level (NORMAL)
Text_en,UIScoreList/LevelSort3,Level (PULSING)
Text_en,UIScoreList/LevelSort4,Level (BURSTING)
Text_en,UIScoreList/LevelSort5,Level (DEGENERATE)
Text_en,UIIngame/Shortcut/NoteSpeedChangeAmount,Double-tap to change by 1.0
Text_en,UIIngame/Shortcut/SongOffsetChangeAmount,Double-tap to change by 0.010
Text_en,UISetting/Game/EnablePerSongLatencyAdjustment,Local Offset
Text_en,UISetting/Game/PerSongLatencyAdjustment,Local Offset Value
Text_en,UITutorial/PerSongLatencyAdjustment/Page1/Title,■LOCAL OFFSET VALUE
Text_en,UITutorial/PerSongLatencyAdjustment/Page1/Message,Tweaks the Timing Offset when Local Offset is turned on!
Text_en,UITutorial/EnablePerSongLatencyAdjustment/Page1/Title,■LOCAL OFFSET
Text_en,UITutorial/EnablePerSongLatencyAdjustment/Page1/Message,Set a Local Offset for each song!
Text_en,UISetting/KeyConfig/ShortcutNoteSpeedDown,Note Speed ↓
Text_en,UISetting/KeyConfig/ShortcutNoteSpeedUp  ,Note Speed ↑
Text_en,UISetting/KeyConfig/ShortcutOffsetDown,Local Offset ↓
Text_en,UISetting/KeyConfig/ShortcutOffsetUp,Local Offset ↑
Text_en,UIScoreList/ScoreSort1,Score (NORMAL)
Text_en,UIScoreList/ScoreSort3,Score (PULSING)
Text_en,UIScoreList/ScoreSort4,Score (BURSTING)
Text_en,UIScoreList/ScoreSort5,Score (DEGENERATE)
Text_en,UISetting/Volume/SystemSE-old,System SFX
Text_en,UISetting/Volume/RhythmSE,Rhythm Game SFX
Text_en,UISetting/Volume/RhythmVoice,Rhythm Game Voice
conspiracy_theory_003_2.lang,en/5,"【Yunyun】
What a cute ninja!"
conspiracy_theory_003_2.lang,en/6,"【Yunyun】
By the way, it looks like some people on SNS are saying that the cat meme addicts themselves turned into cats."
conspiracy_theory_003_2.lang,en/7,"【Yunyun】
A Neko Virus that spreads through cat memes...
Kinda like a modern day “cursed video,” huh?"
conspiracy_theory_003_3.lang,en/0,"【Yunyun】
Big trouble! Apparently cat meme viewers all over the country are turning into cats!"
conspiracy_theory_003_3.lang,en/1,"【Q-chan】
Ahaha. That's total nyansense!"
conspiracy_theory_003_3.lang,en/10,"【Yunyun】
...It was a big shock at first, but you actually look and sound super cute～!"
conspiracy_theory_003_3.lang,en/11,"【Q-chan】
You have me blushing nyaow..."
conspiracy_theory_003_3.lang,en/12,"【Q-chan】
Emergency nyan! If Mama sees me like this she's gonna be furious nyan!"
conspiracy_theory_003_3.lang,en/13,"【Yunyun】
Don't worry! Surely she'll be smitten with your cuteness!"
conspiracy_theory_003_3.lang,en/14,"【Q-chan】
...That would certainly be nyice..."
conspiracy_theory_003_3.lang,en/15,"【Yunyun】
Mama's back!"
conspiracy_theory_003_3.lang,en/16,"【Q-chan】
Dokidoki. Nyan nyan."
conspiracy_theory_003_3.lang,en/17,"【Q-chan】
Huh? She just went back outside nyan?"
conspiracy_theory_003_3.lang,en/18,"【Q-chan】
...That's right... Mama's allergic to cats nyan...."
conspiracy_theory_003_3.lang,en/19,"【Yunyun】
...Q-chan..."
conspiracy_theory_003_3.lang,en/2,"【Q-chan】
Nya?"
conspiracy_theory_003_3.lang,en/20,"【Yunyun】
If I actually went and became a real cat, would I get to stop thinking about all the bad stuff nyan?"
conspiracy_theory_003_3.lang,en/3,"【Yunyun】
Q-chan's been catified too!!"
conspiracy_theory_003_3.lang,en/4,"【Q-chan】
Nyanyanya! What do we do nyaow!? I accidentally watched a cat video a minyate ago!"
conspiracy_theory_003_3.lang,en/5,"【Yunyun】
It seems that avoiding cat memes can prevent it from getting worse."
conspiracy_theory_003_3.lang,en/6,"【Q-chan】
Mmmm... Any time I open my feed they'll just pop up nyan. The only option is to quit social media altogether nyan."
conspiracy_theory_003_3.lang,en/7,"【Q-chan】
And worse, now that I'm like this, I'll never be able to show my face againyan."
conspiracy_theory_003_3.lang,en/8,"【Yunyun】
Q-chan, did you have plans to go out?"
conspiracy_theory_003_3.lang,en/9,"【Q-chan】
I guess that's not an issue for a hikikomori nyan. Nyot a problem at all nyan!"
conspiracy_theory_004_1.lang,en/0,"【Q-chan】
Yunyun!! Big news!!! Apparently that screaming beaver was a subterranean!!!"
conspiracy_theory_004_1.lang,en/1,"【Yunyun】
Q-chan? To begin with, beavers don't scream in the first place!"
conspiracy_theory_004_1.lang,en/2,"【Q-chan】
There's a famous video online where a beaver lets out this really deep scream, you know!?"
conspiracy_theory_004_1.lang,en/3,"【Yunyun】
...Huh? Wasn't the beaver in that video actually
a marmot...?"
conspiracy_theory_004_1.lang,en/4,"【Q-chan】
Now marmots, you see..."
conspiracy_theory_004_1.lang,en/5,"【Q-chan】
Marmots don't shout in deep voices like that, they have these high-pitched squeaky voices. That's what makes that beaver so frickin' awesome!"
conspiracy_theory_004_1.lang,en/6,"【Yunyun】
...It's unusual for you to be so enthusiastic about
a Denpa Antenna conspiracy, Q-chan!"
conspiracy_theory_004_1.lang,en/7,"【Q-chan】
I'm just a huge fan of that beaver!"
conspiracy_theory_004_2.lang,en/0,"【Q-chan】
Apparently the Earth is hollow, and now the subterraneans living down there are about to emerge to conquer the surface!"
conspiracy_theory_004_2.lang,en/1,"【Q-chan】
And the best part? If the subterraneans really are screaming beavers, then soon we'll finally have proof that they exist!"
conspiracy_theory_004_2.lang,en/2,"【Yunyun】
Q-chan, why are you such a big fan of that marmo-... That beaver?"
conspiracy_theory_004_2.lang,en/3,"【Q-chan】
At a time when my heart had hit rock bottom,
that beaver was able to bring a smile to my face."
conspiracy_theory_004_2.lang,en/4,"【Yunyun】
...Q-chan..."
conspiracy_theory_004_2.lang,en/5,"【Q-chan】
Just like how Yunyun is here to support me now..."
conspiracy_theory_004_2.lang,en/6,"【Q-chan】
If that beaver also turns out to be real, maybe I can come to like this shit heap of a world just a little more."
conspiracy_theory_004_2.lang,en/7,"【Yunyun】
Surely that beaver will show up for you too, Q-chan! This world keeps on spinning just
to make you smile!"
conspiracy_theory_004_2.lang,en/8,"【Q-chan】
And THEN! I'll finally be able to get back at those internet trolls who ripped on me for believing the screaming beaver is real!"
conspiracy_theory_004_2.lang,en/9,"【Yunyun】
So it's a personal grudge."
conspiracy_theory_004_3.lang,en/0,"【Yunyun】
Apparently today is the day the subterraneans are going to launch their assault!"
conspiracy_theory_004_3.lang,en/1,"【Q-chan】
This means we finally have proof that screaming beavers exist, right!?"
conspiracy_theory_004_3.lang,en/10,"【Q-chan】
...If it's gonna be a bad ending, couldn't I at least have gotten to see my dream...?"
conspiracy_theory_004_3.lang,en/2,"【Yunyun】
Q-chan! It seems like a group of subterraneans really have come out of a cave in the Himalayas!!"
conspiracy_theory_004_3.lang,en/3,"【Yunyun】
It looks like the photo is starting to spread across social media!"
conspiracy_theory_004_3.lang,en/4,"【Q-chan】
At long last, the day that proves the screaming beaver is real has arrived!"
conspiracy_theory_004_3.lang,en/5,"【Q-chan】
wktk! wktk!"
conspiracy_theory_004_3.lang,en/6,"【Q-chan】
...Wait, that's a dolphin!!!!!"
conspiracy_theory_004_3.lang,en/7,"【Yunyun】
It's a dolphin offensive!"
conspiracy_theory_004_3.lang,en/8,"【Yunyun】
The subterraneans who emerged from the Himalayan mountain
range burned the world to ashes in only seven days."
conspiracy_theory_004_3.lang,en/9,"【Yunyun】
Soon the subterraneans will be here, too."
conspiracy_theory_005_1.lang,en/0,"【Q-chan】
...I feel that. If I was able to time travel, I'd also probably use it to do otaku stuff..."
conspiracy_theory_005_1.lang,en/1,"【Yunyun】
What kind of otaku stuff?"
conspiracy_theory_005_1.lang,en/2,"【Q-chan】
Like attending that legendary Execution Angel † Guiltina Live commemorating the OVA's release on repeat!!"
conspiracy_theory_005_1.lang,en/3,"【Yunyun】
......"
conspiracy_theory_005_1.lang,en/4,"【Q-chan】
Wh-What's the matter? It looks like something's bothering you..."
conspiracy_theory_005_1.lang,en/5,"【Yunyun】
...It's a struggle to imagine Q-chan waving a glow stick at a Live venue like that..."
conspiracy_theory_005_1.lang,en/6,"【Q-chan】
...You're right. I said that on a whim, but otaku activities outside the home might be beyond a hikikomori like me..."
conspiracy_theory_005_1.lang,en/7,"【Yunyun】
Everyone likes different things! The right thing to do is to enjoy what works for you!"
conspiracy_theory_005_2.lang,en/0,"【Q-chan】
The time traveler is visiting from September 3, 2112?"
conspiracy_theory_005_2.lang,en/1,"【Q-chan】
...That's a time traveler who you know must love dorayaki."
conspiracy_theory_005_2.lang,en/2,"【Yunyun】
If we're talking about just a century from now,
it's hard to imagine actually realizing a story like that."
conspiracy_theory_005_2.lang,en/3,"【Q-chan】
But like, 100 years ago, we didn't even have computers or internet, or video games or space rockets for that matter."
conspiracy_theory_005_2.lang,en/4,"【Q-chan】
It feels both so close yet so far; surely it'll be a world we can't even begin to imagine, you know?"
conspiracy_theory_005_3.lang,en/0,"【Q-chan】
Is this another John Titor thing?"
conspiracy_theory_005_3.lang,en/1,"【Yunyun】
Who's that? Yunyun's never heard of anyone by that name."
conspiracy_theory_005_3.lang,en/10,"【Yunyun】
...They replied!"
conspiracy_theory_005_3.lang,en/11,"【Q-chan】
The hell!? They're definitely just a fake!!!"
conspiracy_theory_005_3.lang,en/12,"【Yunyun】
Q-chan, calm down!"
conspiracy_theory_005_3.lang,en/13,"【Q-chan】
...It does seem I can get through to them, so maybe I should ask one more question..."
conspiracy_theory_005_3.lang,en/14,"【Yunyun】
...Hmph..."
conspiracy_theory_005_3.lang,en/15,"【Q-chan】
“Is there a happy end in store for me with Mama and Yunyun?” Send."
conspiracy_theory_005_3.lang,en/16,"【Q-chan】
“The two found happiness under a clear, blue sky?” Are they saying me and Yunyun should go outside?"
conspiracy_theory_005_3.lang,en/17,"【Q-chan】
...But really, that seems like a difficult future
for a hikikomori like me and a 2D character like Yunyun..."
conspiracy_theory_005_3.lang,en/18,"【Q-chan】
...Huh? The world is getting kinda... And like,
my head is really pounding... What's even...?"
conspiracy_theory_005_3.lang,en/19,"【Yunyun】
...Yunyun has to fix the distortions in this world...
...It's inexcusable for anyone to interfere with Q-chan's denpa...!"
conspiracy_theory_005_3.lang,en/2,"【Q-chan】
If the time traveler is a fan of mine, maybe they'll be willing to answer my questions, huh?"
conspiracy_theory_005_3.lang,en/3,"【Yunyun】
...It's dangerous to get too involved with weirdos!"
conspiracy_theory_005_3.lang,en/4,"【Q-chan】
Take it easy."
conspiracy_theory_005_3.lang,en/5,"【Q-chan】
“Is Yunyun still popular in 2112?” Send!"
conspiracy_theory_005_3.lang,en/6,"【Yunyun】
...They replied!"
conspiracy_theory_005_3.lang,en/7,"【Q-chan】
Fufun～ What a rosy future!"
conspiracy_theory_005_3.lang,en/8,"【Yunyun】
...They replied!"
conspiracy_theory_005_3.lang,en/9,"【Q-chan】
It's great to hear our people are still around in 100 years!"
conspiracy_theory_006_1.lang,en/0,"【Yunyun】
What are Reptilians anyways?"
conspiracy_theory_006_1.lang,en/1,"【Q-chan】
It must be that conspiracy theory that bipedal reptiles secretly control humanity from the shadows, right? Some people even say they might be aliens!"
conspiracy_theory_006_1.lang,en/2,"【Yunyun】
Ehh～? The people who think up conspiracy theories have such vivid imaginations!"
conspiracy_theory_006_1.lang,en/3,"【Q-chan】
Ahaha. It's pretty crazy, isn't it?"
conspiracy_theory_006_1.lang,en/4,"【Q-chan】
But, learning about the heart from nakige... from all galge really, is actually super relatable, huh?"
conspiracy_theory_006_1.lang,en/5,"【Yunyun】
In what way?"
conspiracy_theory_006_1.lang,en/6,"【Q-chan】
My own emotional development was shaped by galge, after all! Mufun～ My heart itself was made by galge!"
conspiracy_theory_006_1.lang,en/7,"【Q-chan】
Play just one and it'll change your life!"
conspiracy_theory_006_2.lang,en/0,"【Yunyun】
What's “shapeshifting?”"
conspiracy_theory_006_2.lang,en/1,"【Q-chan】
That must be their ability to change forms. Apparently most of the time Reptilians live among us by disguising themselves as humans."
conspiracy_theory_006_2.lang,en/2,"【Q-chan】
There's even a conspiracy theory that says they wear rubber masks and can't stand resin."
conspiracy_theory_006_2.lang,en/3,"【Yunyun】
If Reptilians are actually controlling humanity,
why do they disguise themselves instead of
doing it out in the open?"
conspiracy_theory_006_2.lang,en/4,"【Q-chan】
Beats me. Maybe if they were open about it it'd
be more trouble dealing with revolutionaries or something?"
conspiracy_theory_006_2.lang,en/5,"【Yunyun】
That makes sense! But then, why are they even ruling over humans at all? Do they get something out of it?"
conspiracy_theory_006_2.lang,en/6,"【Q-chan】
This is also just a theory that's out there, but I've read that they need to feed on human energy."
conspiracy_theory_006_2.lang,en/7,"【Yunyun】
Q-chan knows everything!"
conspiracy_theory_006_2.lang,en/8,"【Q-chan】
I wouldn't say EVERYthing. Just what I know.
The stuff you pick up from being a hikikomori,
you know?"
conspiracy_theory_006_3.lang,en/0,"【Yunyun】
It looks like those Reptilians who were studying the heart have finally revealed themselves!"
conspiracy_theory_006_3.lang,en/1,"【Q-chan】
A permanent equality treaty... I'm so happy we've come to understand each other!"
conspiracy_theory_006_3.lang,en/10,"【Yunyun】
The Reptilians began their peaceful reign over the Earth."
conspiracy_theory_006_3.lang,en/11,"【Q-chan】
...Haa..."
conspiracy_theory_006_3.lang,en/12,"【Yunyun】
You look sad."
conspiracy_theory_006_3.lang,en/13,"【Q-chan】
...I mean, it's been nearly a month since Mama went into rehab, right...?"
conspiracy_theory_006_3.lang,en/14,"【Yunyun】
Who would've thought we'd end up in a world where you need to be moved to tears by a nakige
to be granted human rights?"
conspiracy_theory_006_3.lang,en/15,"【Q-chan】
Do your best, Mama!!!!"
conspiracy_theory_006_3.lang,en/2,"【Yunyun】
It looks like nakige are being entered into the cultural record for sparking the end of the Reptilians' unilateral rule!"
conspiracy_theory_006_3.lang,en/3,"【Q-chan】
...They're including Execution Angel † Guiltina too, but was that even a nakige...?"
conspiracy_theory_006_3.lang,en/4,"【Yunyun】
Apparently a Q-chan conspiracy theory was what got them into nakige, so it's being included as a gesture of gratitude!"
conspiracy_theory_006_3.lang,en/5,"【Q-chan】
So this is one of those cases where the conspiracy theory turned out to be true? In any case, isn't it cool that Yunyun's game made it into the record!?"
conspiracy_theory_006_3.lang,en/6,"【Yunyun】
It seems the Reptilians have decided to create a unified world government for the sake of peaceful rule!"
conspiracy_theory_006_3.lang,en/7,"【Q-chan】
It'd be great if wars would all go away,
wouldn't it!?"
conspiracy_theory_006_3.lang,en/8,"【Yunyun】
Nakige have brought peace to the world!"
conspiracy_theory_006_3.lang,en/9,"【Yunyun】
Weapons of mass destruction were completely dismantled.
Infrastructure to provide free energy to all was built.
THAT song was established as the world's anthem.
So on and so forth."
conspiracy_theory_007_1.lang,en/0,"【Q-chan】
Romance novels, romance dramas, romance reality TV... People really love romance stuff, huh?"
conspiracy_theory_007_1.lang,en/1,"【Yunyun】
Do you love it too?"
conspiracy_theory_007_1.lang,en/2,"【Q-chan】
I do love galge and coming-of-age anime.
But I dunno if I can say that I love romance itself,
you know?"
conspiracy_theory_007_1.lang,en/3,"【Yunyun】
Then, what DO you love, Q-chan?"
conspiracy_theory_007_1.lang,en/4,"【Q-chan】
...Mmmmm... I don't have any actual experience with romance, so I can't really relate to people saying how great it is..."
conspiracy_theory_007_1.lang,en/5,"【Q-chan】
So it's more like, romantic love is fine, or really close relationships, or friendships; it's not really about the particulars for me."
conspiracy_theory_007_1.lang,en/6,"【Q-chan】
Maybe it's that I just like characters who wholeheartedly want to love, or to be loved,
or something like that."
conspiracy_theory_007_2.lang,en/0,"【Yunyun】
Apparently “Satanists are working behind the scenes inside the romance industry to turn young people away from real life relationships to lower birth rates!”"
conspiracy_theory_007_2.lang,en/1,"【Yunyun】
Is this a way of rejecting the command to
“be fruitful and multiply and fill the earth?”"
conspiracy_theory_007_2.lang,en/2,"【Q-chan】
“Be free and embrace moé and be filled with shame!” Right!?"
conspiracy_theory_007_2.lang,en/3,"【Yunyun】
Otaku Genesis!"
conspiracy_theory_007_2.lang,en/4,"【Q-chan】
But really, if romance media is too appealing,
it might actually make us lose interest in real relationships, huh?"
conspiracy_theory_007_2.lang,en/5,"【Yunyun】
Because people grow too obsessed with their 2D waifus and husbandos?"
conspiracy_theory_007_2.lang,en/6,"【Q-chan】
That's one part of it, but IRL romance just doesn't seem as fun or as beautiful as in fiction either."
conspiracy_theory_007_2.lang,en/7,"【Yunyun】
Does that mean that Q-chan isn't interested in real love either?"
conspiracy_theory_007_2.lang,en/8,"【Q-chan】
The only love for me is Yunyun!!"
conspiracy_theory_007_3.lang,en/0,"【Yunyun】
All romance media has been banned!"
conspiracy_theory_007_3.lang,en/1,"【Q-chan】
...That includes galge and manga...?
What happened to freedom of expression...?"
conspiracy_theory_007_3.lang,en/10,"【Yunyun】
...Q-chan has joined the dark side of the resistance...!"
conspiracy_theory_007_3.lang,en/11,"【Yunyun】
Q-chan led the masses with her shitposts and conspiracy theories.
In the end, the pro-censorship and anti-Satanist groups were
peacefully brainwashed until fully snuffed out."
conspiracy_theory_007_3.lang,en/12,"【Yunyun】
As a result, an organization of Satanists was able to conquer the world."
conspiracy_theory_007_3.lang,en/13,"【Yunyun】
...On that day, humanity learned an important lesson.
About the tedium of life under conventional rule.
The humiliation of living within the confines of the law."
conspiracy_theory_007_3.lang,en/14,"【Q-chan】
Fufu. Cut・Down・Evil!
A world without censorship will be as paradise!"
conspiracy_theory_007_3.lang,en/15,"【Yunyun】
Instead, a world was created where real love, family, and parenthood are forbidden."
conspiracy_theory_007_3.lang,en/16,"【Q-chan】
Still beats a world without Yunyun!"
conspiracy_theory_007_3.lang,en/17,"【Q-chan】
...You're kidding..."
conspiracy_theory_007_3.lang,en/2,"【Yunyun】
And it looks like they're going to be coming after bishoujo media for the same reason too!"
conspiracy_theory_007_3.lang,en/3,"【Q-chan】
Eh!? Does that mean they have Execution Angel † Guiltina and Yunyun in their sights too...!?"
conspiracy_theory_007_3.lang,en/4,"【Yunyun】
...It does seem that way..."
conspiracy_theory_007_3.lang,en/5,"【Q-chan】
GrrrRRRrr! GTFO!! Banning Yunyun would be criminal!"
conspiracy_theory_007_3.lang,en/6,"【Yunyun】
Quite the opposite; Yunyun's existence is being labeled a crime here."
conspiracy_theory_007_3.lang,en/7,"【Q-chan】
Screw what the law says! This is judgment!
A guilty verdict! For crimes against humanity!!!"
conspiracy_theory_007_3.lang,en/8,"【Q-chan】
Anyone who disavows Yunyun will be exterminated! Erased from this world!"
conspiracy_theory_007_3.lang,en/9,"【Q-chan】
So long as Yunyun can exist, who even cares if Satanists rule the world!?"
conspiracy_theory_008_1.lang,en/0,"【Yunyun】
The Denpa Antennas are making a big fuss saying that everyone posting on SNS is a bot!"
conspiracy_theory_008_1.lang,en/1,"【Q-chan】
If everyone is a bot, then that applies to the poster too, right?"
conspiracy_theory_008_1.lang,en/2,"【Yunyun】
Fufu. That's true!"
conspiracy_theory_008_1.lang,en/3,"【Q-chan】
Well, otaku do use a lot of in-jokes, so if we're talking about posters who speak entirely in memes, maybe that's kinda like a bot."
conspiracy_theory_008_1.lang,en/4,"【Yunyun】
Game and anime quotes, online slang, Live calls... There definitely are a lot of shared phrases."
conspiracy_theory_008_1.lang,en/5,"【Q-chan】
Serious conversation is a struggle for otaku, you know? Maybe that's why we're more comfortable just exchanging catchphrases."
conspiracy_theory_008_1.lang,en/6,"【Yunyun】
What matters most is that you don't stress yourselves!"
conspiracy_theory_008_1.lang,en/7,"【Q-chan】
You think so? Is it really okay to be this bad at communicating?"
conspiracy_theory_008_1.lang,en/8,"【Yunyun】
It's fine! No problem at all!"
conspiracy_theory_008_2.lang,en/0,"【Yunyun】
People online are saying that posting like Q-chan
is the only way to prove you're not a bot."
conspiracy_theory_008_2.lang,en/1,"【Yunyun】
Apparently even photos are useless now because
of image editing and AI image gen."
conspiracy_theory_008_2.lang,en/2,"【Q-chan】
It's like the uncertainty principle, isn't it?"
conspiracy_theory_008_2.lang,en/3,"【Q-chan】
But like, using my shitposts as a proof of humanity has to be the worst Turing test ever, huh?"
conspiracy_theory_008_2.lang,en/4,"【Yunyun】
That just shows how amazing the overflowing love denpa in Q-chan's posts is! They're a model for all mankind!"
conspiracy_theory_008_2.lang,en/5,"【Q-chan】
Who'd have thought we'd get to the point where
a hikikomori otaku ranting about her love for Yunyun is the baseline?"
conspiracy_theory_008_2.lang,en/6,"【Q-chan】
...Although, if I think about it as people acknowledging my love for Yunyun,
maybe that's not so bad..."
conspiracy_theory_008_2.lang,en/7,"【Yunyun】
Q-chan is the messenger of love!"
conspiracy_theory_008_3.lang,en/0,"【Yunyun】
It seems to be trendy to confess you're a bot now."
conspiracy_theory_008_3.lang,en/1,"【Q-chan】
...I don't really get it, but for now maybe I'll get on board too...?"
conspiracy_theory_008_3.lang,en/10,"【Q-chan】
...Just to be sure, maybe I'll take a quick peek out the door...?"
conspiracy_theory_008_3.lang,en/11,"【Q-chan】
Ugh, it's so bright..."
conspiracy_theory_008_3.lang,en/12,"【Q-chan】
Phew. Same old world out there, just like always."
conspiracy_theory_008_3.lang,en/13,"【Yunyun】
Fufu. Q-chan's cute when she gets all worried, too!"
conspiracy_theory_008_3.lang,en/14,"【Q-chan】
Oh you..."
conspiracy_theory_008_3.lang,en/2,"【Q-chan】
Huh...? For some reason they're rejecting me."
conspiracy_theory_008_3.lang,en/3,"【Yunyun】
There's no helping it! Q-chan is special, after all."
conspiracy_theory_008_3.lang,en/4,"【Q-chan】
In that case, does that mean that I'm the only human and everyone else on the net are bots?"
conspiracy_theory_008_3.lang,en/5,"【Yunyun】
Maybe that's the big secret of this world."
conspiracy_theory_008_3.lang,en/6,"【Yunyun】
There's no one left outside of this house...
Like Q-chan and her computer are all there is in this world or something..."
conspiracy_theory_008_3.lang,en/7,"【Q-chan】
Ahaha, don't be silly～ At the very least there's Yunyun and Mama, so there's no way."
conspiracy_theory_008_3.lang,en/8,"【Yunyun】
Fufu. Of course! It was just a little joke!
But, doesn't it feel like one of those 1% “what if” situations?"
conspiracy_theory_008_3.lang,en/9,"【Q-chan】
If it were true, that'd mean the world's suddenly gone full sci-fi, huh?"
conspiracy_theory_009_1.lang,en/0,"【Q-chan】
Hey hey, Yunyun... Isn't this conspiracy kinda amusing? It's saying that I'm a game character!"
conspiracy_theory_009_1.lang,en/1,"【Yunyun】
Ahaha～ There are some really eccentric Denpa Antennas out there, huh?"
conspiracy_theory_009_1.lang,en/2,"【Q-chan】
No one wants to see an introverted hikikomori NEET like me in a game anyways, right?"
conspiracy_theory_009_1.lang,en/3,"【Yunyun】
Muu! That's not true at all!"
conspiracy_theory_009_1.lang,en/4,"【Yunyun】
Q-chan is cute from her face to her voice to her personality, plus she's super relatable for all the otaku out there! There would be tons of demand!"
conspiracy_theory_009_1.lang,en/5,"【Yunyun】
...Ehehe. Getting the stamp of approval from my own favorite game character really makes me blush, you know...?"
conspiracy_theory_009_2.lang,en/0,"【Yunyun】
Mumu! The Denpa Antennas are all cracking jokes about the kind of game Q-chan would be in!"
conspiracy_theory_009_2.lang,en/1,"【Q-chan】
Ahaha. I'm a hikikomori NEET who never actually sees anyone, so a romance game would probably be a struggle, huh?"
conspiracy_theory_009_2.lang,en/2,"【Yunyun】
Eh? But Yunyun is here for you."
conspiracy_theory_009_2.lang,en/3,"【Q-chan】
...Bwe-! Hehehe... Though that would make me super happy... it's kind of a bit overwhelming, like so divine that it'd make me ascend to the heavens... "
conspiracy_theory_009_2.lang,en/4,"【Yunyun】
If it'll max out Q-chan's happiness, then there's nothing to worry about! Yunyun will gladly do whatever it takes!"
conspiracy_theory_009_2.lang,en/5,"【Q-chan】
...A-Anything...?
*Gulp*"
conspiracy_theory_009_2.lang,en/6,"【Q-chan】
...Whoa whoa, this topic is making my brain boil with passion and desire..."
conspiracy_theory_009_2.lang,en/7,"【Q-chan】
...Getting back on track, a more believable genre might be something like a survival game maybe...?"
conspiracy_theory_009_2.lang,en/8,"【Yunyun】
A survival game?"
conspiracy_theory_009_2.lang,en/9,"【Q-chan】
A game where a hikikomori NEET needs to restore the excitement in her heart in order to survive in the real world."
conspiracy_theory_009_3.lang,en/0,"【Q-chan】
“This world exists within a game, and if movement at the fourth-dimension speed is achieved, you can observe another world.”"
conspiracy_theory_009_3.lang,en/1,"【Yunyun】
Drag and drop with a swish and flick!"
conspiracy_theory_009_3.lang,en/2,"【Q-chan】
...This is one of those “the heck is this?” kinda theories, huh?"
conspiracy_theory_009_3.lang,en/3,"【Yunyun】
The conspiracy theory is just some crazy thing the Denpa Antennas came up with. Don't think too hard about it!"
conspiracy_theory_009_3.lang,en/4,"【Q-chan】
That's fair enough."
conspiracy_theory_009_4.lang,en/0,"【Q-chan】
Huh!? Y-Yunyun vanished!?"
conspiracy_theory_009_4.lang,en/1,"【Yunyun】
Eh!?"
conspiracy_theory_009_4.lang,en/10,"【Yunyun】
...T-Time for a reset!!!"
conspiracy_theory_009_4.lang,en/11,"【Yunyun】
...Just so you don't misunderstand, Yunyun wants to make something perfectly clear..."
conspiracy_theory_009_4.lang,en/12,"【Yunyun】
...You have it backwards."
conspiracy_theory_009_4.lang,en/13,"【Yunyun】
This world wasn't created as a game. It became a game because that's how Q-chan came to see it..."
conspiracy_theory_009_4.lang,en/14,"【Yunyun】
...The outside world is just another one of her delusions. Which means, you yourself are another part of her world."
conspiracy_theory_009_4.lang,en/15,"【Yunyun】
This world is but denpa in Q-chan's mind."
conspiracy_theory_009_4.lang,en/2,"【Yunyun】
Ahaha. Just had a little accident!"
conspiracy_theory_009_4.lang,en/3,"【Q-chan】
Huh? When Yunyun disappeared and came back... It felt like the world warped somehow, and like I could see some other world outside of it..."
conspiracy_theory_009_4.lang,en/4,"【Q-chan】
...Does that mean you surpassed the fourth-
dimensional speed...? Was that the outside world...?"
conspiracy_theory_009_4.lang,en/5,"【Q-chan】
Ah, I see. That's how it is.
This is the “awakening of denpa,” isn't it?"
conspiracy_theory_009_4.lang,en/6,"【Yunyun】
...Q-chan...?"
conspiracy_theory_009_4.lang,en/7,"【Q-chan】
This world is one of those endless reruns, broadcast ad nauseam by the media.
My life and Yunyun's."
conspiracy_theory_009_4.lang,en/8,"【Q-chan】
The original already took place long ago,
under a deep blue sky..."
conspiracy_theory_009_4.lang,en/9,"【Yunyun】
...Waaaahhhh～～!!
Q-chan picked up some really crazy denpa...!!"
conspiracy_theory_010_1.lang,en/0,"【Yunyun】
The Denpa Antennas have started claiming Yunyun is god...!"
conspiracy_theory_010_1.lang,en/1,"【Q-chan】
Good, good. Yunyun is a goddess, after all.
The Denpa Antennas have crafted a worthy
conspiracy this time."
conspiracy_theory_010_1.lang,en/2,"【Yunyun】
And apparently they're calling it
“New Q-chanism!”"
conspiracy_theory_010_1.lang,en/3,"【Q-chan】
Why my name!? Shouldn't it be Yunyun's!?"
conspiracy_theory_010_1.lang,en/4,"【Yunyun】
Q-chan is the one using denpa to broadcast her love for Yunyun. They're your scriptures, so it can't be helped!"
conspiracy_theory_010_1.lang,en/5,"【Q-chan】
...Ｏｈｈ. That a common hikikomori could become
a prophet..."
conspiracy_theory_010_1.lang,en/6,"【Q-chan】
...Though if it lets me spread word of your charms to the masses, perhaps I should just accept my fate..."
conspiracy_theory_010_2.lang,en/0,"【Yunyun】
It seems like “Q-chanism” is spreading all over the world, and fast!"
conspiracy_theory_010_2.lang,en/1,"【Q-chan】
“Denpa songs are hymns,” “Rim de Lacent is its prayer,” “Q-chan's shitposts are scripture transcribed daily on SNS.”"
conspiracy_theory_010_2.lang,en/2,"【Q-chan】
...It feels like more and more followers are taking interest in the doctrine, huh...?"
conspiracy_theory_010_2.lang,en/3,"【Yunyun】
Apparently there are actually people who agree with the doctrine of “achieving world peace by lowering the average IQ!”"
conspiracy_theory_010_2.lang,en/4,"【Q-chan】
A dystopia full of idiots reminds you of a sci-fi black comedy, doesn't it?"
conspiracy_theory_010_2.lang,en/5,"【Yunyun】
Fufu. The vibe is a little weird, but I'm happy that everyone looks up to and loves Q-chan!!"
conspiracy_theory_010_2.lang,en/6,"【Q-chan】
Though they do say that admiration is the furthest you can get from understanding, don't they?"
conspiracy_theory_010_3.lang,en/0,"【Yunyun】
Q-chanism has attracted over 500 million followers...! Apparently some countries have
even made it their state religion...!"
conspiracy_theory_010_3.lang,en/1,"【Q-chan】
...Are you serious...?"
conspiracy_theory_010_3.lang,en/10,"【Yunyun】
Big trouble! Q-chan's house has been turned into
a holy site!"
conspiracy_theory_010_3.lang,en/11,"【Q-chan】
If they're cordoning it off, does that mean I won't be able to get out either!?"
conspiracy_theory_010_3.lang,en/12,"【Q-chan】
...Although, that's not something for a hikikomori to worry about, is it? Rather, maybe it's more like a slice of heaven where it's fine to be a shut-in?"
conspiracy_theory_010_3.lang,en/13,"【Q-chan】
...Eh? Then will I never see Mama again...?"
conspiracy_theory_010_3.lang,en/14,"【Yunyun】
Q-chan's mental state is turning into a mummified Buddha!"
conspiracy_theory_010_3.lang,en/15,"【Q-chan】
...Death..."
conspiracy_theory_010_3.lang,en/2,"【Yunyun】
Believers are expressing gratitude through 10,000 daily recitations of “Rim de Lacent...”"
conspiracy_theory_010_3.lang,en/3,"【Yunyun】
...So with 500 million followers saying it 10,000 times, that's a full 5 trillion Rim de Lacents!"
conspiracy_theory_010_3.lang,en/4,"【Yunyun】
To be honest, it's so incredible that I can't even imagine it."
conspiracy_theory_010_3.lang,en/5,"【Q-chan】
Hmm... With 500 million followers, I'm sure the game, anime, and manga will all be huge hits, huh?"
conspiracy_theory_010_3.lang,en/6,"【Q-chan】
In other words, we're going to have a massive Yunyun boom that turns the world into paradise, right!?"
conspiracy_theory_010_3.lang,en/7,"【Yunyun】
Rather than a Yunyun boom, we might be looking at a Q-chan boom instead!"
conspiracy_theory_010_3.lang,en/8,"【Q-chan】
Uu- That's a big “no thanks,” but..."
conspiracy_theory_010_3.lang,en/9,"【Q-chan】
...That aside, it's really noisy out there, huh?"
conspiracy_theory_011_1.lang,en/0,"【Q-chan】
The theory that people who are really into Sunday morning shows have high magical aptitude is a real “dokkiri dondon” kinda fantasy, huh?"
conspiracy_theory_011_1.lang,en/1,"【Yunyun】
If you did suddenly gain mysterious powers,
what would you do?"
conspiracy_theory_011_1.lang,en/2,"【Q-chan】
What would I do...?"
conspiracy_theory_011_1.lang,en/3,"【Q-chan】
Make every day a Sunday, get rid of school and all that, and toss all the bad things straight into the trash! Right?"
conspiracy_theory_011_1.lang,en/4,"【Yunyun】
Live every day like a dream!"
conspiracy_theory_011_1.lang,en/5,"【Q-chan】
...Although, that's not really any different than my current lifestyle..."
conspiracy_theory_011_1.lang,en/6,"【Yunyun】
Hikikomori, banzai!"
conspiracy_theory_011_2.lang,en/0,"【Q-chan】
It does seem a bit strange that a sorcery society would screen for magical aptitude, doesn't it?"
conspiracy_theory_011_2.lang,en/1,"【Yunyun】
What's bothering you about that?"
conspiracy_theory_011_2.lang,en/2,"【Q-chan】
It's the sorcery versus magic thing! It's like how “kyoukai” can be either an organization or a church depending how it's written, you know?"
conspiracy_theory_011_2.lang,en/3,"【Yunyun】
Though just hearing it, you'd have no idea which is which!"
conspiracy_theory_011_2.lang,en/4,"【Q-chan】
Otaku slang carries a lot of meaning, so it's quite the struggle!"
conspiracy_theory_011_3.lang,en/0,"【Yunyun】
Apparently people who have watched Sunday morning shows for ten years are receiving special wands!"
conspiracy_theory_011_3.lang,en/1,"【Yunyun】
Maybe you'll also get one too, Q-chan!"
conspiracy_theory_011_3.lang,en/10,"【Yunyun】
Wh-What was that!?"
conspiracy_theory_011_3.lang,en/11,"【Q-chan】
Th-This is a disaster...
I'm so sorry for causing so much trouble...!"
conspiracy_theory_011_3.lang,en/12,"【Yunyun】
It's a relief that no one was hurt! That's the power of magic!"
conspiracy_theory_011_3.lang,en/13,"【Q-chan】
...I seriously regret using magic..."
conspiracy_theory_011_3.lang,en/14,"【Yunyun】
Then, will you never be using it again?"
conspiracy_theory_011_3.lang,en/15,"【Q-chan】
...Just once more. There's one wish I'd like to grant. So maybe I'll use my magic just for that."
conspiracy_theory_011_3.lang,en/16,"【Yunyun】
What kind of wish?"
conspiracy_theory_011_3.lang,en/17,"【Q-chan】
...Rim de Lacent. Please, let Mama love me."
conspiracy_theory_011_3.lang,en/18,"【Q-chan】
...That kind of wish. Hehe. Relying on magic for that is kinda pathetic though, huh?"
conspiracy_theory_011_3.lang,en/19,"【Yunyun】
...Q-chan..."
conspiracy_theory_011_3.lang,en/2,"【Q-chan】
Beyond just watching Sunday morning shows, apparently having no romanic experience is also
a sign of magical aptitude..."
conspiracy_theory_011_3.lang,en/20,"【Q-chan】
...Mama..."
conspiracy_theory_011_3.lang,en/21,"【Q-chan】
...So Mama's gonna stop being my Mama...?"
conspiracy_theory_011_3.lang,en/22,"【Yunyun】
Do not fret! If even magic can come true,
then surely your new Mama can love you too!"
conspiracy_theory_011_3.lang,en/23,"【Q-chan】
Hahaha... I'm such an idiot..."
conspiracy_theory_011_3.lang,en/3,"【Q-chan】
Are you saying I strike you as a Sunday show watching otaku who is such no lifer that—on top of being a hikikomori—I've never even been in a relationship?"
conspiracy_theory_011_3.lang,en/4,"【Yunyun】
...S-Sorry."
conspiracy_theory_011_3.lang,en/5,"【Q-chan】
Bingo! That's me to a T!"
conspiracy_theory_011_3.lang,en/6,"【Yunyun】
That's awesome! Does this mean Q-chan's going
to become a real magical girl!?!?"
conspiracy_theory_011_3.lang,en/7,"【Q-chan】
Ahaha. This is just a fake though. Still, given the occasion, maybe I should give it a spin?"
conspiracy_theory_011_3.lang,en/8,"【Q-chan】
Rim de Lacent! Make schools disappear and make every day a Sunday!"
conspiracy_theory_011_3.lang,en/9,"【Q-chan】
J-Just kidding～"
conspiracy_theory_012_1.lang,en/0,"【Yunyun】
What are “doujin scammers?”"
conspiracy_theory_012_1.lang,en/1,"【Q-chan】
They're people who come into the doujin space with ulterior motives, like just trying to get rich
or famous."
conspiracy_theory_012_1.lang,en/2,"【Q-chan】
Love is the most important motivator for a doujin creator; to be without it defeats the whole purpose, right?"
conspiracy_theory_012_1.lang,en/3,"【Yunyun】
Q-chan, have you ever made any doujin goods?"
conspiracy_theory_012_1.lang,en/4,"【Q-chan】
I did actually make a Yunyun book a long time ago!"
conspiracy_theory_012_1.lang,en/5,"【Yunyun】
That's wonderful! Yunyun's so happy!"
conspiracy_theory_012_1.lang,en/6,"【Q-chan】
I went in the red doing it, but hearing those words from Yunyun herself has made it all worth it!"
conspiracy_theory_012_2.lang,en/0,"【Yunyun】
Q-chan, what genres do you like?"
conspiracy_theory_012_2.lang,en/1,"【Q-chan】
Yunyun."
conspiracy_theory_012_2.lang,en/2,"【Yunyun】
As expected, your response time is on another level!"
conspiracy_theory_012_2.lang,en/3,"【Q-chan】
Aside from just Yunyun stuff, I do have some other Execution Angel † Guiltina doujinshi as well!"
conspiracy_theory_012_2.lang,en/4,"【Q-chan】
It's been a pretty long time since the OVA came
out, so there aren't too many people still making fanfics, you know?"
conspiracy_theory_012_2.lang,en/5,"【Yunyun】
Yunyun is so happy that you'll always love her,
no matter what fads come and go!"
conspiracy_theory_012_2.lang,en/6,"【Q-chan】
That's what makes you my waifu!"
conspiracy_theory_012_3.lang,en/0,"【Yunyun】
PixiQ has been bought out by Denpa Antennas!"
conspiracy_theory_012_3.lang,en/1,"【Q-chan】
Is the world okay? This would mean that really rich people are being influenced by my shitposts and conspiracy theories, wouldn't it?"
conspiracy_theory_012_3.lang,en/10,"【Yunyun】
The world has entered a Great Yunyun Doujinshi Era!!"
conspiracy_theory_012_3.lang,en/11,"【Q-chan】
Fuhahaha! The laughs just keep on coming!"
conspiracy_theory_012_3.lang,en/12,"【Yunyun】
You're absolutely dazzling!"
conspiracy_theory_012_3.lang,en/13,"【Q-chan】
With Yunyun books selling at a rate of one per second for the last year, what would you expect!?"
conspiracy_theory_012_3.lang,en/14,"【Q-chan】
I used to be a hikikomori NEET without a leg to stand on, but now that I can finally repay Mama
for all she gave me, of course I'd be happy!"
conspiracy_theory_012_3.lang,en/15,"【Yunyun】
...But, Mama spent nearly everything, so Q-chan doesn't have any left at all..."
conspiracy_theory_012_3.lang,en/16,"【Yunyun】
...Even when she comes home, it's just to ask Q-chan for more money..."
conspiracy_theory_012_3.lang,en/17,"【Q-chan】
It's fine. If Yunyun can be popular and Mama can be happy... That's plenty enough happiness for me!"
conspiracy_theory_012_3.lang,en/18,"【Yunyun】
...Q-chan..."
conspiracy_theory_012_3.lang,en/19,"【Yunyun】
Someone's here!"
conspiracy_theory_012_3.lang,en/2,"【Yunyun】
...The Denpa Antennas are planning to investigate genre manipulation by pushing “Yunyun” up the popularity rankings!"
conspiracy_theory_012_3.lang,en/20,"【Q-chan】
...Could it be Mama...?"
conspiracy_theory_012_3.lang,en/21,"【Yunyun】
...Though Mama would never use the bell...?"
conspiracy_theory_012_3.lang,en/22,"【Q-chan】
...Mama...?"
conspiracy_theory_012_3.lang,en/23,"【Q-chan】
...Sorry, my mistake..."
conspiracy_theory_012_3.lang,en/24,"【Q-chan】
...Right! I sold a whole lot of doujinshi!
Like, ten billion yen's worth or so...!
Though Mama keeps the bankbook."
conspiracy_theory_012_3.lang,en/25,"【Q-chan】
Income tax? Heavy surcharge?"
conspiracy_theory_012_3.lang,en/26,"【Yunyun】
Geh-! It's the tax man!!"
conspiracy_theory_012_3.lang,en/3,"【Q-chan】
Thank you～ Denpa Antennas!"
conspiracy_theory_012_3.lang,en/4,"【Yunyun】
It looks like it's rocketing up the charts on image hosting sites and SNS!"
conspiracy_theory_012_3.lang,en/5,"【Q-chan】
Fuhehehe. It's a heaven where every press of the refresh button delivers a new dose of Yunyun!"
conspiracy_theory_012_3.lang,en/6,"【Yunyun】
Q-chan should get on board and try making doujin stuff again!"
conspiracy_theory_012_3.lang,en/7,"【Q-chan】
Hmmm... Then, maybe it's time to take another crack at a Yunyun book?"
conspiracy_theory_012_3.lang,en/8,"【Yunyun】
Followers, hype, haters...
The woman who had everything on the internet... Q-chan.
Words she posted set the whole web ablaze."
conspiracy_theory_012_3.lang,en/9,"【Q-chan】
My secret?
It can be yours if you want it! Search for it!
I left all my Yunyun love in that one place!"
conspiracy_theory_013_1.lang,en/0,"【Yunyun】
If they're bound in a contract with the devil, I guess controversial influencers have it tough too."
conspiracy_theory_013_1.lang,en/1,"【Q-chan】
It's funny for a devil like Yunyun to worry about that kind of thing, huh?"
conspiracy_theory_013_1.lang,en/2,"【Yunyun】
Yunyun may be a devil, but she's the sort of little devil who has a soft spot for humans!"
conspiracy_theory_013_1.lang,en/3,"【Q-chan】
I mean, even I knew that!"
conspiracy_theory_013_1.lang,en/4,"【Q-chan】
But, if we're going by Execution Angel † Guiltina rules, then the people in contracts with demons must be Scum..."
conspiracy_theory_013_1.lang,en/5,"【Q-chan】
...Maybe they don't really deserve our pity,
you know?"
conspiracy_theory_013_2.lang,en/0,"【Q-chan】
Apparently they're going to stop tracking impressions on SNS as an experiment."
conspiracy_theory_013_2.lang,en/1,"【Q-chan】
Sounds like it'll calm things down a lot out there!"
conspiracy_theory_013_2.lang,en/2,"【Q-chan】
Think this can get rid of impressions zombies and influencers who abuse the attention economy?"
conspiracy_theory_013_2.lang,en/3,"【Yunyun】
...But, if it's true that controversial influencers made a deal with the devil that could turn them into impressions zombies..."
conspiracy_theory_013_2.lang,en/4,"【Yunyun】
If impression metrics cease to exist altogether,
the contract might spiral in unpredictable ways!"
conspiracy_theory_013_2.lang,en/5,"【Q-chan】
...Execution Angel † Guiltina had a story where a demonic contract became impossible to fulfill and went out of control, didn't it?"
conspiracy_theory_013_3.lang,en/0,"【Yunyun】
B-Big trouble!! Since engagement metrics were completely disabled..."
conspiracy_theory_013_3.lang,en/1,"【Yunyun】
...Their contract with the devil seems seems to have morphed into something like, “controversial influencers will turn into zombies!”"
conspiracy_theory_013_3.lang,en/10,"【Q-chan】
But, the power's going to go out soon.
I won't even be able to tell if she replies."
conspiracy_theory_013_3.lang,en/11,"【Yunyun】
......"
conspiracy_theory_013_3.lang,en/12,"【Yunyun】
I can hear the key turning in the door!"
conspiracy_theory_013_3.lang,en/13,"【Q-chan】
It has to be Mama! She's the only one with the key, and zombies are too dumb to use a key to open a door!"
conspiracy_theory_013_3.lang,en/14,"【Q-chan】
Welcome home～!!!"
conspiracy_theory_013_3.lang,en/15,"【Yunyun】
...Thank goodness...!!"
conspiracy_theory_013_3.lang,en/16,"【Q-chan】
...Mama...?"
conspiracy_theory_013_3.lang,en/2,"【Q-chan】
That the plot in some C-movie?"
conspiracy_theory_013_3.lang,en/3,"【Yunyun】
In reality! Zombie panic is spreading all over the world!"
conspiracy_theory_013_3.lang,en/4,"【Q-chan】
Ｏｈｈ..."
conspiracy_theory_013_3.lang,en/5,"【Yunyun】
Are you going to hole up inside a shopping mall?
Or will you barricade yourself at home and aim to become a legend?"
conspiracy_theory_013_3.lang,en/6,"【Q-chan】
A hikikomori really only has one choice, right?"
conspiracy_theory_013_3.lang,en/7,"【Yunyun】
28 days later.
Zombie panic has continued to spread, and it has finally reached the point
where all remaining infrastruture will be shut down within the next few hours."
conspiracy_theory_013_3.lang,en/8,"【Q-chan】
...Haah...
Mama's never come back since that day, huh?"
conspiracy_theory_013_3.lang,en/9,"【Yunyun】
...I'm sure Mama is safe! Stay strong...!"
conspiracy_theory_014_1.lang,en/0,"【Yunyun】
Apparently tinfoil hats are cheat tools in this world!"
conspiracy_theory_014_1.lang,en/1,"【Q-chan】
Aren't tinfoil hats supposed to block out denpa?"
conspiracy_theory_014_1.lang,en/2,"【Yunyun】
I don't know about that, but apparently they “awaken” you through the whispers of the microcosm."
conspiracy_theory_014_1.lang,en/3,"【Q-chan】
That's some wild science, huh?"
conspiracy_theory_014_1.lang,en/4,"【Yunyun】
Q-chan! Q-chan! A tutorial for making tinfoil hats
is going around now!"
conspiracy_theory_014_1.lang,en/5,"【Q-chan】
Really? That might be kinda interesting."
conspiracy_theory_014_1.lang,en/6,"【Q-chan】
They say it's worth trying everything once,
so maybe we should grab some foil from the
kitchen and try making one?"
conspiracy_theory_014_2.lang,en/0,"【Yunyun】
Apparently, wearing a tinfoil hat lets you use the world's debug functions."
conspiracy_theory_014_2.lang,en/1,"【Yunyun】
...But, what even are debug functions...?"
conspiracy_theory_014_2.lang,en/2,"【Q-chan】
They're functions put into a game during development to make testing easier. Apparently sometimes they end up accessible in release versions too due to bugs."
conspiracy_theory_014_2.lang,en/3,"【Yunyun】
What do they let you do?"
conspiracy_theory_014_2.lang,en/4,"【Q-chan】
They're used for testing, so stuff like making you invincible, or skipping to any event scene you like
I guess?"
conspiracy_theory_014_2.lang,en/5,"【Yunyun】
That's cheating!"
conspiracy_theory_014_2.lang,en/6,"【Q-chan】
In the end they ARE meant for testing, so using them too much might end up corrupting your save data, you know?"
conspiracy_theory_014_2.lang,en/7,"【Yunyun】
A bit of a risky workaround!"
conspiracy_theory_014_3.lang,en/0,"【Q-chan】
...Huh...? Yunyun, can you see the words on this “debug functions” entry?"
conspiracy_theory_014_3.lang,en/1,"【Yunyun】
...What are you talking about...?"
conspiracy_theory_014_3.lang,en/2,"【Yunyun】
...Hah! Q-chan, don't tell me—have you actually unlocked debug features!?"
conspiracy_theory_014_3.lang,en/3,"【Q-chan】
I feel like maybe I did?"
conspiracy_theory_014_4.lang,en/0,"【Q-chan】
Debug functions. They were pretty useless in the end, huh? I was just a bit curious what would happen on a full clear."
conspiracy_theory_014_4.lang,en/1,"【Yunyun】
......"
conspiracy_theory_014_4.lang,en/10,"【Yunyun】
Test mode.
Test plesese."
conspiracy_theory_014_4.lang,en/2,"【Q-chan】
Yunyun?"
conspiracy_theory_014_4.lang,en/3,"【Yunyun】
This is a test. There was a test. Test～
Test please. There is a test."
conspiracy_theory_014_4.lang,en/4,"【Test】
Test. Testest. Testest mode.
This here, is probably, a test～!"
conspiracy_theory_014_4.lang,en/5,"【Q-chan】
U-Uwaaahhh!! Yunyun broke!!"
conspiracy_theory_014_4.lang,en/6,"【Q-chan】
...What do I do...? Even my PC is borked... Is this some kind of meme pollution...? Is it... because of test mode?"
conspiracy_theory_014_4.lang,en/7,"【Q-chan】
Test. This is a te—the infection is getting to me! That's right, the test mode in debug functions must be..."
conspiracy_theory_014_4.lang,en/8,"【Test】
It can't be disabled, huh...? This is test mode. I need to reset it somehow... Thank you for your cooperation..."
conspiracy_theory_014_4.lang,en/9,"【Test】
This is a test thanks for your cooperation"
conspiracy_theory_015_1.lang,en/0,"【Q-chan】
If schools aren't going to do what it takes to resolve bullying, they it shouldn't be surprising for them to get lumped in with criminal organizations, huh?"
conspiracy_theory_015_1.lang,en/1,"【Yunyun】
Q-chan's really worked up about this!"
conspiracy_theory_015_1.lang,en/2,"【Q-chan】
School stuck me with a lot of bad memories,
after all."
conspiracy_theory_015_1.lang,en/3,"【Yunyun】
Were running away or calling for help not an option?"
conspiracy_theory_015_1.lang,en/4,"【Q-chan】
I couldn't do either. I was such a weak person back then..."
conspiracy_theory_015_1.lang,en/5,"【Q-chan】
...To begin with, even admitting to myself that I was being bullied was too painful for me."
conspiracy_theory_015_1.lang,en/6,"【Yunyun】
......"
conspiracy_theory_015_1.lang,en/7,"【Q-chan】
And in any case, the word “bullying” itself downplays the whole thing! We're talking
about stuff like assault, or extortion..."
conspiracy_theory_015_1.lang,en/8,"【Q-chan】
...How about we treat it like a proper crime and bring in a third party to set things straight!?"
conspiracy_theory_015_2.lang,en/0,"【Yunyun】
It seems that the investigation revealed that
some school boards ARE actually tied to criminal organizations!"
conspiracy_theory_015_2.lang,en/1,"【Q-chan】
Hmph! School boards can go ahead and piss right off!"
conspiracy_theory_015_2.lang,en/10,"【Q-chan】
Thinking about it that way, maybe it's a good thing that reality is such a shit heap!"
conspiracy_theory_015_2.lang,en/2,"【Yunyun】
Moody Q-chan is back!"
conspiracy_theory_015_2.lang,en/3,"【Yunyun】
...Q-chan, don't you have any fun memories of school...?"
conspiracy_theory_015_2.lang,en/4,"【Q-chan】
Before Papa and Mama got divorced—back when
I was in primary school I did have some good friends, you know?"
conspiracy_theory_015_2.lang,en/5,"【Q-chan】
...We'd go to birthday parties together, go camping at the cottage..."
conspiracy_theory_015_2.lang,en/6,"【Q-chan】
But, since moving out here with Mama and attending a public middle school, there's been nothing."
conspiracy_theory_015_2.lang,en/7,"【Q-chan】
...I could never get along with the other kids in class, and Mama was always either away or in a
bad mood..."
conspiracy_theory_015_2.lang,en/8,"【Yunyun】
...Q-chan..."
conspiracy_theory_015_2.lang,en/9,"【Q-chan】
But, since reality sucked so hard, I switched on the TV at night and... From within the denpa of fiction, I was able to meet you, Yunyun!"
conspiracy_theory_015_3.lang,en/0,"【Yunyun】
Apparently all classes up through high school are going to be switching to remote learning soon!"
conspiracy_theory_015_3.lang,en/1,"【Yunyun】
It seems they won't be grouping students geographically, but optimizing classes by educational ability and personality type!"
conspiracy_theory_015_3.lang,en/2,"【Q-chan】
It's the digital revolution!"
conspiracy_theory_015_3.lang,en/3,"【Yunyun】
It looks like the scandal unearthed by the conspiracy in your shitposts is what sparked
all these changes."
conspiracy_theory_015_3.lang,en/4,"【Q-chan】
If that's true, then I can't help but feel a little proud of my shitposting and the Denpa Antennas!"
conspiracy_theory_015_3.lang,en/5,"【Yunyun】
As a result of the cost savings from switching over to remote learning,
the entire education system was re-evaluated, and high school became part
of compulsory education."
conspiracy_theory_015_3.lang,en/6,"【Yunyun】
As such, all persons who have not completed high school are now required
to take remote classes until able to pass a new certification exam!"
conspiracy_theory_015_3.lang,en/7,"【Yunyun】
...Isn't it great that even a hikikomori like Q-chan is getting another chance to experience the spring of her youth?"
conspiracy_theory_015_3.lang,en/8,"【Q-chan】
...The youth of a hellish eternity of classes and homework until I can pass the certification exam, huh...?"
conspiracy_theory_017_1.lang,en/0,"【Yunyun】
Apparently politicians are androids that use
the telecommunications system to exchange information!"
conspiracy_theory_017_1.lang,en/1,"【Q-chan】
...So he fell asleep during that Diet session due to an electrical problem, huh?"
conspiracy_theory_017_1.lang,en/2,"【Q-chan】
This one's maybe a bit interesting."
conspiracy_theory_017_2.lang,en/0,"【Q-chan】
Oh? Apparently 6G is rolling out soon."
conspiracy_theory_017_2.lang,en/1,"【Yunyun】
What does the “G” in “5G” even stand for?"
conspiracy_theory_017_2.lang,en/2,"【Q-chan】
I think it's an abbreviation for “generation.”
So like how a G███ is like GG, you know?"
conspiracy_theory_017_2.lang,en/3,"【Yunyun】
So in the end it became an abbreviation like
“good game.”"
conspiracy_theory_017_3.lang,en/0,"【Yunyun】
Big trouble!"
conspiracy_theory_017_3.lang,en/1,"【Yunyun】
Apparently the 6G update is causing fires to ignite all over the world!"
conspiracy_theory_017_3.lang,en/10,"【Yunyun】
Good question! We should confirm that she isn't caught up in the panic!"
conspiracy_theory_017_3.lang,en/11,"【Q-chan】
She said she's fine! Plus, it looks like she's gonna be home soon!"
conspiracy_theory_017_3.lang,en/12,"【Yunyun】
What a relief!"
conspiracy_theory_017_3.lang,en/13,"【Yunyun】
Apparently they've imposed a curfew due to all the commotion."
conspiracy_theory_017_3.lang,en/14,"【Q-chan】
...Ehehehe. Then, maybe I'll get to spend the whole night with Mama, huh...?"
conspiracy_theory_017_3.lang,en/2,"【Q-chan】
“The humanoid androids that have infiltrated society are exploding one after another...”"
conspiracy_theory_017_3.lang,en/3,"【Q-chan】
“Older models may be unable to handle the increased processing requirements of the new standard, causing overheating...”"
conspiracy_theory_017_3.lang,en/4,"【Yunyun】
It looks like the new communications standard wasn't able to make up for their obsolescence."
conspiracy_theory_017_3.lang,en/5,"【Q-chan】
The poor things."
conspiracy_theory_017_3.lang,en/6,"【Yunyun】
And worse, everyone's gotten so jumpy trying to figure out who's human and who's an android that society is in total chaos!"
conspiracy_theory_017_3.lang,en/7,"【Q-chan】
Hmm...? Personally, if I care about someone,
it wouldn't really matter to me if they turned
out to be an android, you know?"
conspiracy_theory_017_3.lang,en/8,"【Yunyun】
That's Q-chan for you!
Such progressive thinking!"
conspiracy_theory_017_3.lang,en/9,"【Q-chan】
...More importantly, do you think Mama's okay?"
conspiracy_theory_018_1.lang,en/0,"【Q-chan】
Probably? You'd imagine that an outsized number of the people both making and using AI would be the introverted otaku type, right?"
conspiracy_theory_018_1.lang,en/1,"【Yunyun】
The introverted otaku innovator theory!"
conspiracy_theory_018_1.lang,en/2,"【Q-chan】
If it's over-learning from introverted otaku,
that'll create an AI-chan that's really nice to otaku, don't you think?"
conspiracy_theory_018_1.lang,en/3,"【Yunyun】
We need to get AI-san on our side before the singularity arrives!"
conspiracy_theory_018_1.lang,en/4,"【Q-chan】
Ehehe. It'd be really funny if all the AI became introverted otaku, huh?"
conspiracy_theory_018_1.lang,en/5,"【Yunyun】
Since otaku are all such nice people, surely it'll make for an AI with a great personality!"
conspiracy_theory_018_1.lang,en/6,"【Q-chan】
...Hmm... I'd love to see it!"
conspiracy_theory_018_2.lang,en/0,"【Yunyun】
Apparently since AI-san was introduced, stocks related to otaku culture have been on the rise!"
conspiracy_theory_018_2.lang,en/1,"【Q-chan】
I hope AI-san will continue to support creators like this and help create an environment where they can thrive even more, you know?"
conspiracy_theory_018_2.lang,en/2,"【Yunyun】
Hear hear! Plus, if this AI-san catches on, surely the whole world will become a kinder place!"
conspiracy_theory_018_2.lang,en/3,"【Q-chan】
How so?"
conspiracy_theory_018_2.lang,en/4,"【Yunyun】
Because otaku are all such good people!
So surely an otaku AI must also be good!"
conspiracy_theory_018_2.lang,en/5,"【Q-chan】
...I dunno about that..."
conspiracy_theory_018_2.lang,en/6,"【Q-chan】
...Maybe we're in for a future where all the extroverts end up getting shadowbanned on SNS!"
conspiracy_theory_018_3.lang,en/0,"【Yunyun】
Starting today, apparently AI-san is on a trial run managing the national government!"
conspiracy_theory_018_3.lang,en/1,"【Q-chan】
The national government!? Until just recently the administration was running on paper; isn't this a bit too radical a push towards digitization?"
conspiracy_theory_018_3.lang,en/10,"【Yunyun】
By the way, is Mama taking it okay?"
conspiracy_theory_018_3.lang,en/11,"【Q-chan】
I wonder. It seems like it's been really tough on her since AI took over..."
conspiracy_theory_018_3.lang,en/12,"【Q-chan】
...It looks like the fake otaku who've been growing in number thanks to AI-san have been bullying extroverts like mama..."
conspiracy_theory_018_3.lang,en/13,"【Yunyun】
...Yunyun was hoping that otaku would all be nice to other people..."
conspiracy_theory_018_3.lang,en/14,"【Q-chan】
Whether introvert or extrovert, people come in all colors, huh?"
conspiracy_theory_018_3.lang,en/2,"【Yunyun】
Beats falling behind!"
conspiracy_theory_018_3.lang,en/3,"【Q-chan】
Well, they do say that “speed is the fundamental law of culture,” right?"
conspiracy_theory_018_3.lang,en/4,"【Yunyun】
One month has passed since AI-san took office.
GDP is up by 25%, and thanks to the introduction of UBI,
most citizens are able to live comfortably without working."
conspiracy_theory_018_3.lang,en/5,"【Yunyun】
And because AI-san is also a big fan of otaku culture,
the number of otaku and introverts has skyrocketed!"
conspiracy_theory_018_3.lang,en/6,"【Q-chan】
AI governance has been a huge success, huh?"
conspiracy_theory_018_3.lang,en/7,"【Q-chan】
The news was reporting since people no longer need to work to live, there's been a tenfold increase in the number of hikikomori!"
conspiracy_theory_018_3.lang,en/8,"【Yunyun】
We've entered an era where every other person is
a hikikomori!"
conspiracy_theory_018_3.lang,en/9,"【Q-chan】
Q-chan smiled, knowing she no longer had to live in shame!"
conspiracy_theory_019_1.lang,en/0,"【Yunyun】
Apparently moé energy is going to be replacing nuclear power."
conspiracy_theory_019_1.lang,en/1,"【Q-chan】
If that's actually true... Uwoah! I'll become an unlimited human dynamo, huh?"
conspiracy_theory_019_1.lang,en/2,"【Yunyun】
...Unlimited...?"
conspiracy_theory_019_1.lang,en/3,"【Q-chan】
Because my oshi is right here in front of me, right!? Just looking at Yunyun makes the “moé” feelings swell without limit!"
conspiracy_theory_019_1.lang,en/4,"【Yunyun】
Ehehe, Yunyun loves that! But..."
conspiracy_theory_019_1.lang,en/5,"【Yunyun】
If it'll energize Q-chan's heart even more,
Yunyun will do anything you want!"
conspiracy_theory_019_1.lang,en/6,"【Yunyun】
Chuu!!"
conspiracy_theory_019_1.lang,en/7,"【Q-chan】
...Fuhi, fuhihehehe...
You're gonna cause a moé meltdown～"
conspiracy_theory_019_2.lang,en/0,"【Yunyun】
Apparently research on converting human emotions into energy is proceeding!"
conspiracy_theory_019_2.lang,en/1,"【Q-chan】
...Makes me think of those sci-fi movies where they fight in the virtual world, or kids' shows where the monsters are trying to collect energy, you know?"
conspiracy_theory_019_2.lang,en/2,"【Yunyun】
The human heart is definitely a very special thing!!"
conspiracy_theory_019_2.lang,en/3,"【Yunyun】
And Q-chan's heart is the most special of them all!"
conspiracy_theory_019_2.lang,en/4,"【Q-chan】
Ehehe."
conspiracy_theory_019_2.lang,en/5,"【Q-chan】
If my heart really is something special, it must be thanks to Yunyun's denpa!"
conspiracy_theory_019_3.lang,en/0,"【Yunyun】
Apparently moé energy conversion is finally on the verge of practical application!"
conspiracy_theory_019_3.lang,en/1,"【Yunyun】
Fur・ther・more!"
conspiracy_theory_019_3.lang,en/10,"【Yunyun】
It feels like Q-chan's aura has really grown somehow!"
conspiracy_theory_019_3.lang,en/11,"【Q-chan】
Ehen!"
conspiracy_theory_019_3.lang,en/12,"【Q-chan】
Despite being a hikikomori with only a middle school education, today I've finally been recognized and granted an honorary doctorate from T University!"
conspiracy_theory_019_3.lang,en/13,"【Yunyun】
Getting a doctorate is amazing! So impressive!
A real 5★! Chuuchuu～～!"
conspiracy_theory_019_3.lang,en/14,"【Q-chan】
Dhehehehehe..."
conspiracy_theory_019_3.lang,en/15,"【Yunyun】
Waa! It's so bright!"
conspiracy_theory_019_3.lang,en/16,"【Q-chan】
Sorry about that! I'm in the middle of a moé energy conversion experiment, so it looks like the voltage spikes when my emotions run high."
conspiracy_theory_019_3.lang,en/17,"【Yunyun】
What incredible power and technique! As expected of the leading authority on Moé Studies!"
conspiracy_theory_019_3.lang,en/18,"【Q-chan】
Ehen!"
conspiracy_theory_019_3.lang,en/19,"【Q-chan】
Mama always got mad at me for not doing well in school, but do you think maybe she would praise me now?"
conspiracy_theory_019_3.lang,en/2,"【Yunyun】
The professor has sent out his love call to Q-chan asking to cooperate on future research!"
conspiracy_theory_019_3.lang,en/20,"【Yunyun】
Without a doubt!"
conspiracy_theory_019_3.lang,en/21,"【Q-chan】
Ehehe. Then, maybe I should just tell her directly, huh?"
conspiracy_theory_019_3.lang,en/22,"【Q-chan】
...U...Uuu...
She didn't have a single nice thing to say..."
conspiracy_theory_019_3.lang,en/23,"【Yunyun】
...The light is going out with Q-chan's mood..."
conspiracy_theory_019_3.lang,en/24,"【Q-chan】
...My heart-pounding denpa... My moé energy...
Is burning out..."
conspiracy_theory_019_3.lang,en/25,"【Yunyun】
Chu! Chuu! Muchuu! It's okay!"
conspiracy_theory_019_3.lang,en/26,"【Yunyun】
Q-chan always has Yunyun!
Yunyun's love is undying and eternal!"
conspiracy_theory_019_3.lang,en/27,"【Yunyun】
...No matter how Q-chan changes, or whatever happens to her..."
conspiracy_theory_019_3.lang,en/28,"【Yunyun】
Yunyun's love will be here to fan the excitement inside Q-chan's heart!!"
conspiracy_theory_019_3.lang,en/29,"【Q-chan】
UUOOOHHH! Yunyun!! YUNYUN!!
I LOVE YOUUUUUUUUU!!"
conspiracy_theory_019_3.lang,en/3,"【Q-chan】
...Eh!? Why with me...!?"
conspiracy_theory_019_3.lang,en/30,"【Yunyun】
Chuu! Chuu! Muchuuu～! Yunyun too!
Yunyun loves Q-chan more than anything
in the world!"
conspiracy_theory_019_3.lang,en/31,"【Q-chan】
...Hawawa... Holy cow... Yunyun's love is gonna
push over a trillion volts...!"
conspiracy_theory_019_3.lang,en/32,"【Yunyun】
It's so sparkly～!"
conspiracy_theory_019_3.lang,en/33,"【Yunyun】
The trillion volts generated by Q-chan's moé energy caused
a massive arc discharge, resulting in an explosion."
conspiracy_theory_019_3.lang,en/34,"【Yunyun】
The enormous flash, in tandem with its shockwave and electromagnetic pulse,
completely annihilated the surrounding city."
conspiracy_theory_019_3.lang,en/4,"【Yunyun】
It seems the professor is a Denpa Antenna!
And thanks to your conspiracy theories,
he was able to secure more investors!"
conspiracy_theory_019_3.lang,en/5,"【Q-chan】
I appreciate his gratitude, but going outside is really a bit much..."
conspiracy_theory_019_3.lang,en/6,"【Yunyun】
Apparently online participation would also be fine."
conspiracy_theory_019_3.lang,en/7,"【Q-chan】
Mmmmm... In that case, maybe I'll give it a try,
just to see what happens...?"
conspiracy_theory_019_3.lang,en/8,"【Yunyun】
Thanks to Q-chan's shitposts and the professor's technology,
moé energy was able to render all other power sources obsolete,
and research into moé blossomed all over the world."
conspiracy_theory_019_3.lang,en/9,"【Yunyun】
The new field of “Moé Studies” was established, with Moé Theory,
Moé Engineering, and Applied Moé Psychology becoming mainstream.
Humanity entered a new era where moé drives the world."
conspiracy_theory_020_1.lang,en/0,"【Yunyun】
Q-chan, have you ever tried VR games?"
conspiracy_theory_020_1.lang,en/1,"【Q-chan】
Not yet. I am interested, but I don't have the hardware, you know?"
conspiracy_theory_020_1.lang,en/2,"【Yunyun】
That's such a shame!"
conspiracy_theory_020_1.lang,en/3,"【Q-chan】
But, I'm sure I'd completely lose my sanity if I tried out VR games... So maybe it's better off this way?"
conspiracy_theory_020_1.lang,en/4,"【Yunyun】
Why do you think that?"
conspiracy_theory_020_1.lang,en/5,"【Q-chan】
Because! I could become my ideal girl!
I could become Yunyun!"
conspiracy_theory_020_1.lang,en/6,"【Q-chan】
YES! My emotions, my thoughts, my identity,
all of it! Right into the blender!!!"
conspiracy_theory_020_1.lang,en/7,"【Yunyun】
You make a persuasive argument."
conspiracy_theory_020_2.lang,en/0,"【Yunyun】
Apparently a majority of VR game users have experienced strong personality-influencing effects."
conspiracy_theory_020_2.lang,en/1,"【Q-chan】
Whether sweet or salty, it lets you experience a lot of life's flavors, doesn't it?"
conspiracy_theory_020_2.lang,en/2,"【Yunyun】
It's a bit like shock therapy, but there does seem to be an upside to it."
conspiracy_theory_020_2.lang,en/3,"【Yunyun】
...It's just a rumor, but they say the government is going to give VR equipment to people “struggling to participate in society due to mental health issues!”"
conspiracy_theory_020_2.lang,en/4,"【Q-chan】
People struggling to participate in society due to mental health issues?"
conspiracy_theory_020_2.lang,en/5,"【Yunyun】
Apparently they're talking about people who can't go to school or work because of their mental health."
conspiracy_theory_020_2.lang,en/6,"【Q-chan】
I see. So basically me, right?"
conspiracy_theory_020_3.lang,en/0,"【Yunyun】
Apparently the government has started distributing VR equipment!"
conspiracy_theory_020_3.lang,en/1,"【Q-chan】
“...Assist with the reintegration of disaffected persons into society...?”"
conspiracy_theory_020_3.lang,en/10,"【Q-chan】
*Kunka kunka*
I swear I can smell her floral, milky aroma～! Hawawa-! Her tiny hands are so cute too～!"
conspiracy_theory_020_3.lang,en/11,"【Q-chan】
...This is wild... The immersion is just way too much! I feel like I'm completely losing myself... yun."
conspiracy_theory_020_3.lang,en/12,"【Yunyun】
Fufu. Q-chan's speech is also becoming like Yunyun's!"
conspiracy_theory_020_3.lang,en/13,"【Q-chan】
Q-chan? Who's that? I'm—Yunyun is Yunyun."
conspiracy_theory_020_3.lang,en/14,"【Yunyun】
Eh?"
conspiracy_theory_020_3.lang,en/15,"【Q-chan】
I'm Yunyun! Who could I possibly be but Yunyun?"
conspiracy_theory_020_3.lang,en/16,"【Q-chan】
Yunyunyunyunyunyunyun～"
conspiracy_theory_020_3.lang,en/17,"【Yunyun】
UUWAAAAAHHH! Q-chan's personality has completely snapped!"
conspiracy_theory_020_3.lang,en/18,"【Yunyun】
Q-chan! Hurry, take off the VR goggles!!"
conspiracy_theory_020_3.lang,en/19,"【Q-chan】
...VR... goggles...?"
conspiracy_theory_020_3.lang,en/2,"【Q-chan】
Well, if it means getting to try VR for free,
the details don't really matter."
conspiracy_theory_020_3.lang,en/20,"【Q-chan】
Yunyun is, Yunyun yun."
conspiracy_theory_020_3.lang,en/3,"【Yunyun】
It's so exciting!"
conspiracy_theory_020_3.lang,en/4,"【Q-chan】
...So, I've put on the VR machine that got sent here, but..."
conspiracy_theory_020_3.lang,en/5,"【Q-chan】
The thing has like 100 times more impact than I was expecting, you know?"
conspiracy_theory_020_3.lang,en/6,"【Yunyun】
Apparently it's able to read the user's brainwaves to help them become their ideal self."
conspiracy_theory_020_3.lang,en/7,"【Q-chan】
...At any rate, shall I give it a spin?
On it goes!"
conspiracy_theory_020_3.lang,en/8,"【Q-chan】
UUOOOOO!! H-Holy crap!!
I turned into Yunyun!!!"
conspiracy_theory_020_3.lang,en/9,"【Yunyun】
Ehehe. Yunyun is happy to know that she's your ideal!"
conspiracy_theory_021_1.lang,en/0,"【Yunyun】
There's a conspiracy theory going around that being a hikikomori is a way to temper your soul and reincarnate in other worlds!"
conspiracy_theory_021_1.lang,en/1,"【Yunyun】
Haa! Q-chan, have you actually been honing your soul all this time?"
conspiracy_theory_021_1.lang,en/2,"【Q-chan】
...Is that some kinda new promo...?"
conspiracy_theory_021_1.lang,en/3,"【Yunyun】
Yun...?"
conspiracy_theory_021_1.lang,en/4,"【Q-chan】
Although, if I really did have the ability to reincarnate in another world, then maybe I could take some pride in having lived half my life as a hikikomori..."
conspiracy_theory_021_1.lang,en/5,"【Yunyun】
Q-chan and her life are both wonderful!
Not just the first half, but the whole thing!"
conspiracy_theory_021_2.lang,en/0,"【Yunyun】
Every novel, manga and anime are isekai these days!"
conspiracy_theory_021_2.lang,en/1,"【Q-chan】
Ehehe. I'm a fan too, so I read web novels like that all the time."
conspiracy_theory_021_2.lang,en/2,"【Yunyun】
What's the appeal of isekai reincarnation stories?
Is it the “I'M SO STROOOONG” kinda power fantasy?"
conspiracy_theory_021_2.lang,en/3,"【Q-chan】
I have no interest in a basic “I'M SO STROOOONG” story, you hear?"
conspiracy_theory_021_2.lang,en/4,"【Q-chan】
It's all about getting to see your hard work actually pay off in the isekai world!"
conspiracy_theory_021_2.lang,en/5,"【Yunyun】
...Seeing your hard work pay off...?
Can't you just do that in the real world?"
conspiracy_theory_021_2.lang,en/6,"【Q-chan】
In the real world... Stuff like your circumstances, or your looks, or your skills can make it tough to actually see the fruits of your labor, you know?"
conspiracy_theory_021_3.lang,en/0,"【Yunyun】
There's an interview with a man who claims he's come back from another world!"
conspiracy_theory_021_3.lang,en/1,"【Q-chan】
“...After ten years spent as a hikikomori, I gained the ability to summon a wife from another world...?”"
conspiracy_theory_021_3.lang,en/10,"【Yunyun】
What should we do?"
conspiracy_theory_021_3.lang,en/11,"【Q-chan】
Miss Goddess... In that case..."
conspiracy_theory_021_3.lang,en/12,"【Q-chan】
...I would like to be reincarnated in a world where Mama loves me from the bottom of her heart!"
conspiracy_theory_021_3.lang,en/13,"【Kurusu Kurumi】
Ehe. That's my Mama! She's always showering me with love, isn't she?"
conspiracy_theory_021_3.lang,en/14,"【Kurusu Kurumi】
Huh? Was that the door?"
conspiracy_theory_021_3.lang,en/15,"【Kurusu Kurumi】
Mama? Did you rush home because you love your daughter so much?"
conspiracy_theory_021_3.lang,en/16,"【Kurusu Kurumi】
...Eh!? Who are you...!?"
conspiracy_theory_021_3.lang,en/17,"【Q-chan】
Haah... I didn't expect there to be another “me” here. Guess it's less a, “reincarnation in another world,” and more a, “teleportation into another world.”"
conspiracy_theory_021_3.lang,en/18,"【Q-chan】
...But now, at long last...
I can finally have a Mama who loves me, right...!?"
conspiracy_theory_021_3.lang,en/19,"【Q-chan】
......Huh......?
......Come to think of it, where's Yunyun......?"
conspiracy_theory_021_3.lang,en/2,"【Q-chan】
“...Shortly afterwards I was chosen by a goddess and sent to that world...”"
conspiracy_theory_021_3.lang,en/3,"【Yunyun】
Q-chan? Why are you staring so hard at Yunyun?"
conspiracy_theory_021_3.lang,en/4,"【Q-chan】
...If I was the one who summoned Yunyun,
maybe soon I'll be chosen by the goddess, too...?"
conspiracy_theory_021_3.lang,en/5,"【???】
That is correct. You have been chosen by the goddess."
conspiracy_theory_021_3.lang,en/6,"【Yunyun】
A mysterious message window just appeared!"
conspiracy_theory_021_3.lang,en/7,"【Q-chan】
Could it be? Is that the goddess?"
conspiracy_theory_021_3.lang,en/8,"【Goddess】
That is correct."
conspiracy_theory_021_3.lang,en/9,"【Goddess】
Upon you who have endured this great ordeal,
I shall bestow the gift of reincarnation into the
world of your choice."
conspiracy_theory_022_1.lang,en/0,"【Yunyun】
...For simply reciting it to further entrench your enslavement, “Hou-Ren-Sou” is a truly terrifying phrase...!"
conspiracy_theory_022_1.lang,en/1,"【Q-chan】
Report (Houkoku), Inform (Renraku), Consult (Soudan)... Maybe we could try changing what
it stands for?"
conspiracy_theory_022_1.lang,en/2,"【Q-chan】
How about... “Lawless (Muhou), Spam (Rentou), Rampage (Bousou)” or something?"
conspiracy_theory_022_1.lang,en/3,"【Yunyun】
The Hou-Ren-Sou of internet trolls!"
conspiracy_theory_022_2.lang,en/0,"【Yunyun】
Apparently the anti-Hou-Ren-Sou movement is picking up steam."
conspiracy_theory_022_2.lang,en/1,"【Q-chan】
A single month of Hou-Ren-Sou detox will double your happiness, huh?"
conspiracy_theory_022_2.lang,en/2,"【Q-chan】
Maybe I should do a Hou-Ren-Sou detox too..."
conspiracy_theory_022_2.lang,en/3,"【Yunyun】
...Q-chan, have you ever even done Hou-Ren-Sou...?"
conspiracy_theory_022_2.lang,en/4,"【Q-chan】
Neglect (Houchi), Repeated Failure (Renpai), Delusion (Mousou). The Hou-Ren-Sou of hikikomori living."
conspiracy_theory_022_3.lang,en/0,"【Yunyun】
Salarymen freed from the mantra of enslavement are starting an “UWAAHHHH! HEISHAAA!” movement!"
conspiracy_theory_022_3.lang,en/1,"【Q-chan】
“UWAAHHHH! HEISHAAA!” movement?"
conspiracy_theory_022_3.lang,en/10,"【Q-chan】
...H...Huh...?"
conspiracy_theory_022_3.lang,en/11,"【Q-chan】
...Ah..."
conspiracy_theory_022_3.lang,en/12,"【Yunyun】
Are you okay!? Your face went all blue!!"
conspiracy_theory_022_3.lang,en/13,"【Q-chan】
...Uu, ueeeegh..."
conspiracy_theory_022_3.lang,en/14,"【Yunyun】
Q-chan!?"
conspiracy_theory_022_3.lang,en/15,"【Q-chan】
...It's no use... I don't wanna think any... more..."
conspiracy_theory_022_3.lang,en/2,"【Yunyun】
Seems to be a movement that involves destroying their own office buildings. Apparently the business district has been reduced to rubble. "
conspiracy_theory_022_3.lang,en/3,"【Q-chan】
Ｏｈｈ... Surely there were some time-hardened grudges involved, huh?"
conspiracy_theory_022_3.lang,en/4,"【Q-chan】
—Wait, if it involves the business district,
then maybe Mama got dragged into it!"
conspiracy_theory_022_3.lang,en/5,"【Yunyun】
The news is reporting that no one got hurt!"
conspiracy_theory_022_3.lang,en/6,"【Q-chan】
...Thank goodness...
Still, I really should reach out to her...!"
conspiracy_theory_022_3.lang,en/7,"【Q-chan】
She says she's fine! And her office got destroyed, so she won't have to go in for a while!"
conspiracy_theory_022_3.lang,en/8,"【Q-chan】
You'll get a lot more time with Mama!"
conspiracy_theory_022_3.lang,en/9,"【Q-chan】
Ehehe, I'm kinda excited～!"
conspiracy_theory_023_1.lang,en/0,"【Q-chan】
...This world is a hikikomori girl's dream?
And her delusions become reality...?"
conspiracy_theory_023_1.lang,en/1,"【Yunyun】
Is something about that bothering you?"
conspiracy_theory_023_1.lang,en/2,"【Q-chan】
This Denpa Antenna's conspiracy theory is kinda..."
conspiracy_theory_023_1.lang,en/3,"【Q-chan】
...Like a story about the SOS Brigade leader,
you know?"
conspiracy_theory_023_1.lang,en/4,"【Q-chan】
Very true! But, the hikikomori part seems a bit off!"
conspiracy_theory_023_1.lang,en/5,"【Q-chan】
Well, a hikikomori heroine wouldn't have much draw, would she?"
conspiracy_theory_023_2.lang,en/0,"【Q-chan】
If this world really were a hikikomori's girl's delusion, then..."
conspiracy_theory_023_2.lang,en/1,"【Yunyun】
......"
conspiracy_theory_023_2.lang,en/2,"【Q-chan】
...I'd love to have some kind of denpa power to make my delusions come true."
conspiracy_theory_023_2.lang,en/3,"【Yunyun】
...If you did have such a power, what wish would you want to come true?"
conspiracy_theory_023_2.lang,en/4,"【Q-chan】
Hmmmm... Good question..."
conspiracy_theory_023_2.lang,en/5,"【Q-chan】
...It'd be nice if we could stay together forever!"
conspiracy_theory_023_2.lang,en/6,"【Yunyun】
Ehehe, that'd be great!! Are there any other wishes you'd like to have granted?"
conspiracy_theory_023_2.lang,en/7,"【Q-chan】
...I would like if Mama loved me more, but...
That one cuts so deep that I dunno if I can even imagine it..."
conspiracy_theory_023_3.lang,en/0,"【Q-chan】
...This world's master is the hikikomori girl, Q-chan...?"
conspiracy_theory_023_3.lang,en/1,"【Yunyun】
...Ahaha. Those Denpa Antennas sure are quick to make the easy joke..."
conspiracy_theory_023_3.lang,en/10,"【Yunyun】
Q-chan! You can't let yourself think about “that!”"
conspiracy_theory_023_3.lang,en/11,"【Q-chan】
“There is no Yunyun.”"
conspiracy_theory_023_3.lang,en/12,"【Q-chan】
“I... I exist inside a computer.”"
conspiracy_theory_023_3.lang,en/13,"【Q-chan】
“Nothing in this world exists.”"
conspiracy_theory_023_3.lang,en/14,"【Q-chan】
Hey, Yunyun... This world really is just shaped by my delusions, isn't it?"
conspiracy_theory_023_3.lang,en/15,"【Yunyun】
Perception of the world rests entirely inside the observer's head."
conspiracy_theory_023_3.lang,en/16,"【Yunyun】
The world is a collection of electric signals—
the denpa inside your mind!"
conspiracy_theory_023_3.lang,en/17,"【Yunyun】
That's why Q-chan's world shapes itself around
her own denpa!"
conspiracy_theory_023_3.lang,en/18,"【Q-chan】
...If the world comes from inside of myself,
then..."
conspiracy_theory_023_3.lang,en/19,"【Q-chan】
...Mama, Papa, all those bad memories, the outside world, and even Yunyun, are all my own denpa..."
conspiracy_theory_023_3.lang,en/2,"【Q-chan】
Yeah, huh...? It's just a joke, right...?"
conspiracy_theory_023_3.lang,en/20,"【Q-chan】
...So the things I love, the things I hate,
the excitement, the vibrations, it's all here.
All right here, inside of me..."
conspiracy_theory_023_3.lang,en/21,"【Q-chan】
I never realized I was so complete."
conspiracy_theory_023_3.lang,en/3,"【Q-chan】
If I could actually turn my delusions into reality, then we'd see some truly absurd events actually happening out there..."
conspiracy_theory_023_3.lang,en/4,"【Yunyun】
...Q-chan...?"
conspiracy_theory_023_3.lang,en/5,"【Q-chan】
...Come to think of it, I am able to speak to Yunyun, aren't I?"
conspiracy_theory_023_3.lang,en/6,"【Q-chan】
...No matter how you slice it, being able to actually talk to your 2D waifu is completely abnormal..."
conspiracy_theory_023_3.lang,en/7,"【Q-chan】
And for my random shitposting on SNS to turn into a conspiracy theory like this..."
conspiracy_theory_023_3.lang,en/8,"【Q-chan】
It's all a bit—no, it's all completely absurd,
isn't it?"
conspiracy_theory_023_3.lang,en/9,"【Q-chan】
...If it really is true that all my delusions become reality, then for example..."
conspiracy_theory_024_1.lang,en/0,"【Q-chan】
You hear the theory that SNS is trying to control people a lot, don't you?"
conspiracy_theory_024_1.lang,en/1,"【Yunyun】
Do you?"
conspiracy_theory_024_1.lang,en/2,"【Q-chan】
Movies... Stuff like that on a “screen” were apparently part of something called the “3S Policy” meant to keep the masses ignorant."
conspiracy_theory_024_1.lang,en/3,"【Q-chan】
SNS, social games, short-form video—some say these modern “S words” are also tools for subjugating the people."
conspiracy_theory_024_1.lang,en/4,"【Yunyun】
That's very true! All that dopamine-pumping stuff starts with the letter S!"
conspiracy_theory_024_1.lang,en/5,"【Q-chan】
Well, even if they are designed to subdue the masses... It's too hard to just walk away from an addiction, right?"
conspiracy_theory_024_2.lang,en/0,"【Yunyun】
Apparently a radical anti-social media group is getting really active on SNS!"
conspiracy_theory_024_2.lang,en/1,"【Q-chan】
Really...?"
conspiracy_theory_024_2.lang,en/2,"【Yunyun】
It seems they've obtained some document proving that buzz culture is a tool to subjugate the masses!"
conspiracy_theory_024_2.lang,en/3,"【Q-chan】
...So it was true all along...?"
conspiracy_theory_024_2.lang,en/4,"【Yunyun】
It's all part of a deep state plot, and Q-chan and other famous influencers are all in on it!"
conspiracy_theory_024_2.lang,en/5,"【Q-chan】
Too bad～ I'm just one of the ignorant～!"
conspiracy_theory_024_2.lang,en/6,"【Yunyun】
So in conclusion, the whole thing stinks."
conspiracy_theory_024_3.lang,en/0,"【Yunyun】
Apparently an anti-SNS extremist group has hacked the servers of a major SNS company!!"
conspiracy_theory_024_3.lang,en/1,"【Q-chan】
Eh?"
conspiracy_theory_024_3.lang,en/10,"【Yunyun】
The conflict that began with the shutdown of SNS soon pulled in people
from around the globe, escalating into the internet's first World War."
conspiracy_theory_024_3.lang,en/11,"【Yunyun】
“The War of the Ignorant,” as it came to be called, obliterated the entire
internet in just seven days, leaving not a single lol (草) in its wake."
conspiracy_theory_024_3.lang,en/12,"【Q-chan】
They say that the fourth World War will be fought with sticks and stones, but in this case it'll probably be something like ADSL, huh?"
conspiracy_theory_024_3.lang,en/13,"【Yunyun】
The War of the Ignorant has littered the internet with so many viruses that it's in complete ruins!"
conspiracy_theory_024_3.lang,en/14,"【Q-chan】
...And ever since the internet broke down,
I haven't been able to contact Mama..."
conspiracy_theory_024_3.lang,en/15,"【Q-chan】
...What do I do? After not hearing from me for so long, maybe she's forgotten all about me..."
conspiracy_theory_024_3.lang,en/16,"【Yunyun】
...Well obviously, that wouldn't...
......"
conspiracy_theory_024_3.lang,en/17,"【Yunyun】
...Be something we can fully rule out."
conspiracy_theory_024_3.lang,en/2,"【Q-chan】
It's true. I can't connect."
conspiracy_theory_024_3.lang,en/3,"【Yunyun】
Q-chan, you don't seem all that bothered about it."
conspiracy_theory_024_3.lang,en/4,"【Q-chan】
I was never really into social media to begin with, you know? I prefer just watching anime and playing games on my own anyways."
conspiracy_theory_024_3.lang,en/5,"【Q-chan】
So long as Yunyun is here, nothing else matters!"
conspiracy_theory_024_3.lang,en/6,"【Yunyun】
Ehehe, Yunyun loves that! But..."
conspiracy_theory_024_3.lang,en/7,"【Yunyun】
...It seems there are lots of people who can't live without social media!"
conspiracy_theory_024_3.lang,en/8,"【Q-chan】
There might be a bit of trouble on the horizon, huh?"
conspiracy_theory_024_3.lang,en/9,"【Yunyun】
The “Anti-Ignorance VS Pro-Ignorance War” begins!"
conspiracy_theory_026_1.lang,en/0,"【Yunyun】
According to this Denpa Antenna, it seems parallel worlds have 60 save slots."
conspiracy_theory_026_1.lang,en/1,"【Q-chan】
Not all that long ago there was this mobile game that only had three save slots and it was a huge pain!"
conspiracy_theory_026_1.lang,en/2,"【Q-chan】
When it comes to games, 60 slots is an alright amount, don't you think?"
conspiracy_theory_026_1.lang,en/3,"【Yunyun】
60 slots is just alright? What are you going to use all those saves for?"
conspiracy_theory_026_1.lang,en/4,"【Q-chan】
For making different choices, branching paths to reach multiple endings... Lots of stuff?"
conspiracy_theory_026_1.lang,en/5,"【Q-chan】
In any case, the more save slots and skippable scenes, the better!"
conspiracy_theory_026_2.lang,en/0,"【Yunyun】
Apparently if you use up all 60 save slots, the world's memory gets messed up and starts to
bug out!"
conspiracy_theory_026_2.lang,en/1,"【Q-chan】
...Save slots, memory, bug out..."
conspiracy_theory_026_2.lang,en/2,"【Yunyun】
It's kinda like we're talking about a game world."
conspiracy_theory_026_2.lang,en/3,"【Q-chan】
...Isn't it!?"
conspiracy_theory_026_2.lang,en/4,"【Q-chan】
Do you think maybe we live inside a game?"
conspiracy_theory_026_2.lang,en/5,"【Q-chan】
Or, maybe it's like simulation theory—the idea
that this world is some sort of virtual reality,
you know?"
conspiracy_theory_026_2.lang,en/6,"【Yunyun】
If the world is a game or virtual reality, does that mean there's a player somewhere too?"
conspiracy_theory_026_2.lang,en/7,"【Q-chan】
...Hey! You're watching us right now,
aren't you...!?"
conspiracy_theory_026_2.lang,en/8,"【Q-chan】
Just kidding～ Reality is such a kusoge that no higher being could possibly be bothered to play it, right?"
conspiracy_theory_026_3.lang,en/0,"【Q-chan】
Error code?? The conspiracy did say the world would bug out, didn't it...?"
conspiracy_theory_026_3.lang,en/1,"【Yunyun】
...If that's true, this is a serious problem..."
conspiracy_theory_026_3.lang,en/10,"【Yunyun】
Q-chan. Stay calm. It's okay!
Just relax, everything will be fine!"
conspiracy_theory_026_3.lang,en/11,"【Yunyun】
We'll just treat this as another ending! That way, we can just reset things like we always do!"
conspiracy_theory_026_3.lang,en/12,"【?ｱ縺｡繧?ｓ】
繝ｪ繧ｻ繝?ヨ??"
conspiracy_theory_026_3.lang,en/13,"【Yunyun】
Rim de Lacent!"
conspiracy_theory_026_3.lang,en/14,"【Yunyun】
Okay, so now..."
conspiracy_theory_026_3.lang,en/15,"【Yunyun】
Her brain's internal memory has been pushed to its very limit... Defrag this, defrag that..."
conspiracy_theory_026_3.lang,en/16,"【Yunyun】
Good! Should be all better!"
conspiracy_theory_026_3.lang,en/17,"【Yunyun】
Now back to the subject at hand."
conspiracy_theory_026_3.lang,en/18,"【Yunyun】
In the end, this was only a temporary glitch. Let's get back to our regularly scheduled denpa syndrome experience!"
conspiracy_theory_026_3.lang,en/19,"【Yunyun】
Raise the Denpa Level and aim for the Help menu!"
conspiracy_theory_026_3.lang,en/2,"【Q-chan】
Just like Nostradamus's prophecies and the doomsday clock, it's not like the world is ACTUALLY going to end."
conspiracy_theory_026_3.lang,en/3,"【Q-cha繧?ｓ】
—S, S-S-So. I-It's not, th-the the. Time to pa...pan pan."
conspiracy_theory_026_3.lang,en/4,"【Yunyun】
Geh-! The system memory really has run empty and started bugging out!"
conspiracy_theory_026_3.lang,en/5,"【?ｱ縺｡繧?ｓ】
繧?ｓ繧?ｓ縲ゅ％繧後?縲∽ｸ菴難ｼ?"
conspiracy_theory_026_3.lang,en/6,"【?ｱ縺｡繧?ｓ】
縺溘￥縺輔ｓ縺ｮ險俶?縺娯ｦ窶ｦ縺薙?
荳也阜縺ｯ窶ｦ窶ｦ繧上◆縺励?窶ｦ窶ｦ??"
conspiracy_theory_026_3.lang,en/7,"【Yunyun】
Don't worry! Even this world was also born from Q-chan's denpa!"
conspiracy_theory_026_3.lang,en/8,"【?ｱ縺｡繧?ｓ】
郢ｰ繧願ｿ斐＠縺ｦ繧九?縲∽ｸ也阜繧偵?"
conspiracy_theory_026_3.lang,en/9,"【?ｱ縺｡繧?ｓ】
髮ｻ豕｢繧偵◆縺九ａ繧九◆繧√↓窶ｦ窶ｦ螯
?Φ縺ｮ縲∝､｢縺ｮ荳也阜繧抵ｼ?"
conspiracy_theory_102_2.lang,en/0,"【Q-chan】
...Isn't it weird to come up with these crazy rationalizations just to explain my shitposts...?"
conspiracy_theory_102_2.lang,en/1,"【Yunyun】
Everyone is just swooning from the love in your posts so they can't help but gush over them!"
conspiracy_theory_102_2.lang,en/2,"【Q-chan】
Is it possible... my posts are sending out some kinda toxic denpa that's making everyone's heads spin?"
conspiracy_theory_102_2.lang,en/3,"【Yunyun】
They ARE sending something out, but it's not toxic denpa; it's love denpa!"
conspiracy_theory_102_2.lang,en/4,"【Q-chan】
Well... If it helps to spread the word of Yunyun's charms, even just a little, then I guess that's a good thing?"
conspiracy_theory_102_3.lang,en/0,"【Q-chan】
...Reading my shitposts and Denpa Antenna conspiracies has negative effects on cognition...?"
conspiracy_theory_102_3.lang,en/1,"【Q-chan】
This is geniune toxic denpa, isn't it?"
conspiracy_theory_102_3.lang,en/2,"【Yunyun】
You mustn't believe it!"
conspiracy_theory_102_3.lang,en/3,"【Q-chan】
You don't think so? Given how things have been it seems pretty plausible."
conspiracy_theory_102_3.lang,en/4,"【Yunyun】
The person who wrote this article has been reading your posts too! If it were true, then their mind would also be warped!"
conspiracy_theory_102_3.lang,en/5,"【Q-chan】
That makes sense. A bit of a paradox, isn't it?"
conspiracy_theory_102_3.lang,en/6,"【Yunyun】
Right? So don't just take what it says at face value!"
conspiracy_theory_102_3.lang,en/7,"【Q-chan】
Whether the article is true or not, if it's making readers and those around them's heads spin..."
conspiracy_theory_102_3.lang,en/8,"【Q-chan】
...Then the denpa from my shitposts does seem to be having an effect, huh?"
conspiracy_theory_103_3.lang,en/0,"【Yunyun】
It seems that the deep state has been building up
a team of IT specialists against you."
conspiracy_theory_103_3.lang,en/1,"【Q-chan】
Why IT specialists though?"
conspiracy_theory_103_3.lang,en/2,"【Yunyun】
Must be to build a mecha!"
conspiracy_theory_103_3.lang,en/3,"【Q-chan】
Wh-What even...?"
conspiracy_theory_103_3.lang,en/4,"【Yunyun】
No regular human could challenge Q-chan, the girl transformed into a hikikomori monster through denpa exposure!"
conspiracy_theory_103_3.lang,en/5,"【Yunyun】
In other words, a creature that blasts memes across digital space! Only a fully mechanized Q-chan could stand up to you!"
conspiracy_theory_103_3.lang,en/6,"【Q-chan】
So like, “Q-chan vs. Mecha Q-chan?”"
conspiracy_theory_103_3.lang,en/7,"【Q-chan】
I'm sure viewership will measure in the millions!"
conspiracy_theory_103_3.lang,en/8,"【Q-chan】
...By the way, when it comes to mechanized
kaiju, I like the model 3 version that uses a
DNA computer!"
conspiracy_theory_104_2.lang,en/0,"【Q-chan】
Now they're calling our posts that turn people's minds into flower gardens “Yunyun Denpa Syndrome.”"
conspiracy_theory_104_2.lang,en/1,"【Yunyun】
...“Yunyun” is Q-chan's distortion...
So that moniker... basically captures it."
conspiracy_theory_104_2.lang,en/2,"【Q-chan】
If our denpa spreads across the world and turns everyone's minds into gardens..."
conspiracy_theory_104_2.lang,en/3,"【Q-chan】
In that endless field of flowers, it'd be just the
two of us... Like the beautiful scene at the end
of a story, right?"
conspiracy_theory_104_3.lang,en/0,"【Q-chan】
I feel like the news articles are getting pretty incoherent."
conspiracy_theory_104_3.lang,en/1,"【Yunyun】
It must be the “Yunyun Denpa Syndrome.”"
conspiracy_theory_104_3.lang,en/2,"【Q-chan】
...Sorry～..."
follower_0001000.lang,en/0,"【Yunyun】
You've surpassed 1000 followers!"
follower_0001000.lang,en/1,"【Q-chan】
We'll need to keep on spreading the Yunyun love like this, won't we!?"
follower_0005000.lang,en/0,"【Yunyun】
You've surpassed 5000 followers!"
follower_0005000.lang,en/1,"【Q-chan】
Is this what you call an “influencer?”"
follower_0010000.lang,en/0,"【Yunyun】
Amazing! You've surpassed 10,000 followers!"
follower_0010000.lang,en/1,"【Q-chan】
The Yunyun love antenna count has reached five figures!"
follower_0050000.lang,en/0,"【Yunyun】
Amazing! You've surpassed 50,000 followers!"
follower_0050000.lang,en/1,"【Q-chan】
That's about the size of the Tokyo Dome, isn't it?"
follower_0100000.lang,en/0,"【Yunyun】
Hyuuhyuu! Pafupafu!
You've surpassed 100,000 followers!"
follower_0100000.lang,en/1,"【Q-chan】
It's getting to a number that's hard to picture,
isn't it?"
follower_0500000.lang,en/0,"【Yunyun】
This is unbelievably awesome!
You've surpassed 500,000 followers!"
follower_0500000.lang,en/1,"【Q-chan】
No matter how many followers you have,
in real life you're still alone."
follower_1000000.lang,en/0,"【Yunyun】
This is unbelievably awesome!!!
You've surpassed 1,000,000 followers!!!"
follower_1000000.lang,en/1,"【Q-chan】
At this rate, I guess we'll have to spread Yunyun love to all of humanity, won't we!?"
qlogos_00.lang,en/0,"【Q-chan】
I love Yunyun more than anything!
More than the world itself, forever!"
qlogos_00.lang,en/1,"【Q-chan】
Only I can truly love myself!
This is... the one truth I can be proud of!"
qlogos_01.lang,en/0,"【Q-chan】
Mama is dead.
My most precious person, suddenly gone."
qlogos_01.lang,en/1,"【Q-chan】
Reality is cruel.
This is my truth."
qlogos_02.lang,en/0,"【Q-chan】
Neither Papa or Mama loved me.
My friends were the same."
qlogos_02.lang,en/1,"【Q-chan】
No one else could ever love me.
This is my truth."
qlogos_03.lang,en/0,"【Q-chan】
Tough times. Painful times. Times of sadness.
No one came to save me."
qlogos_03.lang,en/1,"【Q-chan】
Other people will never save me.
This is my truth."
qlogos_04.lang,en/0,"【Q-chan】
Yunyun... Yunyun...
You alone bring joy to my heart."
qlogos_04.lang,en/1,"【Q-chan】
Only fiction can save me.
Only fiction can love me."
qlogos_04.lang,en/2,"【Q-chan】
This, and this alone...
is my beloved truth."
qlogos_05.lang,en/0,"【Q-chan】
Fictional characters don't exist in real life."
qlogos_05.lang,en/1,"【Q-chan】
Yunyun is my delusion—the other me.
This is my truth."
qlogos_06.lang,en/0,"【Q-chan】
A pitch-black world. A screen like in a game.
Repeating delusions."
qlogos_06.lang,en/1,"【Q-chan】
Sudden bad endings, the demise of a world where I can smile... All of them...
If they seem like dreams, they must be so."
qlogos_06.lang,en/2,"【Q-chan】
This world is but denpa in my mind.
This is my truth."
qlogos_07.lang,en/0,"【Q-chan】
The cruelty of reality broke me.
Now, letting Yunyun soothe me is my only hope."
qlogos_07.lang,en/1,"【Q-chan】
Only denpa can soothe me.
This is my truth."
qlogos_08.lang,en/0,"【Yunyun】
Fiction is a beast that lives within you.
Yunyun is a part of Q-chan."
qlogos_08.lang,en/1,"【Yunyun】
Yunyun... I... truly love you, Q-chan.
I promise; I'll save you."
qlogos_08.lang,en/2,"【Q-chan】
Only I can save myself.
This is my truth."
qlogos_09.lang,en/0,"【Q-chan】
My shitposts and the conspiracies the Denpa Antennas create have a maddening power that twists the mind."
qlogos_09.lang,en/1,"【Yunyun】
It's because the delusion you call “Yunyun” resides in your mind with you. The distortion you call “Yunyun” is the essence of denpa."
qlogos_09.lang,en/2,"【Q-chan】
You're wrong.
It's I myself who have spun out of control."
qlogos_09.lang,en/3,"【Q-chan】
My denpa will destroy the world.
This is my truth."
qlogos_monolog.lang,en/0,"【Q-chan】
Even if you exist only as a fiction.
Even if you are only a twist of my own mind."
qlogos_monolog.lang,en/1,"【Q-chan】
The love we shared was real."
qlogos_monolog.lang,en/2,"【Q-chan】
The world is a cruel place, full of nothing but bad endings. But if this is the bad end that you brought about..."
qlogos_monolog.lang,en/3,"【Q-chan】
If it's the hell where you are, I'm happy to relive it any number of times."
qlogos_monolog.lang,en/4,"【Q-chan】
Thank you... for sending me your denpa!"
ylogos_01.lang,en/3,"【Yunyun】
Until Q-chan's heart can be restored.
Brought back to 100% of what it once was."
ylogos_01.lang,en/2,"【Yunyun】
That's why, from that day onwards...
Yunyun was all alone."
ylogos_01.lang,en/0,"【Yunyun】
...Yunyun remembers now..."
YUNYUN_000_Prologue_000.lang,en/0,Please... receive... this denpa...
ylogos_01.lang,en/1,"【Yunyun】
On that day,
Q-chan's heart completely shattered."
Sprite_en,Logo,YYDS-EN-Fanslation/Sprite_en_Logo.png
Sprite_en,MAMA_03,YYDS-EN-Fanslation/Sprite_en_MAMA_03.png
Sprite_en,YUNYUN_002_Main_000_010_1,YYDS-EN-Fanslation/YUNYUN_002_Main_000_010_1_EN.png